evento,tipo,modelo,init,init_aprox,unidad,fin,plazo_h,pron,obs,error,pit
2026-09-25,determinista,ecmwf_ifs025,2026-09-21 12:00,False,austral,2026-09-26 00:00,108.0,0.9000000357627869,0.6,0.3000000357627869,
2026-09-25,determinista,ecmwf_ifs025,2026-09-21 12:00,False,chaihuin,2026-09-26 00:00,108.0,1.8000000715255737,0.0,1.8000000715255737,
2026-09-25,determinista,ecmwf_ifs025,2026-09-21 12:00,False,corral,2026-09-26 00:00,108.0,1.8000000715255737,0.0,1.8000000715255737,
2026-09-25,determinista,ecmwf_ifs025,2026-09-21 12:00,False,corral_essal,2026-09-26 00:00,108.0,1.8000000715255737,0.0,1.8000000715255737,
2026-09-25,determinista,ecmwf_ifs025,2026-09-21 12:00,False,curinanco,2026-09-26 00:00,108.0,0.9000000357627869,1.4,0.49999996423721305,
2026-09-25,determinista,ecmwf_ifs025,2026-09-21 12:00,False,islateja,2026-09-26 00:00,108.0,0.9000000357627869,1.6,0.6999999642372132,
2026-09-25,determinista,ecmwf_ifs025,2026-09-21 12:00,False,las_lomas,2026-09-26 00:00,108.0,0.30000001192092896,2.0,1.699999988079071,
2026-09-25,determinista,ecmwf_ifs025,2026-09-21 12:00,False,llancahue,2026-09-26 00:00,108.0,0.9000000357627869,1.2,0.2999999642372131,
2026-09-25,determinista,ecmwf_ifs025,2026-09-21 12:00,False,pichoy,2026-09-26 00:00,108.0,0.30000001192092896,6.4,6.099999988079071,
2026-09-25,determinista,ecmwf_ifs025,2026-09-21 12:00,False,zona_costa,2026-09-26 00:00,108.0,1.5750000476837158,0.35,1.2250000476837157,
2026-09-25,determinista,ecmwf_ifs025,2026-09-21 12:00,False,zona_ciudad,2026-09-26 00:00,108.0,0.9000000357627869,1.1333333333333333,0.23333329757054644,
2026-09-25,determinista,ecmwf_ifs025,2026-09-21 12:00,False,zona_interior,2026-09-26 00:00,108.0,0.30000001192092896,4.2,3.8999999880790712,
2026-09-25,determinista,ecmwf_ifs025,2026-09-21 12:00,False,austral,2026-09-26 06:00,114.0,0.30000001192092896,3.3,2.999999988079071,
2026-09-25,determinista,ecmwf_ifs025,2026-09-21 12:00,False,chaihuin,2026-09-26 06:00,114.0,1.7999999523162842,0.0,1.7999999523162842,
2026-09-25,determinista,ecmwf_ifs025,2026-09-21 12:00,False,corral,2026-09-26 06:00,114.0,1.7999999523162842,0.0,1.7999999523162842,
2026-09-25,determinista,ecmwf_ifs025,2026-09-21 12:00,False,corral_essal,2026-09-26 06:00,114.0,1.7999999523162842,2.9000000000000004,1.1000000476837162,
2026-09-25,determinista,ecmwf_ifs025,2026-09-21 12:00,False,curinanco,2026-09-26 06:00,114.0,0.30000001192092896,1.3,0.9999999880790711,
2026-09-25,determinista,ecmwf_ifs025,2026-09-21 12:00,False,islateja,2026-09-26 06:00,114.0,0.30000001192092896,2.4000000000000004,2.0999999880790714,
2026-09-25,determinista,ecmwf_ifs025,2026-09-21 12:00,False,las_lomas,2026-09-26 06:00,114.0,0.0,0.6,0.6,
2026-09-25,determinista,ecmwf_ifs025,2026-09-21 12:00,False,llancahue,2026-09-26 06:00,114.0,0.30000001192092896,2.0,1.699999988079071,
2026-09-25,determinista,ecmwf_ifs025,2026-09-21 12:00,False,pichoy,2026-09-26 06:00,114.0,0.0,1.5999999999999999,1.5999999999999999,
2026-09-25,determinista,ecmwf_ifs025,2026-09-21 12:00,False,zona_costa,2026-09-26 06:00,114.0,1.4249999523162842,1.05,0.37499995231628414,
2026-09-25,determinista,ecmwf_ifs025,2026-09-21 12:00,False,zona_ciudad,2026-09-26 06:00,114.0,0.30000001192092896,2.566666666666667,2.266666654745738,
2026-09-25,determinista,ecmwf_ifs025,2026-09-21 12:00,False,zona_interior,2026-09-26 06:00,114.0,0.0,1.0999999999999999,1.0999999999999999,
2026-09-25,determinista,ecmwf_ifs025,2026-09-21 12:00,False,austral,2026-09-26 12:00,120.0,1.5,2.2,0.7000000000000002,
2026-09-25,determinista,ecmwf_ifs025,2026-09-21 12:00,False,chaihuin,2026-09-26 12:00,120.0,5.699999809265137,4.3,1.399999809265137,
2026-09-25,determinista,ecmwf_ifs025,2026-09-21 12:00,False,corral,2026-09-26 12:00,120.0,5.699999809265137,8.600000000000001,2.9000001907348647,
2026-09-25,determinista,ecmwf_ifs025,2026-09-21 12:00,False,corral_essal,2026-09-26 12:00,120.0,5.699999809265137,30.5,24.800000190734863,
2026-09-25,determinista,ecmwf_ifs025,2026-09-21 12:00,False,curinanco,2026-09-26 12:00,120.0,1.5,2.8,1.2999999999999998,
2026-09-25,determinista,ecmwf_ifs025,2026-09-21 12:00,False,islateja,2026-09-26 12:00,120.0,1.5,2.6,1.1,
2026-09-25,determinista,ecmwf_ifs025,2026-09-21 12:00,False,las_lomas,2026-09-26 12:00,120.0,0.8999999761581421,0.4,0.49999997615814207,
2026-09-25,determinista,ecmwf_ifs025,2026-09-21 12:00,False,llancahue,2026-09-26 12:00,120.0,1.5,2.5,1.0,
2026-09-25,determinista,ecmwf_ifs025,2026-09-21 12:00,False,pichoy,2026-09-26 12:00,120.0,0.8999999761581421,0.8,0.09999997615814205,
2026-09-25,determinista,ecmwf_ifs025,2026-09-21 12:00,False,zona_costa,2026-09-26 12:00,120.0,4.649999618530273,11.55,6.900000381469727,
2026-09-25,determinista,ecmwf_ifs025,2026-09-21 12:00,False,zona_ciudad,2026-09-26 12:00,120.0,1.5,2.433333333333333,0.9333333333333331,
2026-09-25,determinista,ecmwf_ifs025,2026-09-21 12:00,False,zona_interior,2026-09-26 12:00,120.0,0.8999999761581421,0.6000000000000001,0.299999976158142,
2026-09-25,determinista,ecmwf_ifs025,2026-09-21 12:00,False,austral,2026-09-26 18:00,126.0,1.7999999523162842,6.9,5.100000047683716,
2026-09-25,determinista,ecmwf_ifs025,2026-09-21 12:00,False,chaihuin,2026-09-26 18:00,126.0,3.6000001430511475,25.3,21.699999856948853,
2026-09-25,determinista,ecmwf_ifs025,2026-09-21 12:00,False,corral,2026-09-26 18:00,126.0,3.6000001430511475,31.200000000000003,27.599999856948855,
2026-09-25,determinista,ecmwf_ifs025,2026-09-21 12:00,False,corral_essal,2026-09-26 18:00,126.0,3.6000001430511475,16.6,12.999999856948854,
2026-09-25,determinista,ecmwf_ifs025,2026-09-21 12:00,False,curinanco,2026-09-26 18:00,126.0,1.7999999523162842,13.100000000000001,11.300000047683717,
2026-09-25,determinista,ecmwf_ifs025,2026-09-21 12:00,False,islateja,2026-09-26 18:00,126.0,1.7999999523162842,10.5,8.700000047683716,
2026-09-25,determinista,ecmwf_ifs025,2026-09-21 12:00,False,las_lomas,2026-09-26 18:00,126.0,4.199999809265137,1.2000000000000002,2.9999998092651365,
2026-09-25,determinista,ecmwf_ifs025,2026-09-21 12:00,False,llancahue,2026-09-26 18:00,126.0,1.7999999523162842,13.899999999999999,12.100000047683714,
2026-09-25,determinista,ecmwf_ifs025,2026-09-21 12:00,False,pichoy,2026-09-26 18:00,126.0,4.199999809265137,0.8,3.399999809265137,
2026-09-25,determinista,ecmwf_ifs025,2026-09-21 12:00,False,zona_costa,2026-09-26 18:00,126.0,3.1500000953674316,21.550000000000004,18.399999904632573,
2026-09-25,determinista,ecmwf_ifs025,2026-09-21 12:00,False,zona_ciudad,2026-09-26 18:00,126.0,1.7999998331069946,10.433333333333332,8.633333500226337,
2026-09-25,determinista,ecmwf_ifs025,2026-09-21 12:00,False,zona_interior,2026-09-26 18:00,126.0,4.199999809265137,1.0,3.1999998092651367,
2026-09-25,determinista,ecmwf_ifs025,2026-09-21 12:00,False,austral,2026-09-27 00:00,132.0,0.9000000357627869,9.7,8.799999964237212,
2026-09-25,determinista,ecmwf_ifs025,2026-09-21 12:00,False,chaihuin,2026-09-27 00:00,132.0,2.1000001430511475,21.3,19.199999856948853,
2026-09-25,determinista,ecmwf_ifs025,2026-09-21 12:00,False,corral,2026-09-27 00:00,132.0,2.1000001430511475,19.7,17.599999856948852,
2026-09-25,determinista,ecmwf_ifs025,2026-09-21 12:00,False,corral_essal,2026-09-27 00:00,132.0,2.1000001430511475,6.2,4.099999856948853,
2026-09-25,determinista,ecmwf_ifs025,2026-09-21 12:00,False,curinanco,2026-09-27 00:00,132.0,0.9000000357627869,14.7,13.799999964237212,
2026-09-25,determinista,ecmwf_ifs025,2026-09-21 12:00,False,islateja,2026-09-27 00:00,132.0,0.9000000357627869,7.699999999999999,6.799999964237212,
2026-09-25,determinista,ecmwf_ifs025,2026-09-21 12:00,False,las_lomas,2026-09-27 00:00,132.0,0.30000001192092896,0.9,0.5999999880790711,
2026-09-25,determinista,ecmwf_ifs025,2026-09-21 12:00,False,llancahue,2026-09-27 00:00,132.0,0.9000000357627869,13.1,12.199999964237213,
2026-09-25,determinista,ecmwf_ifs025,2026-09-21 12:00,False,pichoy,2026-09-27 00:00,132.0,0.30000001192092896,0.4,0.09999998807907107,
2026-09-25,determinista,ecmwf_ifs025,2026-09-21 12:00,False,zona_costa,2026-09-27 00:00,132.0,1.8000001907348633,15.475000000000001,13.674999809265138,
2026-09-25,determinista,ecmwf_ifs025,2026-09-21 12:00,False,zona_ciudad,2026-09-27 00:00,132.0,0.9000000357627869,10.166666666666666,9.26666663090388,
2026-09-25,determinista,ecmwf_ifs025,2026-09-21 12:00,False,zona_interior,2026-09-27 00:00,132.0,0.30000001192092896,0.65,0.34999998807907107,
2026-09-25,determinista,ecmwf_ifs025,2026-09-22 00:00,False,austral,2026-09-26 00:00,96.0,4.200000286102295,0.6,3.600000286102295,
2026-09-25,determinista,ecmwf_ifs025,2026-09-22 00:00,False,chaihuin,2026-09-26 00:00,96.0,3.3000001907348633,0.0,3.3000001907348633,
2026-09-25,determinista,ecmwf_ifs025,2026-09-22 00:00,False,corral,2026-09-26 00:00,96.0,3.3000001907348633,0.0,3.3000001907348633,
2026-09-25,determinista,ecmwf_ifs025,2026-09-22 00:00,False,corral_essal,2026-09-26 00:00,96.0,3.3000001907348633,0.0,3.3000001907348633,
2026-09-25,determinista,ecmwf_ifs025,2026-09-22 00:00,False,curinanco,2026-09-26 00:00,96.0,4.200000286102295,1.4,2.800000286102295,
2026-09-25,determinista,ecmwf_ifs025,2026-09-22 00:00,False,islateja,2026-09-26 00:00,96.0,4.200000286102295,1.6,2.600000286102295,
2026-09-25,determinista,ecmwf_ifs025,2026-09-22 00:00,False,las_lomas,2026-09-26 00:00,96.0,1.5,2.0,0.5,
2026-09-25,determinista,ecmwf_ifs025,2026-09-22 00:00,False,llancahue,2026-09-26 00:00,96.0,4.200000286102295,1.2,3.0000002861022947,
2026-09-25,determinista,ecmwf_ifs025,2026-09-22 00:00,False,pichoy,2026-09-26 00:00,96.0,1.5,6.4,4.9,
2026-09-25,determinista,ecmwf_ifs025,2026-09-22 00:00,False,zona_costa,2026-09-26 00:00,96.0,3.5250003337860107,0.35,3.1750003337860107,
2026-09-25,determinista,ecmwf_ifs025,2026-09-22 00:00,False,zona_ciudad,2026-09-26 00:00,96.0,4.200000286102295,1.1333333333333333,3.0666669527689616,
2026-09-25,determinista,ecmwf_ifs025,2026-09-22 00:00,False,zona_interior,2026-09-26 00:00,96.0,1.5,4.2,2.7,
2026-09-25,determinista,ecmwf_ifs025,2026-09-22 00:00,False,austral,2026-09-26 06:00,102.0,1.2000000476837158,3.3,2.099999952316284,
2026-09-25,determinista,ecmwf_ifs025,2026-09-22 00:00,False,chaihuin,2026-09-26 06:00,102.0,4.799999713897705,0.0,4.799999713897705,
2026-09-25,determinista,ecmwf_ifs025,2026-09-22 00:00,False,corral,2026-09-26 06:00,102.0,4.799999713897705,0.0,4.799999713897705,
2026-09-25,determinista,ecmwf_ifs025,2026-09-22 00:00,False,corral_essal,2026-09-26 06:00,102.0,4.799999713897705,2.9000000000000004,1.8999997138977047,
2026-09-25,determinista,ecmwf_ifs025,2026-09-22 00:00,False,curinanco,2026-09-26 06:00,102.0,1.2000000476837158,1.3,0.09999995231628422,
2026-09-25,determinista,ecmwf_ifs025,2026-09-22 00:00,False,islateja,2026-09-26 06:00,102.0,1.2000000476837158,2.4000000000000004,1.1999999523162845,
2026-09-25,determinista,ecmwf_ifs025,2026-09-22 00:00,False,las_lomas,2026-09-26 06:00,102.0,0.6000000238418579,0.6,2.384185793236071e-08,
2026-09-25,determinista,ecmwf_ifs025,2026-09-22 00:00,False,llancahue,2026-09-26 06:00,102.0,1.2000000476837158,2.0,0.7999999523162842,
2026-09-25,determinista,ecmwf_ifs025,2026-09-22 00:00,False,pichoy,2026-09-26 06:00,102.0,0.6000000238418579,1.5999999999999999,0.999999976158142,
2026-09-25,determinista,ecmwf_ifs025,2026-09-22 00:00,False,zona_costa,2026-09-26 06:00,102.0,3.8999996185302734,1.05,2.8499996185302736,
2026-09-25,determinista,ecmwf_ifs025,2026-09-22 00:00,False,zona_ciudad,2026-09-26 06:00,102.0,1.2000000476837158,2.566666666666667,1.366666618982951,
2026-09-25,determinista,ecmwf_ifs025,2026-09-22 00:00,False,zona_interior,2026-09-26 06:00,102.0,0.6000000238418579,1.0999999999999999,0.49999997615814196,
2026-09-25,determinista,ecmwf_ifs025,2026-09-22 00:00,False,austral,2026-09-26 12:00,108.0,1.2000000476837158,2.2,0.9999999523162844,
2026-09-25,determinista,ecmwf_ifs025,2026-09-22 00:00,False,chaihuin,2026-09-26 12:00,108.0,5.099999904632568,4.3,0.7999999046325685,
2026-09-25,determinista,ecmwf_ifs025,2026-09-22 00:00,False,corral,2026-09-26 12:00,108.0,5.099999904632568,8.600000000000001,3.500000095367433,
2026-09-25,determinista,ecmwf_ifs025,2026-09-22 00:00,False,corral_essal,2026-09-26 12:00,108.0,5.099999904632568,30.5,25.40000009536743,
2026-09-25,determinista,ecmwf_ifs025,2026-09-22 00:00,False,curinanco,2026-09-26 12:00,108.0,1.2000000476837158,2.8,1.599999952316284,
2026-09-25,determinista,ecmwf_ifs025,2026-09-22 00:00,False,islateja,2026-09-26 12:00,108.0,1.2000000476837158,2.6,1.3999999523162843,
2026-09-25,determinista,ecmwf_ifs025,2026-09-22 00:00,False,las_lomas,2026-09-26 12:00,108.0,0.9000000357627869,0.4,0.5000000357627868,
2026-09-25,determinista,ecmwf_ifs025,2026-09-22 00:00,False,llancahue,2026-09-26 12:00,108.0,1.2000000476837158,2.5,1.2999999523162842,
2026-09-25,determinista,ecmwf_ifs025,2026-09-22 00:00,False,pichoy,2026-09-26 12:00,108.0,0.9000000357627869,0.8,0.10000003576278682,
2026-09-25,determinista,ecmwf_ifs025,2026-09-22 00:00,False,zona_costa,2026-09-26 12:00,108.0,4.125,11.55,7.425000000000001,
2026-09-25,determinista,ecmwf_ifs025,2026-09-22 00:00,False,zona_ciudad,2026-09-26 12:00,108.0,1.2000000476837158,2.433333333333333,1.2333332856496173,
2026-09-25,determinista,ecmwf_ifs025,2026-09-22 00:00,False,zona_interior,2026-09-26 12:00,108.0,0.9000000357627869,0.6000000000000001,0.3000000357627868,
2026-09-25,determinista,ecmwf_ifs025,2026-09-22 00:00,False,austral,2026-09-26 18:00,114.0,1.5,6.9,5.4,
2026-09-25,determinista,ecmwf_ifs025,2026-09-22 00:00,False,chaihuin,2026-09-26 18:00,114.0,4.799999713897705,25.3,20.500000286102296,
2026-09-25,determinista,ecmwf_ifs025,2026-09-22 00:00,False,corral,2026-09-26 18:00,114.0,4.799999713897705,31.200000000000003,26.400000286102298,
2026-09-25,determinista,ecmwf_ifs025,2026-09-22 00:00,False,corral_essal,2026-09-26 18:00,114.0,4.799999713897705,16.6,11.800000286102296,
2026-09-25,determinista,ecmwf_ifs025,2026-09-22 00:00,False,curinanco,2026-09-26 18:00,114.0,1.5,13.100000000000001,11.600000000000001,
2026-09-25,determinista,ecmwf_ifs025,2026-09-22 00:00,False,islateja,2026-09-26 18:00,114.0,1.5,10.5,9.0,
2026-09-25,determinista,ecmwf_ifs025,2026-09-22 00:00,False,las_lomas,2026-09-26 18:00,114.0,2.700000047683716,1.2000000000000002,1.5000000476837156,
2026-09-25,determinista,ecmwf_ifs025,2026-09-22 00:00,False,llancahue,2026-09-26 18:00,114.0,1.5,13.899999999999999,12.399999999999999,
2026-09-25,determinista,ecmwf_ifs025,2026-09-22 00:00,False,pichoy,2026-09-26 18:00,114.0,2.700000047683716,0.8,1.9000000476837158,
2026-09-25,determinista,ecmwf_ifs025,2026-09-22 00:00,False,zona_costa,2026-09-26 18:00,114.0,3.9749999046325684,21.550000000000004,17.575000095367436,
2026-09-25,determinista,ecmwf_ifs025,2026-09-22 00:00,False,zona_ciudad,2026-09-26 18:00,114.0,1.5,10.433333333333332,8.933333333333332,
2026-09-25,determinista,ecmwf_ifs025,2026-09-22 00:00,False,zona_interior,2026-09-26 18:00,114.0,2.700000047683716,1.0,1.7000000476837158,
2026-09-25,determinista,ecmwf_ifs025,2026-09-22 00:00,False,austral,2026-09-27 00:00,120.0,3.0,9.7,6.699999999999999,
2026-09-25,determinista,ecmwf_ifs025,2026-09-22 00:00,False,chaihuin,2026-09-27 00:00,120.0,6.900000095367432,21.3,14.399999904632569,
2026-09-25,determinista,ecmwf_ifs025,2026-09-22 00:00,False,corral,2026-09-27 00:00,120.0,6.900000095367432,19.7,12.799999904632568,
2026-09-25,determinista,ecmwf_ifs025,2026-09-22 00:00,False,corral_essal,2026-09-27 00:00,120.0,6.900000095367432,6.2,0.7000000953674315,
2026-09-25,determinista,ecmwf_ifs025,2026-09-22 00:00,False,curinanco,2026-09-27 00:00,120.0,3.0,14.7,11.7,
2026-09-25,determinista,ecmwf_ifs025,2026-09-22 00:00,False,islateja,2026-09-27 00:00,120.0,3.0,7.699999999999999,4.699999999999999,
2026-09-25,determinista,ecmwf_ifs025,2026-09-22 00:00,False,las_lomas,2026-09-27 00:00,120.0,0.8999999761581421,0.9,2.384185793236071e-08,
2026-09-25,determinista,ecmwf_ifs025,2026-09-22 00:00,False,llancahue,2026-09-27 00:00,120.0,3.0,13.1,10.1,
2026-09-25,determinista,ecmwf_ifs025,2026-09-22 00:00,False,pichoy,2026-09-27 00:00,120.0,0.8999999761581421,0.4,0.49999997615814207,
2026-09-25,determinista,ecmwf_ifs025,2026-09-22 00:00,False,zona_costa,2026-09-27 00:00,120.0,5.924999713897705,15.475000000000001,9.550000286102296,
2026-09-25,determinista,ecmwf_ifs025,2026-09-22 00:00,False,zona_ciudad,2026-09-27 00:00,120.0,3.0,10.166666666666666,7.166666666666666,
2026-09-25,determinista,ecmwf_ifs025,2026-09-22 00:00,False,zona_interior,2026-09-27 00:00,120.0,0.8999999761581421,0.65,0.24999997615814207,
2026-09-25,determinista,ecmwf_ifs025,2026-09-22 12:00,False,austral,2026-09-26 00:00,84.0,3.0,0.6,2.4,
2026-09-25,determinista,ecmwf_ifs025,2026-09-22 12:00,False,chaihuin,2026-09-26 00:00,84.0,1.8000000715255737,0.0,1.8000000715255737,
2026-09-25,determinista,ecmwf_ifs025,2026-09-22 12:00,False,corral,2026-09-26 00:00,84.0,1.8000000715255737,0.0,1.8000000715255737,
2026-09-25,determinista,ecmwf_ifs025,2026-09-22 12:00,False,corral_essal,2026-09-26 00:00,84.0,1.8000000715255737,0.0,1.8000000715255737,
2026-09-25,determinista,ecmwf_ifs025,2026-09-22 12:00,False,curinanco,2026-09-26 00:00,84.0,3.0,1.4,1.6,
2026-09-25,determinista,ecmwf_ifs025,2026-09-22 12:00,False,islateja,2026-09-26 00:00,84.0,3.0,1.6,1.4,
2026-09-25,determinista,ecmwf_ifs025,2026-09-22 12:00,False,las_lomas,2026-09-26 00:00,84.0,6.299999713897705,2.0,4.299999713897705,
2026-09-25,determinista,ecmwf_ifs025,2026-09-22 12:00,False,llancahue,2026-09-26 00:00,84.0,3.0,1.2,1.8,
2026-09-25,determinista,ecmwf_ifs025,2026-09-22 12:00,False,pichoy,2026-09-26 00:00,84.0,6.299999713897705,6.4,0.10000028610229528,
2026-09-25,determinista,ecmwf_ifs025,2026-09-22 12:00,False,zona_costa,2026-09-26 00:00,84.0,2.1000001430511475,0.35,1.7500001430511474,
2026-09-25,determinista,ecmwf_ifs025,2026-09-22 12:00,False,zona_ciudad,2026-09-26 00:00,84.0,3.0,1.1333333333333333,1.8666666666666667,
2026-09-25,determinista,ecmwf_ifs025,2026-09-22 12:00,False,zona_interior,2026-09-26 00:00,84.0,6.299999713897705,4.2,2.099999713897705,
2026-09-25,determinista,ecmwf_ifs025,2026-09-22 12:00,False,austral,2026-09-26 06:00,90.0,3.299999952316284,3.3,4.7683715642676816e-08,
2026-09-25,determinista,ecmwf_ifs025,2026-09-22 12:00,False,chaihuin,2026-09-26 06:00,90.0,11.100000381469727,0.0,11.100000381469727,
2026-09-25,determinista,ecmwf_ifs025,2026-09-22 12:00,False,corral,2026-09-26 06:00,90.0,11.100000381469727,0.0,11.100000381469727,
2026-09-25,determinista,ecmwf_ifs025,2026-09-22 12:00,False,corral_essal,2026-09-26 06:00,90.0,11.100000381469727,2.9000000000000004,8.200000381469726,
2026-09-25,determinista,ecmwf_ifs025,2026-09-22 12:00,False,curinanco,2026-09-26 06:00,90.0,3.299999952316284,1.3,1.9999999523162841,
2026-09-25,determinista,ecmwf_ifs025,2026-09-22 12:00,False,islateja,2026-09-26 06:00,90.0,3.299999952316284,2.4000000000000004,0.8999999523162838,
2026-09-25,determinista,ecmwf_ifs025,2026-09-22 12:00,False,las_lomas,2026-09-26 06:00,90.0,1.5,0.6,0.9,
2026-09-25,determinista,ecmwf_ifs025,2026-09-22 12:00,False,llancahue,2026-09-26 06:00,90.0,3.299999952316284,2.0,1.2999999523162842,
2026-09-25,determinista,ecmwf_ifs025,2026-09-22 12:00,False,pichoy,2026-09-26 06:00,90.0,1.5,1.5999999999999999,0.09999999999999987,
2026-09-25,determinista,ecmwf_ifs025,2026-09-22 12:00,False,zona_costa,2026-09-26 06:00,90.0,9.149999618530273,1.05,8.099999618530273,
2026-09-25,determinista,ecmwf_ifs025,2026-09-22 12:00,False,zona_ciudad,2026-09-26 06:00,90.0,3.299999952316284,2.566666666666667,0.7333332856496173,
2026-09-25,determinista,ecmwf_ifs025,2026-09-22 12:00,False,zona_interior,2026-09-26 06:00,90.0,1.5,1.0999999999999999,0.40000000000000013,
2026-09-25,determinista,ecmwf_ifs025,2026-09-22 12:00,False,austral,2026-09-26 12:00,96.0,3.0,2.2,0.7999999999999998,
2026-09-25,determinista,ecmwf_ifs025,2026-09-22 12:00,False,chaihuin,2026-09-26 12:00,96.0,4.199999809265137,4.3,0.1000001907348631,
2026-09-25,determinista,ecmwf_ifs025,2026-09-22 12:00,False,corral,2026-09-26 12:00,96.0,4.199999809265137,8.600000000000001,4.400000190734865,
2026-09-25,determinista,ecmwf_ifs025,2026-09-22 12:00,False,corral_essal,2026-09-26 12:00,96.0,4.199999809265137,30.5,26.300000190734863,
2026-09-25,determinista,ecmwf_ifs025,2026-09-22 12:00,False,curinanco,2026-09-26 12:00,96.0,3.0,2.8,0.20000000000000018,
2026-09-25,determinista,ecmwf_ifs025,2026-09-22 12:00,False,islateja,2026-09-26 12:00,96.0,3.0,2.6,0.3999999999999999,
2026-09-25,determinista,ecmwf_ifs025,2026-09-22 12:00,False,las_lomas,2026-09-26 12:00,96.0,0.30000001192092896,0.4,0.09999998807907107,
2026-09-25,determinista,ecmwf_ifs025,2026-09-22 12:00,False,llancahue,2026-09-26 12:00,96.0,3.0,2.5,0.5,
2026-09-25,determinista,ecmwf_ifs025,2026-09-22 12:00,False,pichoy,2026-09-26 12:00,96.0,0.30000001192092896,0.8,0.4999999880790711,
2026-09-25,determinista,ecmwf_ifs025,2026-09-22 12:00,False,zona_costa,2026-09-26 12:00,96.0,3.8999998569488525,11.55,7.650000143051148,
2026-09-25,determinista,ecmwf_ifs025,2026-09-22 12:00,False,zona_ciudad,2026-09-26 12:00,96.0,3.0,2.433333333333333,0.5666666666666669,
2026-09-25,determinista,ecmwf_ifs025,2026-09-22 12:00,False,zona_interior,2026-09-26 12:00,96.0,0.30000001192092896,0.6000000000000001,0.29999998807907113,
2026-09-25,determinista,ecmwf_ifs025,2026-09-22 12:00,False,austral,2026-09-26 18:00,102.0,7.5,6.9,0.5999999999999996,
2026-09-25,determinista,ecmwf_ifs025,2026-09-22 12:00,False,chaihuin,2026-09-26 18:00,102.0,12.300000190734863,25.3,12.999999809265137,
2026-09-25,determinista,ecmwf_ifs025,2026-09-22 12:00,False,corral,2026-09-26 18:00,102.0,12.300000190734863,31.200000000000003,18.89999980926514,
2026-09-25,determinista,ecmwf_ifs025,2026-09-22 12:00,False,corral_essal,2026-09-26 18:00,102.0,12.300000190734863,16.6,4.299999809265138,
2026-09-25,determinista,ecmwf_ifs025,2026-09-22 12:00,False,curinanco,2026-09-26 18:00,102.0,7.5,13.100000000000001,5.600000000000001,
2026-09-25,determinista,ecmwf_ifs025,2026-09-22 12:00,False,islateja,2026-09-26 18:00,102.0,7.5,10.5,3.0,
2026-09-25,determinista,ecmwf_ifs025,2026-09-22 12:00,False,las_lomas,2026-09-26 18:00,102.0,11.399999618530273,1.2000000000000002,10.199999618530274,
2026-09-25,determinista,ecmwf_ifs025,2026-09-22 12:00,False,llancahue,2026-09-26 18:00,102.0,7.5,13.899999999999999,6.399999999999999,
2026-09-25,determinista,ecmwf_ifs025,2026-09-22 12:00,False,pichoy,2026-09-26 18:00,102.0,11.399999618530273,0.8,10.599999618530273,
2026-09-25,determinista,ecmwf_ifs025,2026-09-22 12:00,False,zona_costa,2026-09-26 18:00,102.0,11.09999942779541,21.550000000000004,10.450000572204594,
2026-09-25,determinista,ecmwf_ifs025,2026-09-22 12:00,False,zona_ciudad,2026-09-26 18:00,102.0,7.5,10.433333333333332,2.933333333333332,
2026-09-25,determinista,ecmwf_ifs025,2026-09-22 12:00,False,zona_interior,2026-09-26 18:00,102.0,11.399999618530273,1.0,10.399999618530273,
2026-09-25,determinista,ecmwf_ifs025,2026-09-22 12:00,False,austral,2026-09-27 00:00,108.0,6.899999618530273,9.7,2.800000381469726,
2026-09-25,determinista,ecmwf_ifs025,2026-09-22 12:00,False,chaihuin,2026-09-27 00:00,108.0,12.300000190734863,21.3,8.999999809265137,
2026-09-25,determinista,ecmwf_ifs025,2026-09-22 12:00,False,corral,2026-09-27 00:00,108.0,12.300000190734863,19.7,7.399999809265136,
2026-09-25,determinista,ecmwf_ifs025,2026-09-22 12:00,False,corral_essal,2026-09-27 00:00,108.0,12.300000190734863,6.2,6.100000190734863,
2026-09-25,determinista,ecmwf_ifs025,2026-09-22 12:00,False,curinanco,2026-09-27 00:00,108.0,6.899999618530273,14.7,7.800000381469726,
2026-09-25,determinista,ecmwf_ifs025,2026-09-22 12:00,False,islateja,2026-09-27 00:00,108.0,6.899999618530273,7.699999999999999,0.8000003814697259,
2026-09-25,determinista,ecmwf_ifs025,2026-09-22 12:00,False,las_lomas,2026-09-27 00:00,108.0,6.599999904632568,0.9,5.699999904632568,
2026-09-25,determinista,ecmwf_ifs025,2026-09-22 12:00,False,llancahue,2026-09-27 00:00,108.0,6.899999618530273,13.1,6.200000381469726,
2026-09-25,determinista,ecmwf_ifs025,2026-09-22 12:00,False,pichoy,2026-09-27 00:00,108.0,6.599999904632568,0.4,6.199999904632568,
2026-09-25,determinista,ecmwf_ifs025,2026-09-22 12:00,False,zona_costa,2026-09-27 00:00,108.0,10.949999809265137,15.475000000000001,4.525000190734865,
2026-09-25,determinista,ecmwf_ifs025,2026-09-22 12:00,False,zona_ciudad,2026-09-27 00:00,108.0,6.899999618530273,10.166666666666666,3.2666670481363926,
2026-09-25,determinista,ecmwf_ifs025,2026-09-22 12:00,False,zona_interior,2026-09-27 00:00,108.0,6.599999904632568,0.65,5.949999904632568,
2026-09-25,determinista,ecmwf_ifs025,2026-09-23 00:00,False,austral,2026-09-26 00:00,72.0,2.3999998569488525,0.6,1.7999998569488525,
2026-09-25,determinista,ecmwf_ifs025,2026-09-23 00:00,False,chaihuin,2026-09-26 00:00,72.0,1.8000000715255737,0.0,1.8000000715255737,
2026-09-25,determinista,ecmwf_ifs025,2026-09-23 00:00,False,corral,2026-09-26 00:00,72.0,1.8000000715255737,0.0,1.8000000715255737,
2026-09-25,determinista,ecmwf_ifs025,2026-09-23 00:00,False,corral_essal,2026-09-26 00:00,72.0,1.8000000715255737,0.0,1.8000000715255737,
2026-09-25,determinista,ecmwf_ifs025,2026-09-23 00:00,False,curinanco,2026-09-26 00:00,72.0,2.3999998569488525,1.4,0.9999998569488526,
2026-09-25,determinista,ecmwf_ifs025,2026-09-23 00:00,False,islateja,2026-09-26 00:00,72.0,2.3999998569488525,1.6,0.7999998569488525,
2026-09-25,determinista,ecmwf_ifs025,2026-09-23 00:00,False,las_lomas,2026-09-26 00:00,72.0,0.6000000238418579,2.0,1.399999976158142,
2026-09-25,determinista,ecmwf_ifs025,2026-09-23 00:00,False,llancahue,2026-09-26 00:00,72.0,2.3999998569488525,1.2,1.1999998569488526,
2026-09-25,determinista,ecmwf_ifs025,2026-09-23 00:00,False,pichoy,2026-09-26 00:00,72.0,0.6000000238418579,6.4,5.7999999761581424,
2026-09-25,determinista,ecmwf_ifs025,2026-09-23 00:00,False,zona_costa,2026-09-26 00:00,72.0,1.9500000476837158,0.35,1.6000000476837157,
2026-09-25,determinista,ecmwf_ifs025,2026-09-23 00:00,False,zona_ciudad,2026-09-26 00:00,72.0,2.3999998569488525,1.1333333333333333,1.2666665236155192,
2026-09-25,determinista,ecmwf_ifs025,2026-09-23 00:00,False,zona_interior,2026-09-26 00:00,72.0,0.6000000238418579,4.2,3.5999999761581423,
2026-09-25,determinista,ecmwf_ifs025,2026-09-23 00:00,False,austral,2026-09-26 06:00,78.0,0.6000000238418579,3.3,2.699999976158142,
2026-09-25,determinista,ecmwf_ifs025,2026-09-23 00:00,False,chaihuin,2026-09-26 06:00,78.0,4.799999713897705,0.0,4.799999713897705,
2026-09-25,determinista,ecmwf_ifs025,2026-09-23 00:00,False,corral,2026-09-26 06:00,78.0,4.799999713897705,0.0,4.799999713897705,
2026-09-25,determinista,ecmwf_ifs025,2026-09-23 00:00,False,corral_essal,2026-09-26 06:00,78.0,4.799999713897705,2.9000000000000004,1.8999997138977047,
2026-09-25,determinista,ecmwf_ifs025,2026-09-23 00:00,False,curinanco,2026-09-26 06:00,78.0,0.6000000238418579,1.3,0.6999999761581421,
2026-09-25,determinista,ecmwf_ifs025,2026-09-23 00:00,False,islateja,2026-09-26 06:00,78.0,0.6000000238418579,2.4000000000000004,1.7999999761581424,
2026-09-25,determinista,ecmwf_ifs025,2026-09-23 00:00,False,las_lomas,2026-09-26 06:00,78.0,0.0,0.6,0.6,
2026-09-25,determinista,ecmwf_ifs025,2026-09-23 00:00,False,llancahue,2026-09-26 06:00,78.0,0.6000000238418579,2.0,1.399999976158142,
2026-09-25,determinista,ecmwf_ifs025,2026-09-23 00:00,False,pichoy,2026-09-26 06:00,78.0,0.0,1.5999999999999999,1.5999999999999999,
2026-09-25,determinista,ecmwf_ifs025,2026-09-23 00:00,False,zona_costa,2026-09-26 06:00,78.0,3.749999523162842,1.05,2.699999523162842,
2026-09-25,determinista,ecmwf_ifs025,2026-09-23 00:00,False,zona_ciudad,2026-09-26 06:00,78.0,0.6000000238418579,2.566666666666667,1.966666642824809,
2026-09-25,determinista,ecmwf_ifs025,2026-09-23 00:00,False,zona_interior,2026-09-26 06:00,78.0,0.0,1.0999999999999999,1.0999999999999999,
2026-09-25,determinista,ecmwf_ifs025,2026-09-23 00:00,False,austral,2026-09-26 12:00,84.0,0.0,2.2,2.2,
2026-09-25,determinista,ecmwf_ifs025,2026-09-23 00:00,False,chaihuin,2026-09-26 12:00,84.0,3.299999952316284,4.3,1.0000000476837156,
2026-09-25,determinista,ecmwf_ifs025,2026-09-23 00:00,False,corral,2026-09-26 12:00,84.0,3.299999952316284,8.600000000000001,5.300000047683717,
2026-09-25,determinista,ecmwf_ifs025,2026-09-23 00:00,False,corral_essal,2026-09-26 12:00,84.0,3.299999952316284,30.5,27.200000047683716,
2026-09-25,determinista,ecmwf_ifs025,2026-09-23 00:00,False,curinanco,2026-09-26 12:00,84.0,0.0,2.8,2.8,
2026-09-25,determinista,ecmwf_ifs025,2026-09-23 00:00,False,islateja,2026-09-26 12:00,84.0,0.0,2.6,2.6,
2026-09-25,determinista,ecmwf_ifs025,2026-09-23 00:00,False,las_lomas,2026-09-26 12:00,84.0,0.30000001192092896,0.4,0.09999998807907107,
2026-09-25,determinista,ecmwf_ifs025,2026-09-23 00:00,False,llancahue,2026-09-26 12:00,84.0,0.0,2.5,2.5,
2026-09-25,determinista,ecmwf_ifs025,2026-09-23 00:00,False,pichoy,2026-09-26 12:00,84.0,0.30000001192092896,0.8,0.4999999880790711,
2026-09-25,determinista,ecmwf_ifs025,2026-09-23 00:00,False,zona_costa,2026-09-26 12:00,84.0,2.4749999046325684,11.55,9.075000095367432,
2026-09-25,determinista,ecmwf_ifs025,2026-09-23 00:00,False,zona_ciudad,2026-09-26 12:00,84.0,0.0,2.433333333333333,2.433333333333333,
2026-09-25,determinista,ecmwf_ifs025,2026-09-23 00:00,False,zona_interior,2026-09-26 12:00,84.0,0.30000001192092896,0.6000000000000001,0.29999998807907113,
2026-09-25,determinista,ecmwf_ifs025,2026-09-23 00:00,False,austral,2026-09-26 18:00,90.0,0.6000000238418579,6.9,6.2999999761581424,
2026-09-25,determinista,ecmwf_ifs025,2026-09-23 00:00,False,chaihuin,2026-09-26 18:00,90.0,3.9000000953674316,25.3,21.39999990463257,
2026-09-25,determinista,ecmwf_ifs025,2026-09-23 00:00,False,corral,2026-09-26 18:00,90.0,3.9000000953674316,31.200000000000003,27.29999990463257,
2026-09-25,determinista,ecmwf_ifs025,2026-09-23 00:00,False,corral_essal,2026-09-26 18:00,90.0,3.9000000953674316,16.6,12.69999990463257,
2026-09-25,determinista,ecmwf_ifs025,2026-09-23 00:00,False,curinanco,2026-09-26 18:00,90.0,0.6000000238418579,13.100000000000001,12.499999976158144,
2026-09-25,determinista,ecmwf_ifs025,2026-09-23 00:00,False,islateja,2026-09-26 18:00,90.0,0.6000000238418579,10.5,9.899999976158142,
2026-09-25,determinista,ecmwf_ifs025,2026-09-23 00:00,False,las_lomas,2026-09-26 18:00,90.0,0.9000000357627869,1.2000000000000002,0.2999999642372133,
2026-09-25,determinista,ecmwf_ifs025,2026-09-23 00:00,False,llancahue,2026-09-26 18:00,90.0,0.6000000238418579,13.899999999999999,13.29999997615814,
2026-09-25,determinista,ecmwf_ifs025,2026-09-23 00:00,False,pichoy,2026-09-26 18:00,90.0,0.9000000357627869,0.8,0.10000003576278682,
2026-09-25,determinista,ecmwf_ifs025,2026-09-23 00:00,False,zona_costa,2026-09-26 18:00,90.0,3.0749998092651367,21.550000000000004,18.475000190734868,
2026-09-25,determinista,ecmwf_ifs025,2026-09-23 00:00,False,zona_ciudad,2026-09-26 18:00,90.0,0.6000000238418579,10.433333333333332,9.833333309491474,
2026-09-25,determinista,ecmwf_ifs025,2026-09-23 00:00,False,zona_interior,2026-09-26 18:00,90.0,0.9000000357627869,1.0,0.09999996423721313,
2026-09-25,determinista,ecmwf_ifs025,2026-09-23 00:00,False,austral,2026-09-27 00:00,96.0,5.099999904632568,9.7,4.600000095367431,
2026-09-25,determinista,ecmwf_ifs025,2026-09-23 00:00,False,chaihuin,2026-09-27 00:00,96.0,21.600000381469727,21.3,0.30000038146972585,
2026-09-25,determinista,ecmwf_ifs025,2026-09-23 00:00,False,corral,2026-09-27 00:00,96.0,21.600000381469727,19.7,1.9000003814697273,
2026-09-25,determinista,ecmwf_ifs025,2026-09-23 00:00,False,corral_essal,2026-09-27 00:00,96.0,21.600000381469727,6.2,15.400000381469727,
2026-09-25,determinista,ecmwf_ifs025,2026-09-23 00:00,False,curinanco,2026-09-27 00:00,96.0,5.099999904632568,14.7,9.600000095367431,
2026-09-25,determinista,ecmwf_ifs025,2026-09-23 00:00,False,islateja,2026-09-27 00:00,96.0,5.099999904632568,7.699999999999999,2.600000095367431,
2026-09-25,determinista,ecmwf_ifs025,2026-09-23 00:00,False,las_lomas,2026-09-27 00:00,96.0,15.0,0.9,14.1,
2026-09-25,determinista,ecmwf_ifs025,2026-09-23 00:00,False,llancahue,2026-09-27 00:00,96.0,5.099999904632568,13.1,8.000000095367431,
2026-09-25,determinista,ecmwf_ifs025,2026-09-23 00:00,False,pichoy,2026-09-27 00:00,96.0,15.0,0.4,14.6,
2026-09-25,determinista,ecmwf_ifs025,2026-09-23 00:00,False,zona_costa,2026-09-27 00:00,96.0,17.475000381469727,15.475000000000001,2.000000381469725,
2026-09-25,determinista,ecmwf_ifs025,2026-09-23 00:00,False,zona_ciudad,2026-09-27 00:00,96.0,5.099999904632568,10.166666666666666,5.066666762034098,
2026-09-25,determinista,ecmwf_ifs025,2026-09-23 00:00,False,zona_interior,2026-09-27 00:00,96.0,15.0,0.65,14.35,
2026-09-25,determinista,ecmwf_ifs025,2026-09-23 12:00,False,austral,2026-09-26 00:00,60.0,0.8999999761581421,0.6,0.2999999761581421,
2026-09-25,determinista,ecmwf_ifs025,2026-09-23 12:00,False,chaihuin,2026-09-26 00:00,60.0,8.09999942779541,0.0,8.09999942779541,
2026-09-25,determinista,ecmwf_ifs025,2026-09-23 12:00,False,corral,2026-09-26 00:00,60.0,8.09999942779541,0.0,8.09999942779541,
2026-09-25,determinista,ecmwf_ifs025,2026-09-23 12:00,False,corral_essal,2026-09-26 00:00,60.0,8.09999942779541,0.0,8.09999942779541,
2026-09-25,determinista,ecmwf_ifs025,2026-09-23 12:00,False,curinanco,2026-09-26 00:00,60.0,0.8999999761581421,1.4,0.5000000238418578,
2026-09-25,determinista,ecmwf_ifs025,2026-09-23 12:00,False,islateja,2026-09-26 00:00,60.0,0.8999999761581421,1.6,0.700000023841858,
2026-09-25,determinista,ecmwf_ifs025,2026-09-23 12:00,False,las_lomas,2026-09-26 00:00,60.0,0.30000001192092896,2.0,1.699999988079071,
2026-09-25,determinista,ecmwf_ifs025,2026-09-23 12:00,False,llancahue,2026-09-26 00:00,60.0,0.8999999761581421,1.2,0.30000002384185787,
2026-09-25,determinista,ecmwf_ifs025,2026-09-23 12:00,False,pichoy,2026-09-26 00:00,60.0,0.30000001192092896,6.4,6.099999988079071,
2026-09-25,determinista,ecmwf_ifs025,2026-09-23 12:00,False,zona_costa,2026-09-26 00:00,60.0,6.299999237060547,0.35,5.949999237060547,
2026-09-25,determinista,ecmwf_ifs025,2026-09-23 12:00,False,zona_ciudad,2026-09-26 00:00,60.0,0.8999999165534973,1.1333333333333333,0.233333416779836,
2026-09-25,determinista,ecmwf_ifs025,2026-09-23 12:00,False,zona_interior,2026-09-26 00:00,60.0,0.30000001192092896,4.2,3.8999999880790712,
2026-09-25,determinista,ecmwf_ifs025,2026-09-23 12:00,False,austral,2026-09-26 06:00,66.0,1.5,3.3,1.7999999999999998,
2026-09-25,determinista,ecmwf_ifs025,2026-09-23 12:00,False,chaihuin,2026-09-26 06:00,66.0,6.899999618530273,0.0,6.899999618530273,
2026-09-25,determinista,ecmwf_ifs025,2026-09-23 12:00,False,corral,2026-09-26 06:00,66.0,6.899999618530273,0.0,6.899999618530273,
2026-09-25,determinista,ecmwf_ifs025,2026-09-23 12:00,False,corral_essal,2026-09-26 06:00,66.0,6.899999618530273,2.9000000000000004,3.999999618530273,
2026-09-25,determinista,ecmwf_ifs025,2026-09-23 12:00,False,curinanco,2026-09-26 06:00,66.0,1.5,1.3,0.19999999999999996,
2026-09-25,determinista,ecmwf_ifs025,2026-09-23 12:00,False,islateja,2026-09-26 06:00,66.0,1.5,2.4000000000000004,0.9000000000000004,
2026-09-25,determinista,ecmwf_ifs025,2026-09-23 12:00,False,las_lomas,2026-09-26 06:00,66.0,0.30000001192092896,0.6,0.299999988079071,
2026-09-25,determinista,ecmwf_ifs025,2026-09-23 12:00,False,llancahue,2026-09-26 06:00,66.0,1.5,2.0,0.5,
2026-09-25,determinista,ecmwf_ifs025,2026-09-23 12:00,False,pichoy,2026-09-26 06:00,66.0,0.30000001192092896,1.5999999999999999,1.299999988079071,
2026-09-25,determinista,ecmwf_ifs025,2026-09-23 12:00,False,zona_costa,2026-09-26 06:00,66.0,5.549999713897705,1.05,4.499999713897705,
2026-09-25,determinista,ecmwf_ifs025,2026-09-23 12:00,False,zona_ciudad,2026-09-26 06:00,66.0,1.5,2.566666666666667,1.0666666666666669,
2026-09-25,determinista,ecmwf_ifs025,2026-09-23 12:00,False,zona_interior,2026-09-26 06:00,66.0,0.30000001192092896,1.0999999999999999,0.7999999880790709,
2026-09-25,determinista,ecmwf_ifs025,2026-09-23 12:00,False,austral,2026-09-26 12:00,72.0,0.6000000238418579,2.2,1.5999999761581423,
2026-09-25,determinista,ecmwf_ifs025,2026-09-23 12:00,False,chaihuin,2026-09-26 12:00,72.0,7.199999809265137,4.3,2.899999809265137,
2026-09-25,determinista,ecmwf_ifs025,2026-09-23 12:00,False,corral,2026-09-26 12:00,72.0,7.199999809265137,8.600000000000001,1.4000001907348647,
2026-09-25,determinista,ecmwf_ifs025,2026-09-23 12:00,False,corral_essal,2026-09-26 12:00,72.0,7.199999809265137,30.5,23.300000190734863,
2026-09-25,determinista,ecmwf_ifs025,2026-09-23 12:00,False,curinanco,2026-09-26 12:00,72.0,0.6000000238418579,2.8,2.199999976158142,
2026-09-25,determinista,ecmwf_ifs025,2026-09-23 12:00,False,islateja,2026-09-26 12:00,72.0,0.6000000238418579,2.6,1.9999999761581422,
2026-09-25,determinista,ecmwf_ifs025,2026-09-23 12:00,False,las_lomas,2026-09-26 12:00,72.0,0.0,0.4,0.4,
2026-09-25,determinista,ecmwf_ifs025,2026-09-23 12:00,False,llancahue,2026-09-26 12:00,72.0,0.6000000238418579,2.5,1.899999976158142,
2026-09-25,determinista,ecmwf_ifs025,2026-09-23 12:00,False,pichoy,2026-09-26 12:00,72.0,0.0,0.8,0.8,
2026-09-25,determinista,ecmwf_ifs025,2026-09-23 12:00,False,zona_costa,2026-09-26 12:00,72.0,5.550000190734863,11.55,5.999999809265137,
2026-09-25,determinista,ecmwf_ifs025,2026-09-23 12:00,False,zona_ciudad,2026-09-26 12:00,72.0,0.6000000238418579,2.433333333333333,1.8333333094914752,
2026-09-25,determinista,ecmwf_ifs025,2026-09-23 12:00,False,zona_interior,2026-09-26 12:00,72.0,0.0,0.6000000000000001,0.6000000000000001,
2026-09-25,determinista,ecmwf_ifs025,2026-09-23 12:00,False,austral,2026-09-26 18:00,78.0,8.699999809265137,6.9,1.7999998092651364,
2026-09-25,determinista,ecmwf_ifs025,2026-09-23 12:00,False,chaihuin,2026-09-26 18:00,78.0,19.200000762939453,25.3,6.099999237060548,
2026-09-25,determinista,ecmwf_ifs025,2026-09-23 12:00,False,corral,2026-09-26 18:00,78.0,19.200000762939453,31.200000000000003,11.99999923706055,
2026-09-25,determinista,ecmwf_ifs025,2026-09-23 12:00,False,corral_essal,2026-09-26 18:00,78.0,19.200000762939453,16.6,2.6000007629394517,
2026-09-25,determinista,ecmwf_ifs025,2026-09-23 12:00,False,curinanco,2026-09-26 18:00,78.0,8.699999809265137,13.100000000000001,4.400000190734865,
2026-09-25,determinista,ecmwf_ifs025,2026-09-23 12:00,False,islateja,2026-09-26 18:00,78.0,8.699999809265137,10.5,1.8000001907348633,
2026-09-25,determinista,ecmwf_ifs025,2026-09-23 12:00,False,las_lomas,2026-09-26 18:00,78.0,8.100000381469727,1.2000000000000002,6.900000381469726,
2026-09-25,determinista,ecmwf_ifs025,2026-09-23 12:00,False,llancahue,2026-09-26 18:00,78.0,8.699999809265137,13.899999999999999,5.200000190734862,
2026-09-25,determinista,ecmwf_ifs025,2026-09-23 12:00,False,pichoy,2026-09-26 18:00,78.0,8.100000381469727,0.8,7.300000381469727,
2026-09-25,determinista,ecmwf_ifs025,2026-09-23 12:00,False,zona_costa,2026-09-26 18:00,78.0,16.575000762939453,21.550000000000004,4.974999237060551,
2026-09-25,determinista,ecmwf_ifs025,2026-09-23 12:00,False,zona_ciudad,2026-09-26 18:00,78.0,8.699999809265137,10.433333333333332,1.733333524068195,
2026-09-25,determinista,ecmwf_ifs025,2026-09-23 12:00,False,zona_interior,2026-09-26 18:00,78.0,8.100000381469727,1.0,7.100000381469727,
2026-09-25,determinista,ecmwf_ifs025,2026-09-23 12:00,False,austral,2026-09-27 00:00,84.0,12.0,9.7,2.3000000000000007,
2026-09-25,determinista,ecmwf_ifs025,2026-09-23 12:00,False,chaihuin,2026-09-27 00:00,84.0,12.899999618530273,21.3,8.400000381469727,
2026-09-25,determinista,ecmwf_ifs025,2026-09-23 12:00,False,corral,2026-09-27 00:00,84.0,12.899999618530273,19.7,6.800000381469726,
2026-09-25,determinista,ecmwf_ifs025,2026-09-23 12:00,False,corral_essal,2026-09-27 00:00,84.0,12.899999618530273,6.2,6.699999618530273,
2026-09-25,determinista,ecmwf_ifs025,2026-09-23 12:00,False,curinanco,2026-09-27 00:00,84.0,12.0,14.7,2.6999999999999993,
2026-09-25,determinista,ecmwf_ifs025,2026-09-23 12:00,False,islateja,2026-09-27 00:00,84.0,12.0,7.699999999999999,4.300000000000001,
2026-09-25,determinista,ecmwf_ifs025,2026-09-23 12:00,False,las_lomas,2026-09-27 00:00,84.0,11.399999618530273,0.9,10.499999618530273,
2026-09-25,determinista,ecmwf_ifs025,2026-09-23 12:00,False,llancahue,2026-09-27 00:00,84.0,12.0,13.1,1.0999999999999996,
2026-09-25,determinista,ecmwf_ifs025,2026-09-23 12:00,False,pichoy,2026-09-27 00:00,84.0,11.399999618530273,0.4,10.999999618530273,
2026-09-25,determinista,ecmwf_ifs025,2026-09-23 12:00,False,zona_costa,2026-09-27 00:00,84.0,12.674999237060547,15.475000000000001,2.8000007629394545,
2026-09-25,determinista,ecmwf_ifs025,2026-09-23 12:00,False,zona_ciudad,2026-09-27 00:00,84.0,12.0,10.166666666666666,1.833333333333334,
2026-09-25,determinista,ecmwf_ifs025,2026-09-23 12:00,False,zona_interior,2026-09-27 00:00,84.0,11.399999618530273,0.65,10.749999618530273,
2026-09-25,determinista,ecmwf_ifs025,2026-09-24 00:00,False,austral,2026-09-26 00:00,48.0,3.9000000953674316,0.6,3.3000000953674316,
2026-09-25,determinista,ecmwf_ifs025,2026-09-24 00:00,False,chaihuin,2026-09-26 00:00,48.0,7.800000190734863,0.0,7.800000190734863,
2026-09-25,determinista,ecmwf_ifs025,2026-09-24 00:00,False,corral,2026-09-26 00:00,48.0,7.800000190734863,0.0,7.800000190734863,
2026-09-25,determinista,ecmwf_ifs025,2026-09-24 00:00,False,corral_essal,2026-09-26 00:00,48.0,7.800000190734863,0.0,7.800000190734863,
2026-09-25,determinista,ecmwf_ifs025,2026-09-24 00:00,False,curinanco,2026-09-26 00:00,48.0,3.9000000953674316,1.4,2.5000000953674317,
2026-09-25,determinista,ecmwf_ifs025,2026-09-24 00:00,False,islateja,2026-09-26 00:00,48.0,3.9000000953674316,1.6,2.3000000953674316,
2026-09-25,determinista,ecmwf_ifs025,2026-09-24 00:00,False,las_lomas,2026-09-26 00:00,48.0,3.0,2.0,1.0,
2026-09-25,determinista,ecmwf_ifs025,2026-09-24 00:00,False,llancahue,2026-09-26 00:00,48.0,3.9000000953674316,1.2,2.7000000953674315,
2026-09-25,determinista,ecmwf_ifs025,2026-09-24 00:00,False,pichoy,2026-09-26 00:00,48.0,3.0,6.4,3.4000000000000004,
2026-09-25,determinista,ecmwf_ifs025,2026-09-24 00:00,False,zona_costa,2026-09-26 00:00,48.0,6.824999809265137,0.35,6.474999809265137,
2026-09-25,determinista,ecmwf_ifs025,2026-09-24 00:00,False,zona_ciudad,2026-09-26 00:00,48.0,3.9000003337860107,1.1333333333333333,2.7666670004526774,
2026-09-25,determinista,ecmwf_ifs025,2026-09-24 00:00,False,zona_interior,2026-09-26 00:00,48.0,3.0,4.2,1.2000000000000002,
2026-09-25,determinista,ecmwf_ifs025,2026-09-24 00:00,False,austral,2026-09-26 06:00,54.0,0.9000000357627869,3.3,2.399999964237213,
2026-09-25,determinista,ecmwf_ifs025,2026-09-24 00:00,False,chaihuin,2026-09-26 06:00,54.0,13.199999809265137,0.0,13.199999809265137,
2026-09-25,determinista,ecmwf_ifs025,2026-09-24 00:00,False,corral,2026-09-26 06:00,54.0,13.199999809265137,0.0,13.199999809265137,
2026-09-25,determinista,ecmwf_ifs025,2026-09-24 00:00,False,corral_essal,2026-09-26 06:00,54.0,13.199999809265137,2.9000000000000004,10.299999809265136,
2026-09-25,determinista,ecmwf_ifs025,2026-09-24 00:00,False,curinanco,2026-09-26 06:00,54.0,0.9000000357627869,1.3,0.3999999642372132,
2026-09-25,determinista,ecmwf_ifs025,2026-09-24 00:00,False,islateja,2026-09-26 06:00,54.0,0.9000000357627869,2.4000000000000004,1.4999999642372135,
2026-09-25,determinista,ecmwf_ifs025,2026-09-24 00:00,False,las_lomas,2026-09-26 06:00,54.0,0.30000001192092896,0.6,0.299999988079071,
2026-09-25,determinista,ecmwf_ifs025,2026-09-24 00:00,False,llancahue,2026-09-26 06:00,54.0,0.9000000357627869,2.0,1.0999999642372131,
2026-09-25,determinista,ecmwf_ifs025,2026-09-24 00:00,False,pichoy,2026-09-26 06:00,54.0,0.30000001192092896,1.5999999999999999,1.299999988079071,
2026-09-25,determinista,ecmwf_ifs025,2026-09-24 00:00,False,zona_costa,2026-09-26 06:00,54.0,10.125,1.05,9.075,
2026-09-25,determinista,ecmwf_ifs025,2026-09-24 00:00,False,zona_ciudad,2026-09-26 06:00,54.0,0.9000000357627869,2.566666666666667,1.66666663090388,
2026-09-25,determinista,ecmwf_ifs025,2026-09-24 00:00,False,zona_interior,2026-09-26 06:00,54.0,0.30000001192092896,1.0999999999999999,0.7999999880790709,
2026-09-25,determinista,ecmwf_ifs025,2026-09-24 00:00,False,austral,2026-09-26 12:00,60.0,2.6999998092651367,2.2,0.49999980926513654,
2026-09-25,determinista,ecmwf_ifs025,2026-09-24 00:00,False,chaihuin,2026-09-26 12:00,60.0,12.600000381469727,4.3,8.300000381469726,
2026-09-25,determinista,ecmwf_ifs025,2026-09-24 00:00,False,corral,2026-09-26 12:00,60.0,12.600000381469727,8.600000000000001,4.000000381469725,
2026-09-25,determinista,ecmwf_ifs025,2026-09-24 00:00,False,corral_essal,2026-09-26 12:00,60.0,12.600000381469727,30.5,17.899999618530273,
2026-09-25,determinista,ecmwf_ifs025,2026-09-24 00:00,False,curinanco,2026-09-26 12:00,60.0,2.6999998092651367,2.8,0.1000001907348631,
2026-09-25,determinista,ecmwf_ifs025,2026-09-24 00:00,False,islateja,2026-09-26 12:00,60.0,2.6999998092651367,2.6,0.09999980926513663,
2026-09-25,determinista,ecmwf_ifs025,2026-09-24 00:00,False,las_lomas,2026-09-26 12:00,60.0,2.0999999046325684,0.4,1.6999999046325684,
2026-09-25,determinista,ecmwf_ifs025,2026-09-24 00:00,False,llancahue,2026-09-26 12:00,60.0,2.6999998092651367,2.5,0.19999980926513672,
2026-09-25,determinista,ecmwf_ifs025,2026-09-24 00:00,False,pichoy,2026-09-26 12:00,60.0,2.0999999046325684,0.8,1.2999999046325683,
2026-09-25,determinista,ecmwf_ifs025,2026-09-24 00:00,False,zona_costa,2026-09-26 12:00,60.0,10.125,11.55,1.4250000000000007,
2026-09-25,determinista,ecmwf_ifs025,2026-09-24 00:00,False,zona_ciudad,2026-09-26 12:00,60.0,2.6999998092651367,2.433333333333333,0.2666664759318036,
2026-09-25,determinista,ecmwf_ifs025,2026-09-24 00:00,False,zona_interior,2026-09-26 12:00,60.0,2.0999999046325684,0.6000000000000001,1.4999999046325683,
2026-09-25,determinista,ecmwf_ifs025,2026-09-24 00:00,False,austral,2026-09-26 18:00,66.0,9.0,6.9,2.0999999999999996,
2026-09-25,determinista,ecmwf_ifs025,2026-09-24 00:00,False,chaihuin,2026-09-26 18:00,66.0,25.5,25.3,0.1999999999999993,
2026-09-25,determinista,ecmwf_ifs025,2026-09-24 00:00,False,corral,2026-09-26 18:00,66.0,25.5,31.200000000000003,5.700000000000003,
2026-09-25,determinista,ecmwf_ifs025,2026-09-24 00:00,False,corral_essal,2026-09-26 18:00,66.0,25.5,16.6,8.899999999999999,
2026-09-25,determinista,ecmwf_ifs025,2026-09-24 00:00,False,curinanco,2026-09-26 18:00,66.0,9.0,13.100000000000001,4.100000000000001,
2026-09-25,determinista,ecmwf_ifs025,2026-09-24 00:00,False,islateja,2026-09-26 18:00,66.0,9.0,10.5,1.5,
2026-09-25,determinista,ecmwf_ifs025,2026-09-24 00:00,False,las_lomas,2026-09-26 18:00,66.0,9.59999942779541,1.2000000000000002,8.39999942779541,
2026-09-25,determinista,ecmwf_ifs025,2026-09-24 00:00,False,llancahue,2026-09-26 18:00,66.0,9.0,13.899999999999999,4.899999999999999,
2026-09-25,determinista,ecmwf_ifs025,2026-09-24 00:00,False,pichoy,2026-09-26 18:00,66.0,9.59999942779541,0.8,8.79999942779541,
2026-09-25,determinista,ecmwf_ifs025,2026-09-24 00:00,False,zona_costa,2026-09-26 18:00,66.0,21.375,21.550000000000004,0.17500000000000426,
2026-09-25,determinista,ecmwf_ifs025,2026-09-24 00:00,False,zona_ciudad,2026-09-26 18:00,66.0,9.0,10.433333333333332,1.4333333333333318,
2026-09-25,determinista,ecmwf_ifs025,2026-09-24 00:00,False,zona_interior,2026-09-26 18:00,66.0,9.59999942779541,1.0,8.59999942779541,
2026-09-25,determinista,ecmwf_ifs025,2026-09-24 00:00,False,austral,2026-09-27 00:00,72.0,9.90000057220459,9.7,0.20000057220459055,
2026-09-25,determinista,ecmwf_ifs025,2026-09-24 00:00,False,chaihuin,2026-09-27 00:00,72.0,5.699999809265137,21.3,15.600000190734864,
2026-09-25,determinista,ecmwf_ifs025,2026-09-24 00:00,False,corral,2026-09-27 00:00,72.0,5.699999809265137,19.7,14.000000190734863,
2026-09-25,determinista,ecmwf_ifs025,2026-09-24 00:00,False,corral_essal,2026-09-27 00:00,72.0,5.699999809265137,6.2,0.5000001907348635,
2026-09-25,determinista,ecmwf_ifs025,2026-09-24 00:00,False,curinanco,2026-09-27 00:00,72.0,9.90000057220459,14.7,4.7999994277954094,
2026-09-25,determinista,ecmwf_ifs025,2026-09-24 00:00,False,islateja,2026-09-27 00:00,72.0,9.90000057220459,7.699999999999999,2.2000005722045906,
2026-09-25,determinista,ecmwf_ifs025,2026-09-24 00:00,False,las_lomas,2026-09-27 00:00,72.0,8.09999942779541,0.9,7.19999942779541,
2026-09-25,determinista,ecmwf_ifs025,2026-09-24 00:00,False,llancahue,2026-09-27 00:00,72.0,9.90000057220459,13.1,3.19999942779541,
2026-09-25,determinista,ecmwf_ifs025,2026-09-24 00:00,False,pichoy,2026-09-27 00:00,72.0,8.09999942779541,0.4,7.69999942779541,
2026-09-25,determinista,ecmwf_ifs025,2026-09-24 00:00,False,zona_costa,2026-09-27 00:00,72.0,6.75,15.475000000000001,8.725000000000001,
2026-09-25,determinista,ecmwf_ifs025,2026-09-24 00:00,False,zona_ciudad,2026-09-27 00:00,72.0,9.90000057220459,10.166666666666666,0.26666609446207623,
2026-09-25,determinista,ecmwf_ifs025,2026-09-24 00:00,False,zona_interior,2026-09-27 00:00,72.0,8.09999942779541,0.65,7.44999942779541,
2026-09-25,determinista,ecmwf_ifs025,2026-09-24 12:00,False,austral,2026-09-26 00:00,36.0,3.5999999046325684,0.6,2.9999999046325683,
2026-09-25,determinista,ecmwf_ifs025,2026-09-24 12:00,False,chaihuin,2026-09-26 00:00,36.0,14.100000381469727,0.0,14.100000381469727,
2026-09-25,determinista,ecmwf_ifs025,2026-09-24 12:00,False,corral,2026-09-26 00:00,36.0,14.100000381469727,0.0,14.100000381469727,
2026-09-25,determinista,ecmwf_ifs025,2026-09-24 12:00,False,corral_essal,2026-09-26 00:00,36.0,14.100000381469727,0.0,14.100000381469727,
2026-09-25,determinista,ecmwf_ifs025,2026-09-24 12:00,False,curinanco,2026-09-26 00:00,36.0,3.5999999046325684,1.4,2.1999999046325684,
2026-09-25,determinista,ecmwf_ifs025,2026-09-24 12:00,False,islateja,2026-09-26 00:00,36.0,3.5999999046325684,1.6,1.9999999046325683,
2026-09-25,determinista,ecmwf_ifs025,2026-09-24 12:00,False,las_lomas,2026-09-26 00:00,36.0,1.5,2.0,0.5,
2026-09-25,determinista,ecmwf_ifs025,2026-09-24 12:00,False,llancahue,2026-09-26 00:00,36.0,3.5999999046325684,1.2,2.399999904632568,
2026-09-25,determinista,ecmwf_ifs025,2026-09-24 12:00,False,pichoy,2026-09-26 00:00,36.0,1.5,6.4,4.9,
2026-09-25,determinista,ecmwf_ifs025,2026-09-24 12:00,False,zona_costa,2026-09-26 00:00,36.0,11.475000381469727,0.35,11.125000381469727,
2026-09-25,determinista,ecmwf_ifs025,2026-09-24 12:00,False,zona_ciudad,2026-09-26 00:00,36.0,3.5999996662139893,1.1333333333333333,2.466666332880656,
2026-09-25,determinista,ecmwf_ifs025,2026-09-24 12:00,False,zona_interior,2026-09-26 00:00,36.0,1.5,4.2,2.7,
2026-09-25,determinista,ecmwf_ifs025,2026-09-24 12:00,False,austral,2026-09-26 06:00,42.0,0.9000000357627869,3.3,2.399999964237213,
2026-09-25,determinista,ecmwf_ifs025,2026-09-24 12:00,False,chaihuin,2026-09-26 06:00,42.0,7.799999713897705,0.0,7.799999713897705,
2026-09-25,determinista,ecmwf_ifs025,2026-09-24 12:00,False,corral,2026-09-26 06:00,42.0,7.799999713897705,0.0,7.799999713897705,
2026-09-25,determinista,ecmwf_ifs025,2026-09-24 12:00,False,corral_essal,2026-09-26 06:00,42.0,7.799999713897705,2.9000000000000004,4.899999713897705,
2026-09-25,determinista,ecmwf_ifs025,2026-09-24 12:00,False,curinanco,2026-09-26 06:00,42.0,0.9000000357627869,1.3,0.3999999642372132,
2026-09-25,determinista,ecmwf_ifs025,2026-09-24 12:00,False,islateja,2026-09-26 06:00,42.0,0.9000000357627869,2.4000000000000004,1.4999999642372135,
2026-09-25,determinista,ecmwf_ifs025,2026-09-24 12:00,False,las_lomas,2026-09-26 06:00,42.0,0.30000001192092896,0.6,0.299999988079071,
2026-09-25,determinista,ecmwf_ifs025,2026-09-24 12:00,False,llancahue,2026-09-26 06:00,42.0,0.9000000357627869,2.0,1.0999999642372131,
2026-09-25,determinista,ecmwf_ifs025,2026-09-24 12:00,False,pichoy,2026-09-26 06:00,42.0,0.30000001192092896,1.5999999999999999,1.299999988079071,
2026-09-25,determinista,ecmwf_ifs025,2026-09-24 12:00,False,zona_costa,2026-09-26 06:00,42.0,6.074999809265137,1.05,5.024999809265137,
2026-09-25,determinista,ecmwf_ifs025,2026-09-24 12:00,False,zona_ciudad,2026-09-26 06:00,42.0,0.9000000357627869,2.566666666666667,1.66666663090388,
2026-09-25,determinista,ecmwf_ifs025,2026-09-24 12:00,False,zona_interior,2026-09-26 06:00,42.0,0.30000001192092896,1.0999999999999999,0.7999999880790709,
2026-09-25,determinista,ecmwf_ifs025,2026-09-24 12:00,False,austral,2026-09-26 12:00,48.0,1.7999999523162842,2.2,0.400000047683716,
2026-09-25,determinista,ecmwf_ifs025,2026-09-24 12:00,False,chaihuin,2026-09-26 12:00,48.0,11.399999618530273,4.3,7.099999618530274,
2026-09-25,determinista,ecmwf_ifs025,2026-09-24 12:00,False,corral,2026-09-26 12:00,48.0,11.399999618530273,8.600000000000001,2.799999618530272,
2026-09-25,determinista,ecmwf_ifs025,2026-09-24 12:00,False,corral_essal,2026-09-26 12:00,48.0,11.399999618530273,30.5,19.100000381469727,
2026-09-25,determinista,ecmwf_ifs025,2026-09-24 12:00,False,curinanco,2026-09-26 12:00,48.0,1.7999999523162842,2.8,1.0000000476837156,
2026-09-25,determinista,ecmwf_ifs025,2026-09-24 12:00,False,islateja,2026-09-26 12:00,48.0,1.7999999523162842,2.6,0.8000000476837159,
2026-09-25,determinista,ecmwf_ifs025,2026-09-24 12:00,False,las_lomas,2026-09-26 12:00,48.0,2.4000000953674316,0.4,2.0000000953674317,
2026-09-25,determinista,ecmwf_ifs025,2026-09-24 12:00,False,llancahue,2026-09-26 12:00,48.0,1.7999999523162842,2.5,0.7000000476837158,
2026-09-25,determinista,ecmwf_ifs025,2026-09-24 12:00,False,pichoy,2026-09-26 12:00,48.0,2.4000000953674316,0.8,1.6000000953674316,
2026-09-25,determinista,ecmwf_ifs025,2026-09-24 12:00,False,zona_costa,2026-09-26 12:00,48.0,9.0,11.55,2.5500000000000007,
2026-09-25,determinista,ecmwf_ifs025,2026-09-24 12:00,False,zona_ciudad,2026-09-26 12:00,48.0,1.7999998331069946,2.433333333333333,0.6333335002263385,
2026-09-25,determinista,ecmwf_ifs025,2026-09-24 12:00,False,zona_interior,2026-09-26 12:00,48.0,2.4000000953674316,0.6000000000000001,1.8000000953674316,
2026-09-25,determinista,ecmwf_ifs025,2026-09-24 12:00,False,austral,2026-09-26 18:00,54.0,4.5,6.9,2.4000000000000004,
2026-09-25,determinista,ecmwf_ifs025,2026-09-24 12:00,False,chaihuin,2026-09-26 18:00,54.0,14.699999809265137,25.3,10.600000190734864,
2026-09-25,determinista,ecmwf_ifs025,2026-09-24 12:00,False,corral,2026-09-26 18:00,54.0,14.699999809265137,31.200000000000003,16.500000190734866,
2026-09-25,determinista,ecmwf_ifs025,2026-09-24 12:00,False,corral_essal,2026-09-26 18:00,54.0,14.699999809265137,16.6,1.9000001907348647,
2026-09-25,determinista,ecmwf_ifs025,2026-09-24 12:00,False,curinanco,2026-09-26 18:00,54.0,4.5,13.100000000000001,8.600000000000001,
2026-09-25,determinista,ecmwf_ifs025,2026-09-24 12:00,False,islateja,2026-09-26 18:00,54.0,4.5,10.5,6.0,
2026-09-25,determinista,ecmwf_ifs025,2026-09-24 12:00,False,las_lomas,2026-09-26 18:00,54.0,4.5,1.2000000000000002,3.3,
2026-09-25,determinista,ecmwf_ifs025,2026-09-24 12:00,False,llancahue,2026-09-26 18:00,54.0,4.5,13.899999999999999,9.399999999999999,
2026-09-25,determinista,ecmwf_ifs025,2026-09-24 12:00,False,pichoy,2026-09-26 18:00,54.0,4.5,0.8,3.7,
2026-09-25,determinista,ecmwf_ifs025,2026-09-24 12:00,False,zona_costa,2026-09-26 18:00,54.0,12.15000057220459,21.550000000000004,9.399999427795414,
2026-09-25,determinista,ecmwf_ifs025,2026-09-24 12:00,False,zona_ciudad,2026-09-26 18:00,54.0,4.5,10.433333333333332,5.933333333333332,
2026-09-25,determinista,ecmwf_ifs025,2026-09-24 12:00,False,zona_interior,2026-09-26 18:00,54.0,4.5,1.0,3.5,
2026-09-25,determinista,ecmwf_ifs025,2026-09-24 12:00,False,austral,2026-09-27 00:00,60.0,3.0,9.7,6.699999999999999,
2026-09-25,determinista,ecmwf_ifs025,2026-09-24 12:00,False,chaihuin,2026-09-27 00:00,60.0,11.40000057220459,21.3,9.89999942779541,
2026-09-25,determinista,ecmwf_ifs025,2026-09-24 12:00,False,corral,2026-09-27 00:00,60.0,11.40000057220459,19.7,8.29999942779541,
2026-09-25,determinista,ecmwf_ifs025,2026-09-24 12:00,False,corral_essal,2026-09-27 00:00,60.0,11.40000057220459,6.2,5.20000057220459,
2026-09-25,determinista,ecmwf_ifs025,2026-09-24 12:00,False,curinanco,2026-09-27 00:00,60.0,3.0,14.7,11.7,
2026-09-25,determinista,ecmwf_ifs025,2026-09-24 12:00,False,islateja,2026-09-27 00:00,60.0,3.0,7.699999999999999,4.699999999999999,
2026-09-25,determinista,ecmwf_ifs025,2026-09-24 12:00,False,las_lomas,2026-09-27 00:00,60.0,6.599999904632568,0.9,5.699999904632568,
2026-09-25,determinista,ecmwf_ifs025,2026-09-24 12:00,False,llancahue,2026-09-27 00:00,60.0,3.0,13.1,10.1,
2026-09-25,determinista,ecmwf_ifs025,2026-09-24 12:00,False,pichoy,2026-09-27 00:00,60.0,6.599999904632568,0.4,6.199999904632568,
2026-09-25,determinista,ecmwf_ifs025,2026-09-24 12:00,False,zona_costa,2026-09-27 00:00,60.0,9.300000190734863,15.475000000000001,6.174999809265138,
2026-09-25,determinista,ecmwf_ifs025,2026-09-24 12:00,False,zona_ciudad,2026-09-27 00:00,60.0,3.0,10.166666666666666,7.166666666666666,
2026-09-25,determinista,ecmwf_ifs025,2026-09-24 12:00,False,zona_interior,2026-09-27 00:00,60.0,6.599999904632568,0.65,5.949999904632568,
2026-09-25,determinista,ecmwf_ifs025,2026-09-25 00:00,False,austral,2026-09-26 00:00,24.0,7.5,0.6,6.9,
2026-09-25,determinista,ecmwf_ifs025,2026-09-25 00:00,False,chaihuin,2026-09-26 00:00,24.0,9.0,0.0,9.0,
2026-09-25,determinista,ecmwf_ifs025,2026-09-25 00:00,False,corral,2026-09-26 00:00,24.0,9.0,0.0,9.0,
2026-09-25,determinista,ecmwf_ifs025,2026-09-25 00:00,False,corral_essal,2026-09-26 00:00,24.0,9.0,0.0,9.0,
2026-09-25,determinista,ecmwf_ifs025,2026-09-25 00:00,False,curinanco,2026-09-26 00:00,24.0,7.5,1.4,6.1,
2026-09-25,determinista,ecmwf_ifs025,2026-09-25 00:00,False,islateja,2026-09-26 00:00,24.0,7.5,1.6,5.9,
2026-09-25,determinista,ecmwf_ifs025,2026-09-25 00:00,False,las_lomas,2026-09-26 00:00,24.0,3.9000000953674316,2.0,1.9000000953674316,
2026-09-25,determinista,ecmwf_ifs025,2026-09-25 00:00,False,llancahue,2026-09-26 00:00,24.0,7.5,1.2,6.3,
2026-09-25,determinista,ecmwf_ifs025,2026-09-25 00:00,False,pichoy,2026-09-26 00:00,24.0,3.9000000953674316,6.4,2.4999999046325687,
2026-09-25,determinista,ecmwf_ifs025,2026-09-25 00:00,False,zona_costa,2026-09-26 00:00,24.0,8.625,0.35,8.275,
2026-09-25,determinista,ecmwf_ifs025,2026-09-25 00:00,False,zona_ciudad,2026-09-26 00:00,24.0,7.5,1.1333333333333333,6.366666666666667,
2026-09-25,determinista,ecmwf_ifs025,2026-09-25 00:00,False,zona_interior,2026-09-26 00:00,24.0,3.9000000953674316,4.2,0.29999990463256854,
2026-09-25,determinista,ecmwf_ifs025,2026-09-25 00:00,False,austral,2026-09-26 06:00,30.0,3.6000001430511475,3.3,0.30000014305114764,
2026-09-25,determinista,ecmwf_ifs025,2026-09-25 00:00,False,chaihuin,2026-09-26 06:00,30.0,10.5,0.0,10.5,
2026-09-25,determinista,ecmwf_ifs025,2026-09-25 00:00,False,corral,2026-09-26 06:00,30.0,10.5,0.0,10.5,
2026-09-25,determinista,ecmwf_ifs025,2026-09-25 00:00,False,corral_essal,2026-09-26 06:00,30.0,10.5,2.9000000000000004,7.6,
2026-09-25,determinista,ecmwf_ifs025,2026-09-25 00:00,False,curinanco,2026-09-26 06:00,30.0,3.6000001430511475,1.3,2.3000001430511476,
2026-09-25,determinista,ecmwf_ifs025,2026-09-25 00:00,False,islateja,2026-09-26 06:00,30.0,3.6000001430511475,2.4000000000000004,1.200000143051147,
2026-09-25,determinista,ecmwf_ifs025,2026-09-25 00:00,False,las_lomas,2026-09-26 06:00,30.0,1.2000000476837158,0.6,0.6000000476837158,
2026-09-25,determinista,ecmwf_ifs025,2026-09-25 00:00,False,llancahue,2026-09-26 06:00,30.0,3.6000001430511475,2.0,1.6000001430511475,
2026-09-25,determinista,ecmwf_ifs025,2026-09-25 00:00,False,pichoy,2026-09-26 06:00,30.0,1.2000000476837158,1.5999999999999999,0.39999995231628405,
2026-09-25,determinista,ecmwf_ifs025,2026-09-25 00:00,False,zona_costa,2026-09-26 06:00,30.0,8.774999618530273,1.05,7.724999618530274,
2026-09-25,determinista,ecmwf_ifs025,2026-09-25 00:00,False,zona_ciudad,2026-09-26 06:00,30.0,3.6000001430511475,2.566666666666667,1.0333334763844806,
2026-09-25,determinista,ecmwf_ifs025,2026-09-25 00:00,False,zona_interior,2026-09-26 06:00,30.0,1.2000000476837158,1.0999999999999999,0.10000004768371595,
2026-09-25,determinista,ecmwf_ifs025,2026-09-25 00:00,False,austral,2026-09-26 12:00,36.0,3.5999999046325684,2.2,1.3999999046325682,
2026-09-25,determinista,ecmwf_ifs025,2026-09-25 00:00,False,chaihuin,2026-09-26 12:00,36.0,8.100000381469727,4.3,3.8000003814697267,
2026-09-25,determinista,ecmwf_ifs025,2026-09-25 00:00,False,corral,2026-09-26 12:00,36.0,8.100000381469727,8.600000000000001,0.49999961853027486,
2026-09-25,determinista,ecmwf_ifs025,2026-09-25 00:00,False,corral_essal,2026-09-26 12:00,36.0,8.100000381469727,30.5,22.399999618530273,
2026-09-25,determinista,ecmwf_ifs025,2026-09-25 00:00,False,curinanco,2026-09-26 12:00,36.0,3.5999999046325684,2.8,0.7999999046325685,
2026-09-25,determinista,ecmwf_ifs025,2026-09-25 00:00,False,islateja,2026-09-26 12:00,36.0,3.5999999046325684,2.6,0.9999999046325683,
2026-09-25,determinista,ecmwf_ifs025,2026-09-25 00:00,False,las_lomas,2026-09-26 12:00,36.0,1.5,0.4,1.1,
2026-09-25,determinista,ecmwf_ifs025,2026-09-25 00:00,False,llancahue,2026-09-26 12:00,36.0,3.5999999046325684,2.5,1.0999999046325684,
2026-09-25,determinista,ecmwf_ifs025,2026-09-25 00:00,False,pichoy,2026-09-26 12:00,36.0,1.5,0.8,0.7,
2026-09-25,determinista,ecmwf_ifs025,2026-09-25 00:00,False,zona_costa,2026-09-26 12:00,36.0,6.975000381469727,11.55,4.574999618530274,
2026-09-25,determinista,ecmwf_ifs025,2026-09-25 00:00,False,zona_ciudad,2026-09-26 12:00,36.0,3.5999996662139893,2.433333333333333,1.1666663328806561,
2026-09-25,determinista,ecmwf_ifs025,2026-09-25 00:00,False,zona_interior,2026-09-26 12:00,36.0,1.5,0.6000000000000001,0.8999999999999999,
2026-09-25,determinista,ecmwf_ifs025,2026-09-25 00:00,False,austral,2026-09-26 18:00,42.0,4.199999809265137,6.9,2.7000001907348636,
2026-09-25,determinista,ecmwf_ifs025,2026-09-25 00:00,False,chaihuin,2026-09-26 18:00,42.0,14.100000381469727,25.3,11.199999618530274,
2026-09-25,determinista,ecmwf_ifs025,2026-09-25 00:00,False,corral,2026-09-26 18:00,42.0,14.100000381469727,31.200000000000003,17.099999618530276,
2026-09-25,determinista,ecmwf_ifs025,2026-09-25 00:00,False,corral_essal,2026-09-26 18:00,42.0,14.100000381469727,16.6,2.499999618530275,
2026-09-25,determinista,ecmwf_ifs025,2026-09-25 00:00,False,curinanco,2026-09-26 18:00,42.0,4.199999809265137,13.100000000000001,8.900000190734865,
2026-09-25,determinista,ecmwf_ifs025,2026-09-25 00:00,False,islateja,2026-09-26 18:00,42.0,4.199999809265137,10.5,6.300000190734863,
2026-09-25,determinista,ecmwf_ifs025,2026-09-25 00:00,False,las_lomas,2026-09-26 18:00,42.0,4.800000190734863,1.2000000000000002,3.600000190734863,
2026-09-25,determinista,ecmwf_ifs025,2026-09-25 00:00,False,llancahue,2026-09-26 18:00,42.0,4.199999809265137,13.899999999999999,9.700000190734862,
2026-09-25,determinista,ecmwf_ifs025,2026-09-25 00:00,False,pichoy,2026-09-26 18:00,42.0,4.800000190734863,0.8,4.0000001907348635,
2026-09-25,determinista,ecmwf_ifs025,2026-09-25 00:00,False,zona_costa,2026-09-26 18:00,42.0,11.625,21.550000000000004,9.925000000000004,
2026-09-25,determinista,ecmwf_ifs025,2026-09-25 00:00,False,zona_ciudad,2026-09-26 18:00,42.0,4.199999809265137,10.433333333333332,6.233333524068195,
2026-09-25,determinista,ecmwf_ifs025,2026-09-25 00:00,False,zona_interior,2026-09-26 18:00,42.0,4.800000190734863,1.0,3.8000001907348633,
2026-09-25,determinista,ecmwf_ifs025,2026-09-25 00:00,False,austral,2026-09-27 00:00,48.0,9.600000381469727,9.7,0.09999961853027273,
2026-09-25,determinista,ecmwf_ifs025,2026-09-25 00:00,False,chaihuin,2026-09-27 00:00,48.0,9.59999942779541,21.3,11.70000057220459,
2026-09-25,determinista,ecmwf_ifs025,2026-09-25 00:00,False,corral,2026-09-27 00:00,48.0,9.59999942779541,19.7,10.10000057220459,
2026-09-25,determinista,ecmwf_ifs025,2026-09-25 00:00,False,corral_essal,2026-09-27 00:00,48.0,9.59999942779541,6.2,3.39999942779541,
2026-09-25,determinista,ecmwf_ifs025,2026-09-25 00:00,False,curinanco,2026-09-27 00:00,48.0,9.600000381469727,14.7,5.099999618530273,
2026-09-25,determinista,ecmwf_ifs025,2026-09-25 00:00,False,islateja,2026-09-27 00:00,48.0,9.600000381469727,7.699999999999999,1.9000003814697273,
2026-09-25,determinista,ecmwf_ifs025,2026-09-25 00:00,False,las_lomas,2026-09-27 00:00,48.0,7.199999809265137,0.9,6.299999809265136,
2026-09-25,determinista,ecmwf_ifs025,2026-09-25 00:00,False,llancahue,2026-09-27 00:00,48.0,9.600000381469727,13.1,3.499999618530273,
2026-09-25,determinista,ecmwf_ifs025,2026-09-25 00:00,False,pichoy,2026-09-27 00:00,48.0,7.199999809265137,0.4,6.799999809265136,
2026-09-25,determinista,ecmwf_ifs025,2026-09-25 00:00,False,zona_costa,2026-09-27 00:00,48.0,9.59999942779541,15.475000000000001,5.875000572204591,
2026-09-25,determinista,ecmwf_ifs025,2026-09-25 00:00,False,zona_ciudad,2026-09-27 00:00,48.0,9.600000381469727,10.166666666666666,0.5666662851969395,
2026-09-25,determinista,ecmwf_ifs025,2026-09-25 00:00,False,zona_interior,2026-09-27 00:00,48.0,7.199999809265137,0.65,6.549999809265136,
2026-09-25,determinista,ecmwf_ifs025,2026-09-25 12:00,False,austral,2026-09-26 00:00,12.0,3.9000000953674316,0.6,3.3000000953674316,
2026-09-25,determinista,ecmwf_ifs025,2026-09-25 12:00,False,chaihuin,2026-09-26 00:00,12.0,9.0,0.0,9.0,
2026-09-25,determinista,ecmwf_ifs025,2026-09-25 12:00,False,corral,2026-09-26 00:00,12.0,9.0,0.0,9.0,
2026-09-25,determinista,ecmwf_ifs025,2026-09-25 12:00,False,corral_essal,2026-09-26 00:00,12.0,9.0,0.0,9.0,
2026-09-25,determinista,ecmwf_ifs025,2026-09-25 12:00,False,curinanco,2026-09-26 00:00,12.0,3.9000000953674316,1.4,2.5000000953674317,
2026-09-25,determinista,ecmwf_ifs025,2026-09-25 12:00,False,islateja,2026-09-26 00:00,12.0,3.9000000953674316,1.6,2.3000000953674316,
2026-09-25,determinista,ecmwf_ifs025,2026-09-25 12:00,False,las_lomas,2026-09-26 00:00,12.0,1.2000000476837158,2.0,0.7999999523162842,
2026-09-25,determinista,ecmwf_ifs025,2026-09-25 12:00,False,llancahue,2026-09-26 00:00,12.0,3.9000000953674316,1.2,2.7000000953674315,
2026-09-25,determinista,ecmwf_ifs025,2026-09-25 12:00,False,pichoy,2026-09-26 00:00,12.0,1.2000000476837158,6.4,5.1999999523162845,
2026-09-25,determinista,ecmwf_ifs025,2026-09-25 12:00,False,zona_costa,2026-09-26 00:00,12.0,7.724999904632568,0.35,7.374999904632569,
2026-09-25,determinista,ecmwf_ifs025,2026-09-25 12:00,False,zona_ciudad,2026-09-26 00:00,12.0,3.9000003337860107,1.1333333333333333,2.7666670004526774,
2026-09-25,determinista,ecmwf_ifs025,2026-09-25 12:00,False,zona_interior,2026-09-26 00:00,12.0,1.2000000476837158,4.2,2.9999999523162844,
2026-09-25,determinista,ecmwf_ifs025,2026-09-25 12:00,False,austral,2026-09-26 06:00,18.0,2.700000047683716,3.3,0.599999952316284,
2026-09-25,determinista,ecmwf_ifs025,2026-09-25 12:00,False,chaihuin,2026-09-26 06:00,18.0,9.899999618530273,0.0,9.899999618530273,
2026-09-25,determinista,ecmwf_ifs025,2026-09-25 12:00,False,corral,2026-09-26 06:00,18.0,9.899999618530273,0.0,9.899999618530273,
2026-09-25,determinista,ecmwf_ifs025,2026-09-25 12:00,False,corral_essal,2026-09-26 06:00,18.0,9.899999618530273,2.9000000000000004,6.999999618530273,
2026-09-25,determinista,ecmwf_ifs025,2026-09-25 12:00,False,curinanco,2026-09-26 06:00,18.0,2.700000047683716,1.3,1.4000000476837158,
2026-09-25,determinista,ecmwf_ifs025,2026-09-25 12:00,False,islateja,2026-09-26 06:00,18.0,2.700000047683716,2.4000000000000004,0.30000004768371547,
2026-09-25,determinista,ecmwf_ifs025,2026-09-25 12:00,False,las_lomas,2026-09-26 06:00,18.0,1.7999999523162842,0.6,1.199999952316284,
2026-09-25,determinista,ecmwf_ifs025,2026-09-25 12:00,False,llancahue,2026-09-26 06:00,18.0,2.700000047683716,2.0,0.7000000476837158,
2026-09-25,determinista,ecmwf_ifs025,2026-09-25 12:00,False,pichoy,2026-09-26 06:00,18.0,1.7999999523162842,1.5999999999999999,0.1999999523162843,
2026-09-25,determinista,ecmwf_ifs025,2026-09-25 12:00,False,zona_costa,2026-09-26 06:00,18.0,8.100000381469727,1.05,7.050000381469727,
2026-09-25,determinista,ecmwf_ifs025,2026-09-25 12:00,False,zona_ciudad,2026-09-26 06:00,18.0,2.700000047683716,2.566666666666667,0.13333338101704895,
2026-09-25,determinista,ecmwf_ifs025,2026-09-25 12:00,False,zona_interior,2026-09-26 06:00,18.0,1.7999999523162842,1.0999999999999999,0.6999999523162843,
2026-09-25,determinista,ecmwf_ifs025,2026-09-25 12:00,False,austral,2026-09-26 12:00,24.0,3.0,2.2,0.7999999999999998,
2026-09-25,determinista,ecmwf_ifs025,2026-09-25 12:00,False,chaihuin,2026-09-26 12:00,24.0,12.0,4.3,7.7,
2026-09-25,determinista,ecmwf_ifs025,2026-09-25 12:00,False,corral,2026-09-26 12:00,24.0,12.0,8.600000000000001,3.3999999999999986,
2026-09-25,determinista,ecmwf_ifs025,2026-09-25 12:00,False,corral_essal,2026-09-26 12:00,24.0,12.0,30.5,18.5,
2026-09-25,determinista,ecmwf_ifs025,2026-09-25 12:00,False,curinanco,2026-09-26 12:00,24.0,3.0,2.8,0.20000000000000018,
2026-09-25,determinista,ecmwf_ifs025,2026-09-25 12:00,False,islateja,2026-09-26 12:00,24.0,3.0,2.6,0.3999999999999999,
2026-09-25,determinista,ecmwf_ifs025,2026-09-25 12:00,False,las_lomas,2026-09-26 12:00,24.0,2.1000001430511475,0.4,1.7000001430511475,
2026-09-25,determinista,ecmwf_ifs025,2026-09-25 12:00,False,llancahue,2026-09-26 12:00,24.0,3.0,2.5,0.5,
2026-09-25,determinista,ecmwf_ifs025,2026-09-25 12:00,False,pichoy,2026-09-26 12:00,24.0,2.1000001430511475,0.8,1.3000001430511474,
2026-09-25,determinista,ecmwf_ifs025,2026-09-25 12:00,False,zona_costa,2026-09-26 12:00,24.0,9.75,11.55,1.8000000000000007,
2026-09-25,determinista,ecmwf_ifs025,2026-09-25 12:00,False,zona_ciudad,2026-09-26 12:00,24.0,3.0,2.433333333333333,0.5666666666666669,
2026-09-25,determinista,ecmwf_ifs025,2026-09-25 12:00,False,zona_interior,2026-09-26 12:00,24.0,2.1000001430511475,0.6000000000000001,1.5000001430511474,
2026-09-25,determinista,ecmwf_ifs025,2026-09-25 12:00,False,austral,2026-09-26 18:00,30.0,3.9000000953674316,6.9,2.9999999046325687,
2026-09-25,determinista,ecmwf_ifs025,2026-09-25 12:00,False,chaihuin,2026-09-26 18:00,30.0,10.799999237060547,25.3,14.500000762939454,
2026-09-25,determinista,ecmwf_ifs025,2026-09-25 12:00,False,corral,2026-09-26 18:00,30.0,10.799999237060547,31.200000000000003,20.400000762939456,
2026-09-25,determinista,ecmwf_ifs025,2026-09-25 12:00,False,corral_essal,2026-09-26 18:00,30.0,10.799999237060547,16.6,5.8000007629394545,
2026-09-25,determinista,ecmwf_ifs025,2026-09-25 12:00,False,curinanco,2026-09-26 18:00,30.0,3.9000000953674316,13.100000000000001,9.19999990463257,
2026-09-25,determinista,ecmwf_ifs025,2026-09-25 12:00,False,islateja,2026-09-26 18:00,30.0,3.9000000953674316,10.5,6.599999904632568,
2026-09-25,determinista,ecmwf_ifs025,2026-09-25 12:00,False,las_lomas,2026-09-26 18:00,30.0,2.700000047683716,1.2000000000000002,1.5000000476837156,
2026-09-25,determinista,ecmwf_ifs025,2026-09-25 12:00,False,llancahue,2026-09-26 18:00,30.0,3.9000000953674316,13.899999999999999,9.999999904632567,
2026-09-25,determinista,ecmwf_ifs025,2026-09-25 12:00,False,pichoy,2026-09-26 18:00,30.0,2.700000047683716,0.8,1.9000000476837158,
2026-09-25,determinista,ecmwf_ifs025,2026-09-25 12:00,False,zona_costa,2026-09-26 18:00,30.0,9.07499885559082,21.550000000000004,12.475001144409184,
2026-09-25,determinista,ecmwf_ifs025,2026-09-25 12:00,False,zona_ciudad,2026-09-26 18:00,30.0,3.9000003337860107,10.433333333333332,6.533332999547321,
2026-09-25,determinista,ecmwf_ifs025,2026-09-25 12:00,False,zona_interior,2026-09-26 18:00,30.0,2.700000047683716,1.0,1.7000000476837158,
2026-09-25,determinista,ecmwf_ifs025,2026-09-25 12:00,False,austral,2026-09-27 00:00,36.0,5.399999618530273,9.7,4.300000381469726,
2026-09-25,determinista,ecmwf_ifs025,2026-09-25 12:00,False,chaihuin,2026-09-27 00:00,36.0,13.199999809265137,21.3,8.100000190734864,
2026-09-25,determinista,ecmwf_ifs025,2026-09-25 12:00,False,corral,2026-09-27 00:00,36.0,13.199999809265137,19.7,6.500000190734863,
2026-09-25,determinista,ecmwf_ifs025,2026-09-25 12:00,False,corral_essal,2026-09-27 00:00,36.0,13.199999809265137,6.2,6.9999998092651365,
2026-09-25,determinista,ecmwf_ifs025,2026-09-25 12:00,False,curinanco,2026-09-27 00:00,36.0,5.399999618530273,14.7,9.300000381469726,
2026-09-25,determinista,ecmwf_ifs025,2026-09-25 12:00,False,islateja,2026-09-27 00:00,36.0,5.399999618530273,7.699999999999999,2.300000381469726,
2026-09-25,determinista,ecmwf_ifs025,2026-09-25 12:00,False,las_lomas,2026-09-27 00:00,36.0,9.300000190734863,0.9,8.400000190734863,
2026-09-25,determinista,ecmwf_ifs025,2026-09-25 12:00,False,llancahue,2026-09-27 00:00,36.0,5.399999618530273,13.1,7.700000381469726,
2026-09-25,determinista,ecmwf_ifs025,2026-09-25 12:00,False,pichoy,2026-09-27 00:00,36.0,9.300000190734863,0.4,8.900000190734863,
2026-09-25,determinista,ecmwf_ifs025,2026-09-25 12:00,False,zona_costa,2026-09-27 00:00,36.0,11.25,15.475000000000001,4.225000000000001,
2026-09-25,determinista,ecmwf_ifs025,2026-09-25 12:00,False,zona_ciudad,2026-09-27 00:00,36.0,5.399999618530273,10.166666666666666,4.766667048136393,
2026-09-25,determinista,ecmwf_ifs025,2026-09-25 12:00,False,zona_interior,2026-09-27 00:00,36.0,9.300000190734863,0.65,8.650000190734863,
2026-09-25,determinista,ecmwf_ifs025,2026-09-26 00:00,False,austral,2026-09-26 06:00,6.0,6.299999713897705,3.3,2.9999997138977053,
2026-09-25,determinista,ecmwf_ifs025,2026-09-26 00:00,False,chaihuin,2026-09-26 06:00,6.0,6.600000381469727,0.0,6.600000381469727,
2026-09-25,determinista,ecmwf_ifs025,2026-09-26 00:00,False,corral,2026-09-26 06:00,6.0,6.600000381469727,0.0,6.600000381469727,
2026-09-25,determinista,ecmwf_ifs025,2026-09-26 00:00,False,corral_essal,2026-09-26 06:00,6.0,6.600000381469727,2.9000000000000004,3.700000381469726,
2026-09-25,determinista,ecmwf_ifs025,2026-09-26 00:00,False,curinanco,2026-09-26 06:00,6.0,6.299999713897705,1.3,4.999999713897705,
2026-09-25,determinista,ecmwf_ifs025,2026-09-26 00:00,False,islateja,2026-09-26 06:00,6.0,6.299999713897705,2.4000000000000004,3.8999997138977047,
2026-09-25,determinista,ecmwf_ifs025,2026-09-26 00:00,False,las_lomas,2026-09-26 06:00,6.0,3.5999999046325684,0.6,2.9999999046325683,
2026-09-25,determinista,ecmwf_ifs025,2026-09-26 00:00,False,llancahue,2026-09-26 06:00,6.0,6.299999713897705,2.0,4.299999713897705,
2026-09-25,determinista,ecmwf_ifs025,2026-09-26 00:00,False,pichoy,2026-09-26 06:00,6.0,3.5999999046325684,1.5999999999999999,1.9999999046325685,
2026-09-25,determinista,ecmwf_ifs025,2026-09-26 00:00,False,zona_costa,2026-09-26 06:00,6.0,6.525000095367432,1.05,5.475000095367432,
2026-09-25,determinista,ecmwf_ifs025,2026-09-26 00:00,False,zona_ciudad,2026-09-26 06:00,6.0,6.299999713897705,2.566666666666667,3.733333047231038,
2026-09-25,determinista,ecmwf_ifs025,2026-09-26 00:00,False,zona_interior,2026-09-26 06:00,6.0,3.5999999046325684,1.0999999999999999,2.4999999046325687,
2026-09-25,determinista,ecmwf_ifs025,2026-09-26 00:00,False,austral,2026-09-26 12:00,12.0,3.0,2.2,0.7999999999999998,
2026-09-25,determinista,ecmwf_ifs025,2026-09-26 00:00,False,chaihuin,2026-09-26 12:00,12.0,10.5,4.3,6.2,
2026-09-25,determinista,ecmwf_ifs025,2026-09-26 00:00,False,corral,2026-09-26 12:00,12.0,10.5,8.600000000000001,1.8999999999999986,
2026-09-25,determinista,ecmwf_ifs025,2026-09-26 00:00,False,corral_essal,2026-09-26 12:00,12.0,10.5,30.5,20.0,
2026-09-25,determinista,ecmwf_ifs025,2026-09-26 00:00,False,curinanco,2026-09-26 12:00,12.0,3.0,2.8,0.20000000000000018,
2026-09-25,determinista,ecmwf_ifs025,2026-09-26 00:00,False,islateja,2026-09-26 12:00,12.0,3.0,2.6,0.3999999999999999,
2026-09-25,determinista,ecmwf_ifs025,2026-09-26 00:00,False,las_lomas,2026-09-26 12:00,12.0,2.700000047683716,0.4,2.300000047683716,
2026-09-25,determinista,ecmwf_ifs025,2026-09-26 00:00,False,llancahue,2026-09-26 12:00,12.0,3.0,2.5,0.5,
2026-09-25,determinista,ecmwf_ifs025,2026-09-26 00:00,False,pichoy,2026-09-26 12:00,12.0,2.700000047683716,0.8,1.9000000476837158,
2026-09-25,determinista,ecmwf_ifs025,2026-09-26 00:00,False,zona_costa,2026-09-26 12:00,12.0,8.625,11.55,2.9250000000000007,
2026-09-25,determinista,ecmwf_ifs025,2026-09-26 00:00,False,zona_ciudad,2026-09-26 12:00,12.0,3.0,2.433333333333333,0.5666666666666669,
2026-09-25,determinista,ecmwf_ifs025,2026-09-26 00:00,False,zona_interior,2026-09-26 12:00,12.0,2.700000047683716,0.6000000000000001,2.1000000476837157,
2026-09-25,determinista,ecmwf_ifs025,2026-09-26 00:00,False,austral,2026-09-26 18:00,18.0,3.5999999046325684,6.9,3.300000095367432,
2026-09-25,determinista,ecmwf_ifs025,2026-09-26 00:00,False,chaihuin,2026-09-26 18:00,18.0,9.300000190734863,25.3,15.999999809265137,
2026-09-25,determinista,ecmwf_ifs025,2026-09-26 00:00,False,corral,2026-09-26 18:00,18.0,9.300000190734863,31.200000000000003,21.89999980926514,
2026-09-25,determinista,ecmwf_ifs025,2026-09-26 00:00,False,corral_essal,2026-09-26 18:00,18.0,9.300000190734863,16.6,7.299999809265138,
2026-09-25,determinista,ecmwf_ifs025,2026-09-26 00:00,False,curinanco,2026-09-26 18:00,18.0,3.5999999046325684,13.100000000000001,9.500000095367433,
2026-09-25,determinista,ecmwf_ifs025,2026-09-26 00:00,False,islateja,2026-09-26 18:00,18.0,3.5999999046325684,10.5,6.900000095367432,
2026-09-25,determinista,ecmwf_ifs025,2026-09-26 00:00,False,las_lomas,2026-09-26 18:00,18.0,2.4000000953674316,1.2000000000000002,1.2000000953674315,
2026-09-25,determinista,ecmwf_ifs025,2026-09-26 00:00,False,llancahue,2026-09-26 18:00,18.0,3.5999999046325684,13.899999999999999,10.30000009536743,
2026-09-25,determinista,ecmwf_ifs025,2026-09-26 00:00,False,pichoy,2026-09-26 18:00,18.0,2.4000000953674316,0.8,1.6000000953674316,
2026-09-25,determinista,ecmwf_ifs025,2026-09-26 00:00,False,zona_costa,2026-09-26 18:00,18.0,7.875,21.550000000000004,13.675000000000004,
2026-09-25,determinista,ecmwf_ifs025,2026-09-26 00:00,False,zona_ciudad,2026-09-26 18:00,18.0,3.5999996662139893,10.433333333333332,6.8333336671193425,
2026-09-25,determinista,ecmwf_ifs025,2026-09-26 00:00,False,zona_interior,2026-09-26 18:00,18.0,2.4000000953674316,1.0,1.4000000953674316,
2026-09-25,determinista,ecmwf_ifs025,2026-09-26 00:00,False,austral,2026-09-27 00:00,24.0,3.0,9.7,6.699999999999999,
2026-09-25,determinista,ecmwf_ifs025,2026-09-26 00:00,False,chaihuin,2026-09-27 00:00,24.0,14.699999809265137,21.3,6.600000190734864,
2026-09-25,determinista,ecmwf_ifs025,2026-09-26 00:00,False,corral,2026-09-27 00:00,24.0,14.699999809265137,19.7,5.000000190734863,
2026-09-25,determinista,ecmwf_ifs025,2026-09-26 00:00,False,corral_essal,2026-09-27 00:00,24.0,14.699999809265137,6.2,8.499999809265137,
2026-09-25,determinista,ecmwf_ifs025,2026-09-26 00:00,False,curinanco,2026-09-27 00:00,24.0,3.0,14.7,11.7,
2026-09-25,determinista,ecmwf_ifs025,2026-09-26 00:00,False,islateja,2026-09-27 00:00,24.0,3.0,7.699999999999999,4.699999999999999,
2026-09-25,determinista,ecmwf_ifs025,2026-09-26 00:00,False,las_lomas,2026-09-27 00:00,24.0,3.5999999046325684,0.9,2.6999999046325684,
2026-09-25,determinista,ecmwf_ifs025,2026-09-26 00:00,False,llancahue,2026-09-27 00:00,24.0,3.0,13.1,10.1,
2026-09-25,determinista,ecmwf_ifs025,2026-09-26 00:00,False,pichoy,2026-09-27 00:00,24.0,3.5999999046325684,0.4,3.1999999046325684,
2026-09-25,determinista,ecmwf_ifs025,2026-09-26 00:00,False,zona_costa,2026-09-27 00:00,24.0,11.77500057220459,15.475000000000001,3.6999994277954116,
2026-09-25,determinista,ecmwf_ifs025,2026-09-26 00:00,False,zona_ciudad,2026-09-27 00:00,24.0,3.0,10.166666666666666,7.166666666666666,
2026-09-25,determinista,ecmwf_ifs025,2026-09-26 00:00,False,zona_interior,2026-09-27 00:00,24.0,3.5999999046325684,0.65,2.9499999046325684,
2026-09-25,determinista,ecmwf_ifs025,2026-09-26 12:00,False,austral,2026-09-26 18:00,6.0,5.400000095367432,6.9,1.4999999046325687,
2026-09-25,determinista,ecmwf_ifs025,2026-09-26 12:00,False,chaihuin,2026-09-26 18:00,6.0,22.200000762939453,25.3,3.0999992370605476,
2026-09-25,determinista,ecmwf_ifs025,2026-09-26 12:00,False,corral,2026-09-26 18:00,6.0,22.200000762939453,31.200000000000003,8.99999923706055,
2026-09-25,determinista,ecmwf_ifs025,2026-09-26 12:00,False,corral_essal,2026-09-26 18:00,6.0,22.200000762939453,16.6,5.600000762939452,
2026-09-25,determinista,ecmwf_ifs025,2026-09-26 12:00,False,curinanco,2026-09-26 18:00,6.0,5.400000095367432,13.100000000000001,7.69999990463257,
2026-09-25,determinista,ecmwf_ifs025,2026-09-26 12:00,False,islateja,2026-09-26 18:00,6.0,5.400000095367432,10.5,5.099999904632568,
2026-09-25,determinista,ecmwf_ifs025,2026-09-26 12:00,False,las_lomas,2026-09-26 18:00,6.0,3.0,1.2000000000000002,1.7999999999999998,
2026-09-25,determinista,ecmwf_ifs025,2026-09-26 12:00,False,llancahue,2026-09-26 18:00,6.0,5.400000095367432,13.899999999999999,8.499999904632567,
2026-09-25,determinista,ecmwf_ifs025,2026-09-26 12:00,False,pichoy,2026-09-26 18:00,6.0,3.0,0.8,2.2,
2026-09-25,determinista,ecmwf_ifs025,2026-09-26 12:00,False,zona_costa,2026-09-26 18:00,6.0,18.0,21.550000000000004,3.5500000000000043,
2026-09-25,determinista,ecmwf_ifs025,2026-09-26 12:00,False,zona_ciudad,2026-09-26 18:00,6.0,5.400000095367432,10.433333333333332,5.0333332379659,
2026-09-25,determinista,ecmwf_ifs025,2026-09-26 12:00,False,zona_interior,2026-09-26 18:00,6.0,3.0,1.0,2.0,
2026-09-25,determinista,ecmwf_ifs025,2026-09-26 12:00,False,austral,2026-09-27 00:00,12.0,7.800000190734863,9.7,1.899999809265136,
2026-09-25,determinista,ecmwf_ifs025,2026-09-26 12:00,False,chaihuin,2026-09-27 00:00,12.0,11.700000762939453,21.3,9.599999237060548,
2026-09-25,determinista,ecmwf_ifs025,2026-09-26 12:00,False,corral,2026-09-27 00:00,12.0,11.700000762939453,19.7,7.999999237060546,
2026-09-25,determinista,ecmwf_ifs025,2026-09-26 12:00,False,corral_essal,2026-09-27 00:00,12.0,11.700000762939453,6.2,5.500000762939453,
2026-09-25,determinista,ecmwf_ifs025,2026-09-26 12:00,False,curinanco,2026-09-27 00:00,12.0,7.800000190734863,14.7,6.899999809265136,
2026-09-25,determinista,ecmwf_ifs025,2026-09-26 12:00,False,islateja,2026-09-27 00:00,12.0,7.800000190734863,7.699999999999999,0.10000019073486399,
2026-09-25,determinista,ecmwf_ifs025,2026-09-26 12:00,False,las_lomas,2026-09-27 00:00,12.0,6.0,0.9,5.1,
2026-09-25,determinista,ecmwf_ifs025,2026-09-26 12:00,False,llancahue,2026-09-27 00:00,12.0,7.800000190734863,13.1,5.299999809265136,
2026-09-25,determinista,ecmwf_ifs025,2026-09-26 12:00,False,pichoy,2026-09-27 00:00,12.0,6.0,0.4,5.6,
2026-09-25,determinista,ecmwf_ifs025,2026-09-26 12:00,False,zona_costa,2026-09-27 00:00,12.0,10.725000381469727,15.475000000000001,4.749999618530275,
2026-09-25,determinista,ecmwf_ifs025,2026-09-26 12:00,False,zona_ciudad,2026-09-27 00:00,12.0,7.8000006675720215,10.166666666666666,2.3666659990946446,
2026-09-25,determinista,ecmwf_ifs025,2026-09-26 12:00,False,zona_interior,2026-09-27 00:00,12.0,6.0,0.65,5.35,
2026-09-25,determinista,gfs_global,2026-09-21 12:00,False,austral,2026-09-26 00:00,108.0,2.200000047683716,0.6,1.6000000476837157,
2026-09-25,determinista,gfs_global,2026-09-21 12:00,False,chaihuin,2026-09-26 00:00,108.0,4.899999618530273,0.0,4.899999618530273,
2026-09-25,determinista,gfs_global,2026-09-21 12:00,False,corral,2026-09-26 00:00,108.0,4.300000190734863,0.0,4.300000190734863,
2026-09-25,determinista,gfs_global,2026-09-21 12:00,False,corral_essal,2026-09-26 00:00,108.0,4.300000190734863,0.0,4.300000190734863,
2026-09-25,determinista,gfs_global,2026-09-21 12:00,False,curinanco,2026-09-26 00:00,108.0,2.799999952316284,1.4,1.3999999523162843,
2026-09-25,determinista,gfs_global,2026-09-21 12:00,False,islateja,2026-09-26 00:00,108.0,2.200000047683716,1.6,0.6000000476837157,
2026-09-25,determinista,gfs_global,2026-09-21 12:00,False,las_lomas,2026-09-26 00:00,108.0,5.099999904632568,2.0,3.0999999046325684,
2026-09-25,determinista,gfs_global,2026-09-21 12:00,False,llancahue,2026-09-26 00:00,108.0,5.0,1.2,3.8,
2026-09-25,determinista,gfs_global,2026-09-21 12:00,False,pichoy,2026-09-26 00:00,108.0,1.7000000476837158,6.4,4.6999999523162845,
2026-09-25,determinista,gfs_global,2026-09-21 12:00,False,zona_costa,2026-09-26 00:00,108.0,4.074999809265137,0.35,3.7249998092651366,
2026-09-25,determinista,gfs_global,2026-09-21 12:00,False,zona_ciudad,2026-09-26 00:00,108.0,3.133333206176758,1.1333333333333333,1.9999998728434245,
2026-09-25,determinista,gfs_global,2026-09-21 12:00,False,zona_interior,2026-09-26 00:00,108.0,3.4000000953674316,4.2,0.7999999046325685,
2026-09-25,determinista,gfs_global,2026-09-21 12:00,False,austral,2026-09-26 06:00,114.0,6.800000190734863,3.3,3.5000001907348635,
2026-09-25,determinista,gfs_global,2026-09-21 12:00,False,chaihuin,2026-09-26 06:00,114.0,9.399999618530273,0.0,9.399999618530273,
2026-09-25,determinista,gfs_global,2026-09-21 12:00,False,corral,2026-09-26 06:00,114.0,9.0,0.0,9.0,
2026-09-25,determinista,gfs_global,2026-09-21 12:00,False,corral_essal,2026-09-26 06:00,114.0,9.0,2.9000000000000004,6.1,
2026-09-25,determinista,gfs_global,2026-09-21 12:00,False,curinanco,2026-09-26 06:00,114.0,8.300000190734863,1.3,7.0000001907348635,
2026-09-25,determinista,gfs_global,2026-09-21 12:00,False,islateja,2026-09-26 06:00,114.0,6.800000190734863,2.4000000000000004,4.400000190734863,
2026-09-25,determinista,gfs_global,2026-09-21 12:00,False,las_lomas,2026-09-26 06:00,114.0,2.299999952316284,0.6,1.699999952316284,
2026-09-25,determinista,gfs_global,2026-09-21 12:00,False,llancahue,2026-09-26 06:00,114.0,6.5,2.0,4.5,
2026-09-25,determinista,gfs_global,2026-09-21 12:00,False,pichoy,2026-09-26 06:00,114.0,2.8000001907348633,1.5999999999999999,1.2000001907348634,
2026-09-25,determinista,gfs_global,2026-09-21 12:00,False,zona_costa,2026-09-26 06:00,114.0,8.924999237060547,1.05,7.874999237060547,
2026-09-25,determinista,gfs_global,2026-09-21 12:00,False,zona_ciudad,2026-09-26 06:00,114.0,6.700000286102295,2.566666666666667,4.1333336194356285,
2026-09-25,determinista,gfs_global,2026-09-21 12:00,False,zona_interior,2026-09-26 06:00,114.0,2.5500001907348633,1.0999999999999999,1.4500001907348634,
2026-09-25,determinista,gfs_global,2026-09-21 12:00,False,austral,2026-09-26 12:00,120.0,2.5,2.2,0.2999999999999998,
2026-09-25,determinista,gfs_global,2026-09-21 12:00,False,chaihuin,2026-09-26 12:00,120.0,4.599999904632568,4.3,0.29999990463256854,
2026-09-25,determinista,gfs_global,2026-09-21 12:00,False,corral,2026-09-26 12:00,120.0,4.199999809265137,8.600000000000001,4.400000190734865,
2026-09-25,determinista,gfs_global,2026-09-21 12:00,False,corral_essal,2026-09-26 12:00,120.0,4.199999809265137,30.5,26.300000190734863,
2026-09-25,determinista,gfs_global,2026-09-21 12:00,False,curinanco,2026-09-26 12:00,120.0,3.799999952316284,2.8,0.9999999523162844,
2026-09-25,determinista,gfs_global,2026-09-21 12:00,False,islateja,2026-09-26 12:00,120.0,2.5,2.6,0.10000000000000009,
2026-09-25,determinista,gfs_global,2026-09-21 12:00,False,las_lomas,2026-09-26 12:00,120.0,2.299999952316284,0.4,1.8999999523162843,
2026-09-25,determinista,gfs_global,2026-09-21 12:00,False,llancahue,2026-09-26 12:00,120.0,2.0,2.5,0.5,
2026-09-25,determinista,gfs_global,2026-09-21 12:00,False,pichoy,2026-09-26 12:00,120.0,1.9000000953674316,0.8,1.1000000953674316,
2026-09-25,determinista,gfs_global,2026-09-21 12:00,False,zona_costa,2026-09-26 12:00,120.0,4.199999809265137,11.55,7.350000190734864,
2026-09-25,determinista,gfs_global,2026-09-21 12:00,False,zona_ciudad,2026-09-26 12:00,120.0,2.3333332538604736,2.433333333333333,0.1000000794728595,
2026-09-25,determinista,gfs_global,2026-09-21 12:00,False,zona_interior,2026-09-26 12:00,120.0,2.0999999046325684,0.6000000000000001,1.4999999046325683,
2026-09-25,determinista,gfs_global,2026-09-21 12:00,False,austral,2026-09-26 18:00,126.0,3.809999942779541,6.9,3.0900000572204593,
2026-09-25,determinista,gfs_global,2026-09-21 12:00,False,chaihuin,2026-09-26 18:00,126.0,3.0,25.3,22.3,
2026-09-25,determinista,gfs_global,2026-09-21 12:00,False,corral,2026-09-26 18:00,126.0,3.120000123977661,31.200000000000003,28.07999987602234,
2026-09-25,determinista,gfs_global,2026-09-21 12:00,False,corral_essal,2026-09-26 18:00,126.0,3.120000123977661,16.6,13.47999987602234,
2026-09-25,determinista,gfs_global,2026-09-21 12:00,False,curinanco,2026-09-26 18:00,126.0,3.809999942779541,13.100000000000001,9.29000005722046,
2026-09-25,determinista,gfs_global,2026-09-21 12:00,False,islateja,2026-09-26 18:00,126.0,3.809999942779541,10.5,6.690000057220459,
2026-09-25,determinista,gfs_global,2026-09-21 12:00,False,las_lomas,2026-09-26 18:00,126.0,5.400000095367432,1.2000000000000002,4.2000000953674315,
2026-09-25,determinista,gfs_global,2026-09-21 12:00,False,llancahue,2026-09-26 18:00,126.0,4.800000190734863,13.899999999999999,9.099999809265135,
2026-09-25,determinista,gfs_global,2026-09-21 12:00,False,pichoy,2026-09-26 18:00,126.0,4.019999980926514,0.8,3.219999980926514,
2026-09-25,determinista,gfs_global,2026-09-21 12:00,False,zona_costa,2026-09-26 18:00,126.0,3.262500047683716,21.550000000000004,18.28749995231629,
2026-09-25,determinista,gfs_global,2026-09-21 12:00,False,zona_ciudad,2026-09-26 18:00,126.0,4.139999866485596,10.433333333333332,6.293333466847736,
2026-09-25,determinista,gfs_global,2026-09-21 12:00,False,zona_interior,2026-09-26 18:00,126.0,4.710000038146973,1.0,3.7100000381469727,
2026-09-25,determinista,gfs_global,2026-09-21 12:00,False,austral,2026-09-27 00:00,132.0,0.8999999761581421,9.7,8.800000023841857,
2026-09-25,determinista,gfs_global,2026-09-21 12:00,False,chaihuin,2026-09-27 00:00,132.0,0.8100000023841858,21.3,20.489999997615815,
2026-09-25,determinista,gfs_global,2026-09-21 12:00,False,corral,2026-09-27 00:00,132.0,0.6000000238418579,19.7,19.09999997615814,
2026-09-25,determinista,gfs_global,2026-09-21 12:00,False,corral_essal,2026-09-27 00:00,132.0,0.6000000238418579,6.2,5.599999976158142,
2026-09-25,determinista,gfs_global,2026-09-21 12:00,False,curinanco,2026-09-27 00:00,132.0,1.2000000476837158,14.7,13.499999952316283,
2026-09-25,determinista,gfs_global,2026-09-21 12:00,False,islateja,2026-09-27 00:00,132.0,0.8999999761581421,7.699999999999999,6.800000023841857,
2026-09-25,determinista,gfs_global,2026-09-21 12:00,False,las_lomas,2026-09-27 00:00,132.0,2.2799999713897705,0.9,1.3799999713897706,
2026-09-25,determinista,gfs_global,2026-09-21 12:00,False,llancahue,2026-09-27 00:00,132.0,1.0800000429153442,13.1,12.019999957084655,
2026-09-25,determinista,gfs_global,2026-09-21 12:00,False,pichoy,2026-09-27 00:00,132.0,1.1100000143051147,0.4,0.7100000143051147,
2026-09-25,determinista,gfs_global,2026-09-21 12:00,False,zona_costa,2026-09-27 00:00,132.0,0.8025000095367432,15.475000000000001,14.672499990463258,
2026-09-25,determinista,gfs_global,2026-09-21 12:00,False,zona_ciudad,2026-09-27 00:00,132.0,0.9600000381469727,10.166666666666666,9.206666628519693,
2026-09-25,determinista,gfs_global,2026-09-21 12:00,False,zona_interior,2026-09-27 00:00,132.0,1.6949999332427979,0.65,1.044999933242798,
2026-09-25,determinista,gfs_global,2026-09-22 00:00,False,austral,2026-09-26 00:00,96.0,0.699999988079071,0.6,0.09999998807907107,
2026-09-25,determinista,gfs_global,2026-09-22 00:00,False,chaihuin,2026-09-26 00:00,96.0,0.0,0.0,0.0,
2026-09-25,determinista,gfs_global,2026-09-22 00:00,False,corral,2026-09-26 00:00,96.0,0.0,0.0,0.0,
2026-09-25,determinista,gfs_global,2026-09-22 00:00,False,corral_essal,2026-09-26 00:00,96.0,0.0,0.0,0.0,
2026-09-25,determinista,gfs_global,2026-09-22 00:00,False,curinanco,2026-09-26 00:00,96.0,0.5,1.4,0.8999999999999999,
2026-09-25,determinista,gfs_global,2026-09-22 00:00,False,islateja,2026-09-26 00:00,96.0,0.699999988079071,1.6,0.900000011920929,
2026-09-25,determinista,gfs_global,2026-09-22 00:00,False,las_lomas,2026-09-26 00:00,96.0,2.5,2.0,0.5,
2026-09-25,determinista,gfs_global,2026-09-22 00:00,False,llancahue,2026-09-26 00:00,96.0,1.399999976158142,1.2,0.19999997615814213,
2026-09-25,determinista,gfs_global,2026-09-22 00:00,False,pichoy,2026-09-26 00:00,96.0,1.3000000715255737,6.4,5.099999928474427,
2026-09-25,determinista,gfs_global,2026-09-22 00:00,False,zona_costa,2026-09-26 00:00,96.0,0.125,0.35,0.22499999999999998,
2026-09-25,determinista,gfs_global,2026-09-22 00:00,False,zona_ciudad,2026-09-26 00:00,96.0,0.9333333373069763,1.1333333333333333,0.19999999602635699,
2026-09-25,determinista,gfs_global,2026-09-22 00:00,False,zona_interior,2026-09-26 00:00,96.0,1.9000000953674316,4.2,2.2999999046325685,
2026-09-25,determinista,gfs_global,2026-09-22 00:00,False,austral,2026-09-26 06:00,102.0,0.800000011920929,3.3,2.499999988079071,
2026-09-25,determinista,gfs_global,2026-09-22 00:00,False,chaihuin,2026-09-26 06:00,102.0,1.8000000715255737,0.0,1.8000000715255737,
2026-09-25,determinista,gfs_global,2026-09-22 00:00,False,corral,2026-09-26 06:00,102.0,2.8000001907348633,0.0,2.8000001907348633,
2026-09-25,determinista,gfs_global,2026-09-22 00:00,False,corral_essal,2026-09-26 06:00,102.0,2.8000001907348633,2.9000000000000004,0.09999980926513707,
2026-09-25,determinista,gfs_global,2026-09-22 00:00,False,curinanco,2026-09-26 06:00,102.0,3.0,1.3,1.7,
2026-09-25,determinista,gfs_global,2026-09-22 00:00,False,islateja,2026-09-26 06:00,102.0,0.800000011920929,2.4000000000000004,1.5999999880790714,
2026-09-25,determinista,gfs_global,2026-09-22 00:00,False,las_lomas,2026-09-26 06:00,102.0,1.7999999523162842,0.6,1.199999952316284,
2026-09-25,determinista,gfs_global,2026-09-22 00:00,False,llancahue,2026-09-26 06:00,102.0,1.0,2.0,1.0,
2026-09-25,determinista,gfs_global,2026-09-22 00:00,False,pichoy,2026-09-26 06:00,102.0,1.100000023841858,1.5999999999999999,0.49999997615814196,
2026-09-25,determinista,gfs_global,2026-09-22 00:00,False,zona_costa,2026-09-26 06:00,102.0,2.6000001430511475,1.05,1.5500001430511474,
2026-09-25,determinista,gfs_global,2026-09-22 00:00,False,zona_ciudad,2026-09-26 06:00,102.0,0.8666666150093079,2.566666666666667,1.700000051657359,
2026-09-25,determinista,gfs_global,2026-09-22 00:00,False,zona_interior,2026-09-26 06:00,102.0,1.4500000476837158,1.0999999999999999,0.35000004768371595,
2026-09-25,determinista,gfs_global,2026-09-22 00:00,False,austral,2026-09-26 12:00,108.0,0.8999999761581421,2.2,1.300000023841858,
2026-09-25,determinista,gfs_global,2026-09-22 00:00,False,chaihuin,2026-09-26 12:00,108.0,7.5,4.3,3.2,
2026-09-25,determinista,gfs_global,2026-09-22 00:00,False,corral,2026-09-26 12:00,108.0,5.699999809265137,8.600000000000001,2.9000001907348647,
2026-09-25,determinista,gfs_global,2026-09-22 00:00,False,corral_essal,2026-09-26 12:00,108.0,5.699999809265137,30.5,24.800000190734863,
2026-09-25,determinista,gfs_global,2026-09-22 00:00,False,curinanco,2026-09-26 12:00,108.0,3.4000000953674316,2.8,0.6000000953674318,
2026-09-25,determinista,gfs_global,2026-09-22 00:00,False,islateja,2026-09-26 12:00,108.0,0.8999999761581421,2.6,1.700000023841858,
2026-09-25,determinista,gfs_global,2026-09-22 00:00,False,las_lomas,2026-09-26 12:00,108.0,1.5,0.4,1.1,
2026-09-25,determinista,gfs_global,2026-09-22 00:00,False,llancahue,2026-09-26 12:00,108.0,2.0,2.5,0.5,
2026-09-25,determinista,gfs_global,2026-09-22 00:00,False,pichoy,2026-09-26 12:00,108.0,1.100000023841858,0.8,0.30000002384185787,
2026-09-25,determinista,gfs_global,2026-09-22 00:00,False,zona_costa,2026-09-26 12:00,108.0,5.574999809265137,11.55,5.975000190734864,
2026-09-25,determinista,gfs_global,2026-09-22 00:00,False,zona_ciudad,2026-09-26 12:00,108.0,1.2666667699813843,2.433333333333333,1.1666665633519488,
2026-09-25,determinista,gfs_global,2026-09-22 00:00,False,zona_interior,2026-09-26 12:00,108.0,1.2999999523162842,0.6000000000000001,0.6999999523162841,
2026-09-25,determinista,gfs_global,2026-09-22 00:00,False,austral,2026-09-26 18:00,114.0,2.9000000953674316,6.9,3.9999999046325687,
2026-09-25,determinista,gfs_global,2026-09-22 00:00,False,chaihuin,2026-09-26 18:00,114.0,9.09999942779541,25.3,16.20000057220459,
2026-09-25,determinista,gfs_global,2026-09-22 00:00,False,corral,2026-09-26 18:00,114.0,4.5,31.200000000000003,26.700000000000003,
2026-09-25,determinista,gfs_global,2026-09-22 00:00,False,corral_essal,2026-09-26 18:00,114.0,4.5,16.6,12.100000000000001,
2026-09-25,determinista,gfs_global,2026-09-22 00:00,False,curinanco,2026-09-26 18:00,114.0,1.899999976158142,13.100000000000001,11.20000002384186,
2026-09-25,determinista,gfs_global,2026-09-22 00:00,False,islateja,2026-09-26 18:00,114.0,2.9000000953674316,10.5,7.599999904632568,
2026-09-25,determinista,gfs_global,2026-09-22 00:00,False,las_lomas,2026-09-26 18:00,114.0,4.5,1.2000000000000002,3.3,
2026-09-25,determinista,gfs_global,2026-09-22 00:00,False,llancahue,2026-09-26 18:00,114.0,3.0999999046325684,13.899999999999999,10.80000009536743,
2026-09-25,determinista,gfs_global,2026-09-22 00:00,False,pichoy,2026-09-26 18:00,114.0,4.400000095367432,0.8,3.600000095367432,
2026-09-25,determinista,gfs_global,2026-09-22 00:00,False,zona_costa,2026-09-26 18:00,114.0,5.0,21.550000000000004,16.550000000000004,
2026-09-25,determinista,gfs_global,2026-09-22 00:00,False,zona_ciudad,2026-09-26 18:00,114.0,2.9666664600372314,10.433333333333332,7.4666668732961,
2026-09-25,determinista,gfs_global,2026-09-22 00:00,False,zona_interior,2026-09-26 18:00,114.0,4.449999809265137,1.0,3.4499998092651367,
2026-09-25,determinista,gfs_global,2026-09-22 00:00,False,austral,2026-09-27 00:00,120.0,1.600000023841858,9.7,8.099999976158141,
2026-09-25,determinista,gfs_global,2026-09-22 00:00,False,chaihuin,2026-09-27 00:00,120.0,3.700000047683716,21.3,17.599999952316285,
2026-09-25,determinista,gfs_global,2026-09-22 00:00,False,corral,2026-09-27 00:00,120.0,3.8000001907348633,19.7,15.899999809265136,
2026-09-25,determinista,gfs_global,2026-09-22 00:00,False,corral_essal,2026-09-27 00:00,120.0,3.8000001907348633,6.2,2.399999809265137,
2026-09-25,determinista,gfs_global,2026-09-22 00:00,False,curinanco,2026-09-27 00:00,120.0,1.7999999523162842,14.7,12.900000047683715,
2026-09-25,determinista,gfs_global,2026-09-22 00:00,False,islateja,2026-09-27 00:00,120.0,1.600000023841858,7.699999999999999,6.099999976158141,
2026-09-25,determinista,gfs_global,2026-09-22 00:00,False,las_lomas,2026-09-27 00:00,120.0,2.799999952316284,0.9,1.8999999523162843,
2026-09-25,determinista,gfs_global,2026-09-22 00:00,False,llancahue,2026-09-27 00:00,120.0,2.700000047683716,13.1,10.399999952316284,
2026-09-25,determinista,gfs_global,2026-09-22 00:00,False,pichoy,2026-09-27 00:00,120.0,1.5,0.4,1.1,
2026-09-25,determinista,gfs_global,2026-09-22 00:00,False,zona_costa,2026-09-27 00:00,120.0,3.2750000953674316,15.475000000000001,12.19999990463257,
2026-09-25,determinista,gfs_global,2026-09-22 00:00,False,zona_ciudad,2026-09-27 00:00,120.0,1.9666666984558105,10.166666666666666,8.199999968210856,
2026-09-25,determinista,gfs_global,2026-09-22 00:00,False,zona_interior,2026-09-27 00:00,120.0,2.1500000953674316,0.65,1.5000000953674317,
2026-09-25,determinista,gfs_global,2026-09-22 12:00,False,austral,2026-09-26 00:00,84.0,2.0,0.6,1.4,
2026-09-25,determinista,gfs_global,2026-09-22 12:00,False,chaihuin,2026-09-26 00:00,84.0,5.400000095367432,0.0,5.400000095367432,
2026-09-25,determinista,gfs_global,2026-09-22 12:00,False,corral,2026-09-26 00:00,84.0,4.699999809265137,0.0,4.699999809265137,
2026-09-25,determinista,gfs_global,2026-09-22 12:00,False,corral_essal,2026-09-26 00:00,84.0,4.699999809265137,0.0,4.699999809265137,
2026-09-25,determinista,gfs_global,2026-09-22 12:00,False,curinanco,2026-09-26 00:00,84.0,4.199999809265137,1.4,2.799999809265137,
2026-09-25,determinista,gfs_global,2026-09-22 12:00,False,islateja,2026-09-26 00:00,84.0,2.0,1.6,0.3999999999999999,
2026-09-25,determinista,gfs_global,2026-09-22 12:00,False,las_lomas,2026-09-26 00:00,84.0,3.0,2.0,1.0,
2026-09-25,determinista,gfs_global,2026-09-22 12:00,False,llancahue,2026-09-26 00:00,84.0,4.099999904632568,1.2,2.899999904632568,
2026-09-25,determinista,gfs_global,2026-09-22 12:00,False,pichoy,2026-09-26 00:00,84.0,1.600000023841858,6.4,4.7999999761581424,
2026-09-25,determinista,gfs_global,2026-09-22 12:00,False,zona_costa,2026-09-26 00:00,84.0,4.75,0.35,4.4,
2026-09-25,determinista,gfs_global,2026-09-22 12:00,False,zona_ciudad,2026-09-26 00:00,84.0,2.700000047683716,1.1333333333333333,1.5666667143503825,
2026-09-25,determinista,gfs_global,2026-09-22 12:00,False,zona_interior,2026-09-26 00:00,84.0,2.299999952316284,4.2,1.900000047683716,
2026-09-25,determinista,gfs_global,2026-09-22 12:00,False,austral,2026-09-26 06:00,90.0,2.8000001907348633,3.3,0.49999980926513654,
2026-09-25,determinista,gfs_global,2026-09-22 12:00,False,chaihuin,2026-09-26 06:00,90.0,7.699999809265137,0.0,7.699999809265137,
2026-09-25,determinista,gfs_global,2026-09-22 12:00,False,corral,2026-09-26 06:00,90.0,8.600000381469727,0.0,8.600000381469727,
2026-09-25,determinista,gfs_global,2026-09-22 12:00,False,corral_essal,2026-09-26 06:00,90.0,8.600000381469727,2.9000000000000004,5.700000381469726,
2026-09-25,determinista,gfs_global,2026-09-22 12:00,False,curinanco,2026-09-26 06:00,90.0,7.099999904632568,1.3,5.7999999046325685,
2026-09-25,determinista,gfs_global,2026-09-22 12:00,False,islateja,2026-09-26 06:00,90.0,2.8000001907348633,2.4000000000000004,0.4000001907348629,
2026-09-25,determinista,gfs_global,2026-09-22 12:00,False,las_lomas,2026-09-26 06:00,90.0,1.9000000953674316,0.6,1.3000000953674316,
2026-09-25,determinista,gfs_global,2026-09-22 12:00,False,llancahue,2026-09-26 06:00,90.0,3.4000000953674316,2.0,1.4000000953674316,
2026-09-25,determinista,gfs_global,2026-09-22 12:00,False,pichoy,2026-09-26 06:00,90.0,1.2999999523162842,1.5999999999999999,0.3000000476837157,
2026-09-25,determinista,gfs_global,2026-09-22 12:00,False,zona_costa,2026-09-26 06:00,90.0,8.0,1.05,6.95,
2026-09-25,determinista,gfs_global,2026-09-22 12:00,False,zona_ciudad,2026-09-26 06:00,90.0,3.0,2.566666666666667,0.4333333333333331,
2026-09-25,determinista,gfs_global,2026-09-22 12:00,False,zona_interior,2026-09-26 06:00,90.0,1.600000023841858,1.0999999999999999,0.500000023841858,
2026-09-25,determinista,gfs_global,2026-09-22 12:00,False,austral,2026-09-26 12:00,96.0,7.300000190734863,2.2,5.100000190734863,
2026-09-25,determinista,gfs_global,2026-09-22 12:00,False,chaihuin,2026-09-26 12:00,96.0,4.800000190734863,4.3,0.5000001907348635,
2026-09-25,determinista,gfs_global,2026-09-22 12:00,False,corral,2026-09-26 12:00,96.0,4.599999904632568,8.600000000000001,4.000000095367433,
2026-09-25,determinista,gfs_global,2026-09-22 12:00,False,corral_essal,2026-09-26 12:00,96.0,4.599999904632568,30.5,25.90000009536743,
2026-09-25,determinista,gfs_global,2026-09-22 12:00,False,curinanco,2026-09-26 12:00,96.0,7.700000286102295,2.8,4.900000286102295,
2026-09-25,determinista,gfs_global,2026-09-22 12:00,False,islateja,2026-09-26 12:00,96.0,7.300000190734863,2.6,4.700000190734864,
2026-09-25,determinista,gfs_global,2026-09-22 12:00,False,las_lomas,2026-09-26 12:00,96.0,4.0,0.4,3.6,
2026-09-25,determinista,gfs_global,2026-09-22 12:00,False,llancahue,2026-09-26 12:00,96.0,8.600000381469727,2.5,6.100000381469727,
2026-09-25,determinista,gfs_global,2026-09-22 12:00,False,pichoy,2026-09-26 12:00,96.0,4.700000286102295,0.8,3.900000286102295,
2026-09-25,determinista,gfs_global,2026-09-22 12:00,False,zona_costa,2026-09-26 12:00,96.0,5.425000190734863,11.55,6.124999809265137,
2026-09-25,determinista,gfs_global,2026-09-22 12:00,False,zona_ciudad,2026-09-26 12:00,96.0,7.733333587646484,2.433333333333333,5.300000254313151,
2026-09-25,determinista,gfs_global,2026-09-22 12:00,False,zona_interior,2026-09-26 12:00,96.0,4.350000381469727,0.6000000000000001,3.7500003814697265,
2026-09-25,determinista,gfs_global,2026-09-22 12:00,False,austral,2026-09-26 18:00,102.0,3.799999952316284,6.9,3.100000047683716,
2026-09-25,determinista,gfs_global,2026-09-22 12:00,False,chaihuin,2026-09-26 18:00,102.0,7.800000190734863,25.3,17.499999809265137,
2026-09-25,determinista,gfs_global,2026-09-22 12:00,False,corral,2026-09-26 18:00,102.0,6.099999904632568,31.200000000000003,25.100000095367434,
2026-09-25,determinista,gfs_global,2026-09-22 12:00,False,corral_essal,2026-09-26 18:00,102.0,6.099999904632568,16.6,10.500000095367433,
2026-09-25,determinista,gfs_global,2026-09-22 12:00,False,curinanco,2026-09-26 18:00,102.0,3.700000047683716,13.100000000000001,9.399999952316286,
2026-09-25,determinista,gfs_global,2026-09-22 12:00,False,islateja,2026-09-26 18:00,102.0,3.799999952316284,10.5,6.700000047683716,
2026-09-25,determinista,gfs_global,2026-09-22 12:00,False,las_lomas,2026-09-26 18:00,102.0,4.0,1.2000000000000002,2.8,
2026-09-25,determinista,gfs_global,2026-09-22 12:00,False,llancahue,2026-09-26 18:00,102.0,5.099999904632568,13.899999999999999,8.80000009536743,
2026-09-25,determinista,gfs_global,2026-09-22 12:00,False,pichoy,2026-09-26 18:00,102.0,3.0,0.8,2.2,
2026-09-25,determinista,gfs_global,2026-09-22 12:00,False,zona_costa,2026-09-26 18:00,102.0,5.925000190734863,21.550000000000004,15.624999809265141,
2026-09-25,determinista,gfs_global,2026-09-22 12:00,False,zona_ciudad,2026-09-26 18:00,102.0,4.233333110809326,10.433333333333332,6.200000222524006,
2026-09-25,determinista,gfs_global,2026-09-22 12:00,False,zona_interior,2026-09-26 18:00,102.0,3.5,1.0,2.5,
2026-09-25,determinista,gfs_global,2026-09-22 12:00,False,austral,2026-09-27 00:00,108.0,0.9000000357627869,9.7,8.799999964237212,
2026-09-25,determinista,gfs_global,2026-09-22 12:00,False,chaihuin,2026-09-27 00:00,108.0,0.6000000238418579,21.3,20.699999976158143,
2026-09-25,determinista,gfs_global,2026-09-22 12:00,False,corral,2026-09-27 00:00,108.0,0.6000000238418579,19.7,19.09999997615814,
2026-09-25,determinista,gfs_global,2026-09-22 12:00,False,corral_essal,2026-09-27 00:00,108.0,0.6000000238418579,6.2,5.599999976158142,
2026-09-25,determinista,gfs_global,2026-09-22 12:00,False,curinanco,2026-09-27 00:00,108.0,0.699999988079071,14.7,14.000000011920928,
2026-09-25,determinista,gfs_global,2026-09-22 12:00,False,islateja,2026-09-27 00:00,108.0,0.9000000357627869,7.699999999999999,6.799999964237212,
2026-09-25,determinista,gfs_global,2026-09-22 12:00,False,las_lomas,2026-09-27 00:00,108.0,1.3000000715255737,0.9,0.4000000715255737,
2026-09-25,determinista,gfs_global,2026-09-22 12:00,False,llancahue,2026-09-27 00:00,108.0,1.3000000715255737,13.1,11.799999928474426,
2026-09-25,determinista,gfs_global,2026-09-22 12:00,False,pichoy,2026-09-27 00:00,108.0,1.0,0.4,0.6,
2026-09-25,determinista,gfs_global,2026-09-22 12:00,False,zona_costa,2026-09-27 00:00,108.0,0.625,15.475000000000001,14.850000000000001,
2026-09-25,determinista,gfs_global,2026-09-22 12:00,False,zona_ciudad,2026-09-27 00:00,108.0,1.033333420753479,10.166666666666666,9.133333245913187,
2026-09-25,determinista,gfs_global,2026-09-22 12:00,False,zona_interior,2026-09-27 00:00,108.0,1.1500000953674316,0.65,0.5000000953674316,
2026-09-25,determinista,gfs_global,2026-09-23 00:00,False,austral,2026-09-26 00:00,72.0,0.9000000357627869,0.6,0.3000000357627869,
2026-09-25,determinista,gfs_global,2026-09-23 00:00,False,chaihuin,2026-09-26 00:00,72.0,0.699999988079071,0.0,0.699999988079071,
2026-09-25,determinista,gfs_global,2026-09-23 00:00,False,corral,2026-09-26 00:00,72.0,0.800000011920929,0.0,0.800000011920929,
2026-09-25,determinista,gfs_global,2026-09-23 00:00,False,corral_essal,2026-09-26 00:00,72.0,0.800000011920929,0.0,0.800000011920929,
2026-09-25,determinista,gfs_global,2026-09-23 00:00,False,curinanco,2026-09-26 00:00,72.0,0.4000000059604645,1.4,0.9999999940395354,
2026-09-25,determinista,gfs_global,2026-09-23 00:00,False,islateja,2026-09-26 00:00,72.0,0.9000000357627869,1.6,0.6999999642372132,
2026-09-25,determinista,gfs_global,2026-09-23 00:00,False,las_lomas,2026-09-26 00:00,72.0,3.1000001430511475,2.0,1.1000001430511475,
2026-09-25,determinista,gfs_global,2026-09-23 00:00,False,llancahue,2026-09-26 00:00,72.0,2.799999952316284,1.2,1.5999999523162842,
2026-09-25,determinista,gfs_global,2026-09-23 00:00,False,pichoy,2026-09-26 00:00,72.0,1.399999976158142,6.4,5.000000023841858,
2026-09-25,determinista,gfs_global,2026-09-23 00:00,False,zona_costa,2026-09-26 00:00,72.0,0.675000011920929,0.35,0.325000011920929,
2026-09-25,determinista,gfs_global,2026-09-23 00:00,False,zona_ciudad,2026-09-26 00:00,72.0,1.5333333015441895,1.1333333333333333,0.39999996821085615,
2026-09-25,determinista,gfs_global,2026-09-23 00:00,False,zona_interior,2026-09-26 00:00,72.0,2.25,4.2,1.9500000000000002,
2026-09-25,determinista,gfs_global,2026-09-23 00:00,False,austral,2026-09-26 06:00,78.0,0.6000000238418579,3.3,2.699999976158142,
2026-09-25,determinista,gfs_global,2026-09-23 00:00,False,chaihuin,2026-09-26 06:00,78.0,1.2000000476837158,0.0,1.2000000476837158,
2026-09-25,determinista,gfs_global,2026-09-23 00:00,False,corral,2026-09-26 06:00,78.0,1.3000000715255737,0.0,1.3000000715255737,
2026-09-25,determinista,gfs_global,2026-09-23 00:00,False,corral_essal,2026-09-26 06:00,78.0,1.3000000715255737,2.9000000000000004,1.5999999284744266,
2026-09-25,determinista,gfs_global,2026-09-23 00:00,False,curinanco,2026-09-26 06:00,78.0,2.0,1.3,0.7,
2026-09-25,determinista,gfs_global,2026-09-23 00:00,False,islateja,2026-09-26 06:00,78.0,0.6000000238418579,2.4000000000000004,1.7999999761581424,
2026-09-25,determinista,gfs_global,2026-09-23 00:00,False,las_lomas,2026-09-26 06:00,78.0,0.4000000059604645,0.6,0.1999999940395355,
2026-09-25,determinista,gfs_global,2026-09-23 00:00,False,llancahue,2026-09-26 06:00,78.0,0.5,2.0,1.5,
2026-09-25,determinista,gfs_global,2026-09-23 00:00,False,pichoy,2026-09-26 06:00,78.0,0.4000000059604645,1.5999999999999999,1.1999999940395354,
2026-09-25,determinista,gfs_global,2026-09-23 00:00,False,zona_costa,2026-09-26 06:00,78.0,1.4500000476837158,1.05,0.4000000476837158,
2026-09-25,determinista,gfs_global,2026-09-23 00:00,False,zona_ciudad,2026-09-26 06:00,78.0,0.5666666626930237,2.566666666666667,2.000000003973643,
2026-09-25,determinista,gfs_global,2026-09-23 00:00,False,zona_interior,2026-09-26 06:00,78.0,0.4000000059604645,1.0999999999999999,0.6999999940395354,
2026-09-25,determinista,gfs_global,2026-09-23 00:00,False,austral,2026-09-26 12:00,84.0,0.7000000476837158,2.2,1.4999999523162844,
2026-09-25,determinista,gfs_global,2026-09-23 00:00,False,chaihuin,2026-09-26 12:00,84.0,4.900000095367432,4.3,0.6000000953674318,
2026-09-25,determinista,gfs_global,2026-09-23 00:00,False,corral,2026-09-26 12:00,84.0,3.4000000953674316,8.600000000000001,5.19999990463257,
2026-09-25,determinista,gfs_global,2026-09-23 00:00,False,corral_essal,2026-09-26 12:00,84.0,3.4000000953674316,30.5,27.09999990463257,
2026-09-25,determinista,gfs_global,2026-09-23 00:00,False,curinanco,2026-09-26 12:00,84.0,2.299999952316284,2.8,0.5000000476837156,
2026-09-25,determinista,gfs_global,2026-09-23 00:00,False,islateja,2026-09-26 12:00,84.0,0.7000000476837158,2.6,1.8999999523162843,
2026-09-25,determinista,gfs_global,2026-09-23 00:00,False,las_lomas,2026-09-26 12:00,84.0,0.0,0.4,0.4,
2026-09-25,determinista,gfs_global,2026-09-23 00:00,False,llancahue,2026-09-26 12:00,84.0,0.8999999761581421,2.5,1.600000023841858,
2026-09-25,determinista,gfs_global,2026-09-23 00:00,False,pichoy,2026-09-26 12:00,84.0,0.10000000149011612,0.8,0.6999999985098839,
2026-09-25,determinista,gfs_global,2026-09-23 00:00,False,zona_costa,2026-09-26 12:00,84.0,3.5,11.55,8.05,
2026-09-25,determinista,gfs_global,2026-09-23 00:00,False,zona_ciudad,2026-09-26 12:00,84.0,0.7666667103767395,2.433333333333333,1.6666666229565936,
2026-09-25,determinista,gfs_global,2026-09-23 00:00,False,zona_interior,2026-09-26 12:00,84.0,0.05000000074505806,0.6000000000000001,0.549999999254942,
2026-09-25,determinista,gfs_global,2026-09-23 00:00,False,austral,2026-09-26 18:00,90.0,1.4000000953674316,6.9,5.499999904632569,
2026-09-25,determinista,gfs_global,2026-09-23 00:00,False,chaihuin,2026-09-26 18:00,90.0,12.600000381469727,25.3,12.699999618530274,
2026-09-25,determinista,gfs_global,2026-09-23 00:00,False,corral,2026-09-26 18:00,90.0,7.299999713897705,31.200000000000003,23.900000286102298,
2026-09-25,determinista,gfs_global,2026-09-23 00:00,False,corral_essal,2026-09-26 18:00,90.0,7.299999713897705,16.6,9.300000286102296,
2026-09-25,determinista,gfs_global,2026-09-23 00:00,False,curinanco,2026-09-26 18:00,90.0,3.8000001907348633,13.100000000000001,9.299999809265138,
2026-09-25,determinista,gfs_global,2026-09-23 00:00,False,islateja,2026-09-26 18:00,90.0,1.4000000953674316,10.5,9.099999904632568,
2026-09-25,determinista,gfs_global,2026-09-23 00:00,False,las_lomas,2026-09-26 18:00,90.0,0.7000000476837158,1.2000000000000002,0.49999995231628436,
2026-09-25,determinista,gfs_global,2026-09-23 00:00,False,llancahue,2026-09-26 18:00,90.0,1.899999976158142,13.899999999999999,12.000000023841856,
2026-09-25,determinista,gfs_global,2026-09-23 00:00,False,pichoy,2026-09-26 18:00,90.0,0.800000011920929,0.8,1.1920928910669204e-08,
2026-09-25,determinista,gfs_global,2026-09-23 00:00,False,zona_costa,2026-09-26 18:00,90.0,7.75,21.550000000000004,13.800000000000004,
2026-09-25,determinista,gfs_global,2026-09-23 00:00,False,zona_ciudad,2026-09-26 18:00,90.0,1.5666667222976685,10.433333333333332,8.866666611035663,
2026-09-25,determinista,gfs_global,2026-09-23 00:00,False,zona_interior,2026-09-26 18:00,90.0,0.75,1.0,0.25,
2026-09-25,determinista,gfs_global,2026-09-23 00:00,False,austral,2026-09-27 00:00,96.0,8.899999618530273,9.7,0.8000003814697259,
2026-09-25,determinista,gfs_global,2026-09-23 00:00,False,chaihuin,2026-09-27 00:00,96.0,2.4000000953674316,21.3,18.89999990463257,
2026-09-25,determinista,gfs_global,2026-09-23 00:00,False,corral,2026-09-27 00:00,96.0,3.5,19.7,16.2,
2026-09-25,determinista,gfs_global,2026-09-23 00:00,False,corral_essal,2026-09-27 00:00,96.0,3.5,6.2,2.7,
2026-09-25,determinista,gfs_global,2026-09-23 00:00,False,curinanco,2026-09-27 00:00,96.0,6.90000057220459,14.7,7.7999994277954094,
2026-09-25,determinista,gfs_global,2026-09-23 00:00,False,islateja,2026-09-27 00:00,96.0,8.899999618530273,7.699999999999999,1.1999996185302741,
2026-09-25,determinista,gfs_global,2026-09-23 00:00,False,las_lomas,2026-09-27 00:00,96.0,7.699999809265137,0.9,6.799999809265136,
2026-09-25,determinista,gfs_global,2026-09-23 00:00,False,llancahue,2026-09-27 00:00,96.0,10.699999809265137,13.1,2.400000190734863,
2026-09-25,determinista,gfs_global,2026-09-23 00:00,False,pichoy,2026-09-27 00:00,96.0,6.800000190734863,0.4,6.400000190734863,
2026-09-25,determinista,gfs_global,2026-09-23 00:00,False,zona_costa,2026-09-27 00:00,96.0,4.075000286102295,15.475000000000001,11.399999713897706,
2026-09-25,determinista,gfs_global,2026-09-23 00:00,False,zona_ciudad,2026-09-27 00:00,96.0,9.499999046325684,10.166666666666666,0.6666676203409825,
2026-09-25,determinista,gfs_global,2026-09-23 00:00,False,zona_interior,2026-09-27 00:00,96.0,7.25,0.65,6.6,
2026-09-25,determinista,gfs_global,2026-09-23 12:00,False,austral,2026-09-26 00:00,60.0,2.200000047683716,0.6,1.6000000476837157,
2026-09-25,determinista,gfs_global,2026-09-23 12:00,False,chaihuin,2026-09-26 00:00,60.0,3.9000000953674316,0.0,3.9000000953674316,
2026-09-25,determinista,gfs_global,2026-09-23 12:00,False,corral,2026-09-26 00:00,60.0,2.700000047683716,0.0,2.700000047683716,
2026-09-25,determinista,gfs_global,2026-09-23 12:00,False,corral_essal,2026-09-26 00:00,60.0,2.700000047683716,0.0,2.700000047683716,
2026-09-25,determinista,gfs_global,2026-09-23 12:00,False,curinanco,2026-09-26 00:00,60.0,1.5,1.4,0.10000000000000009,
2026-09-25,determinista,gfs_global,2026-09-23 12:00,False,islateja,2026-09-26 00:00,60.0,2.200000047683716,1.6,0.6000000476837157,
2026-09-25,determinista,gfs_global,2026-09-23 12:00,False,las_lomas,2026-09-26 00:00,60.0,3.0,2.0,1.0,
2026-09-25,determinista,gfs_global,2026-09-23 12:00,False,llancahue,2026-09-26 00:00,60.0,3.5999999046325684,1.2,2.399999904632568,
2026-09-25,determinista,gfs_global,2026-09-23 12:00,False,pichoy,2026-09-26 00:00,60.0,1.600000023841858,6.4,4.7999999761581424,
2026-09-25,determinista,gfs_global,2026-09-23 12:00,False,zona_costa,2026-09-26 00:00,60.0,2.700000047683716,0.35,2.3500000476837157,
2026-09-25,determinista,gfs_global,2026-09-23 12:00,False,zona_ciudad,2026-09-26 00:00,60.0,2.6666667461395264,1.1333333333333333,1.533333412806193,
2026-09-25,determinista,gfs_global,2026-09-23 12:00,False,zona_interior,2026-09-26 00:00,60.0,2.299999952316284,4.2,1.900000047683716,
2026-09-25,determinista,gfs_global,2026-09-23 12:00,False,austral,2026-09-26 06:00,66.0,1.100000023841858,3.3,2.199999976158142,
2026-09-25,determinista,gfs_global,2026-09-23 12:00,False,chaihuin,2026-09-26 06:00,66.0,1.5,0.0,1.5,
2026-09-25,determinista,gfs_global,2026-09-23 12:00,False,corral,2026-09-26 06:00,66.0,1.7000000476837158,0.0,1.7000000476837158,
2026-09-25,determinista,gfs_global,2026-09-23 12:00,False,corral_essal,2026-09-26 06:00,66.0,1.7000000476837158,2.9000000000000004,1.1999999523162845,
2026-09-25,determinista,gfs_global,2026-09-23 12:00,False,curinanco,2026-09-26 06:00,66.0,2.5,1.3,1.2,
2026-09-25,determinista,gfs_global,2026-09-23 12:00,False,islateja,2026-09-26 06:00,66.0,1.100000023841858,2.4000000000000004,1.2999999761581424,
2026-09-25,determinista,gfs_global,2026-09-23 12:00,False,las_lomas,2026-09-26 06:00,66.0,1.600000023841858,0.6,1.0000000238418578,
2026-09-25,determinista,gfs_global,2026-09-23 12:00,False,llancahue,2026-09-26 06:00,66.0,1.4000000953674316,2.0,0.5999999046325684,
2026-09-25,determinista,gfs_global,2026-09-23 12:00,False,pichoy,2026-09-26 06:00,66.0,1.2999999523162842,1.5999999999999999,0.3000000476837157,
2026-09-25,determinista,gfs_global,2026-09-23 12:00,False,zona_costa,2026-09-26 06:00,66.0,1.8499999046325684,1.05,0.7999999046325683,
2026-09-25,determinista,gfs_global,2026-09-23 12:00,False,zona_ciudad,2026-09-26 06:00,66.0,1.1999999284744263,2.566666666666667,1.3666667381922406,
2026-09-25,determinista,gfs_global,2026-09-23 12:00,False,zona_interior,2026-09-26 06:00,66.0,1.4500000476837158,1.0999999999999999,0.35000004768371595,
2026-09-25,determinista,gfs_global,2026-09-23 12:00,False,austral,2026-09-26 12:00,72.0,1.899999976158142,2.2,0.3000000238418581,
2026-09-25,determinista,gfs_global,2026-09-23 12:00,False,chaihuin,2026-09-26 12:00,72.0,4.300000190734863,4.3,1.9073486345888568e-07,
2026-09-25,determinista,gfs_global,2026-09-23 12:00,False,corral,2026-09-26 12:00,72.0,3.5999999046325684,8.600000000000001,5.000000095367433,
2026-09-25,determinista,gfs_global,2026-09-23 12:00,False,corral_essal,2026-09-26 12:00,72.0,3.5999999046325684,30.5,26.90000009536743,
2026-09-25,determinista,gfs_global,2026-09-23 12:00,False,curinanco,2026-09-26 12:00,72.0,2.5999999046325684,2.8,0.20000009536743146,
2026-09-25,determinista,gfs_global,2026-09-23 12:00,False,islateja,2026-09-26 12:00,72.0,1.899999976158142,2.6,0.700000023841858,
2026-09-25,determinista,gfs_global,2026-09-23 12:00,False,las_lomas,2026-09-26 12:00,72.0,1.3000000715255737,0.4,0.9000000715255737,
2026-09-25,determinista,gfs_global,2026-09-23 12:00,False,llancahue,2026-09-26 12:00,72.0,2.4000000953674316,2.5,0.09999990463256836,
2026-09-25,determinista,gfs_global,2026-09-23 12:00,False,pichoy,2026-09-26 12:00,72.0,1.2000000476837158,0.8,0.4000000476837158,
2026-09-25,determinista,gfs_global,2026-09-23 12:00,False,zona_costa,2026-09-26 12:00,72.0,3.5250000953674316,11.55,8.024999904632569,
2026-09-25,determinista,gfs_global,2026-09-23 12:00,False,zona_ciudad,2026-09-26 12:00,72.0,2.066666841506958,2.433333333333333,0.3666664918263751,
2026-09-25,determinista,gfs_global,2026-09-23 12:00,False,zona_interior,2026-09-26 12:00,72.0,1.25,0.6000000000000001,0.6499999999999999,
2026-09-25,determinista,gfs_global,2026-09-23 12:00,False,austral,2026-09-26 18:00,78.0,2.700000047683716,6.9,4.1999999523162845,
2026-09-25,determinista,gfs_global,2026-09-23 12:00,False,chaihuin,2026-09-26 18:00,78.0,8.5,25.3,16.8,
2026-09-25,determinista,gfs_global,2026-09-23 12:00,False,corral,2026-09-26 18:00,78.0,7.5,31.200000000000003,23.700000000000003,
2026-09-25,determinista,gfs_global,2026-09-23 12:00,False,corral_essal,2026-09-26 18:00,78.0,7.5,16.6,9.100000000000001,
2026-09-25,determinista,gfs_global,2026-09-23 12:00,False,curinanco,2026-09-26 18:00,78.0,3.799999952316284,13.100000000000001,9.300000047683717,
2026-09-25,determinista,gfs_global,2026-09-23 12:00,False,islateja,2026-09-26 18:00,78.0,2.700000047683716,10.5,7.799999952316284,
2026-09-25,determinista,gfs_global,2026-09-23 12:00,False,las_lomas,2026-09-26 18:00,78.0,3.299999952316284,1.2000000000000002,2.099999952316284,
2026-09-25,determinista,gfs_global,2026-09-23 12:00,False,llancahue,2026-09-26 18:00,78.0,3.4000000953674316,13.899999999999999,10.499999904632567,
2026-09-25,determinista,gfs_global,2026-09-23 12:00,False,pichoy,2026-09-26 18:00,78.0,2.4000000953674316,0.8,1.6000000953674316,
2026-09-25,determinista,gfs_global,2026-09-23 12:00,False,zona_costa,2026-09-26 18:00,78.0,6.824999809265137,21.550000000000004,14.725000190734868,
2026-09-25,determinista,gfs_global,2026-09-23 12:00,False,zona_ciudad,2026-09-26 18:00,78.0,2.933333396911621,10.433333333333332,7.499999936421711,
2026-09-25,determinista,gfs_global,2026-09-23 12:00,False,zona_interior,2026-09-26 18:00,78.0,2.8499999046325684,1.0,1.8499999046325684,
2026-09-25,determinista,gfs_global,2026-09-23 12:00,False,austral,2026-09-27 00:00,84.0,0.9000000357627869,9.7,8.799999964237212,
2026-09-25,determinista,gfs_global,2026-09-23 12:00,False,chaihuin,2026-09-27 00:00,84.0,1.399999976158142,21.3,19.90000002384186,
2026-09-25,determinista,gfs_global,2026-09-23 12:00,False,corral,2026-09-27 00:00,84.0,1.5,19.7,18.2,
2026-09-25,determinista,gfs_global,2026-09-23 12:00,False,corral_essal,2026-09-27 00:00,84.0,1.5,6.2,4.7,
2026-09-25,determinista,gfs_global,2026-09-23 12:00,False,curinanco,2026-09-27 00:00,84.0,0.6000000238418579,14.7,14.099999976158141,
2026-09-25,determinista,gfs_global,2026-09-23 12:00,False,islateja,2026-09-27 00:00,84.0,0.9000000357627869,7.699999999999999,6.799999964237212,
2026-09-25,determinista,gfs_global,2026-09-23 12:00,False,las_lomas,2026-09-27 00:00,84.0,2.700000047683716,0.9,1.800000047683716,
2026-09-25,determinista,gfs_global,2026-09-23 12:00,False,llancahue,2026-09-27 00:00,84.0,2.4000000953674316,13.1,10.699999904632568,
2026-09-25,determinista,gfs_global,2026-09-23 12:00,False,pichoy,2026-09-27 00:00,84.0,1.399999976158142,0.4,0.9999999761581421,
2026-09-25,determinista,gfs_global,2026-09-23 12:00,False,zona_costa,2026-09-27 00:00,84.0,1.25,15.475000000000001,14.225000000000001,
2026-09-25,determinista,gfs_global,2026-09-23 12:00,False,zona_ciudad,2026-09-27 00:00,84.0,1.4000000953674316,10.166666666666666,8.766666571299234,
2026-09-25,determinista,gfs_global,2026-09-23 12:00,False,zona_interior,2026-09-27 00:00,84.0,2.049999952316284,0.65,1.3999999523162843,
2026-09-25,determinista,gfs_global,2026-09-24 00:00,False,austral,2026-09-26 00:00,48.0,2.0999999046325684,0.6,1.4999999046325683,
2026-09-25,determinista,gfs_global,2026-09-24 00:00,False,chaihuin,2026-09-26 00:00,48.0,2.9000000953674316,0.0,2.9000000953674316,
2026-09-25,determinista,gfs_global,2026-09-24 00:00,False,corral,2026-09-26 00:00,48.0,1.600000023841858,0.0,1.600000023841858,
2026-09-25,determinista,gfs_global,2026-09-24 00:00,False,corral_essal,2026-09-26 00:00,48.0,1.600000023841858,0.0,1.600000023841858,
2026-09-25,determinista,gfs_global,2026-09-24 00:00,False,curinanco,2026-09-26 00:00,48.0,1.7000000476837158,1.4,0.3000000476837159,
2026-09-25,determinista,gfs_global,2026-09-24 00:00,False,islateja,2026-09-26 00:00,48.0,2.0999999046325684,1.6,0.49999990463256827,
2026-09-25,determinista,gfs_global,2026-09-24 00:00,False,las_lomas,2026-09-26 00:00,48.0,3.0,2.0,1.0,
2026-09-25,determinista,gfs_global,2026-09-24 00:00,False,llancahue,2026-09-26 00:00,48.0,3.4000000953674316,1.2,2.2000000953674315,
2026-09-25,determinista,gfs_global,2026-09-24 00:00,False,pichoy,2026-09-26 00:00,48.0,1.3000000715255737,6.4,5.099999928474427,
2026-09-25,determinista,gfs_global,2026-09-24 00:00,False,zona_costa,2026-09-26 00:00,48.0,1.9500000476837158,0.35,1.6000000476837157,
2026-09-25,determinista,gfs_global,2026-09-24 00:00,False,zona_ciudad,2026-09-26 00:00,48.0,2.5333333015441895,1.1333333333333333,1.3999999682108561,
2026-09-25,determinista,gfs_global,2026-09-24 00:00,False,zona_interior,2026-09-26 00:00,48.0,2.1500000953674316,4.2,2.0499999046325685,
2026-09-25,determinista,gfs_global,2026-09-24 00:00,False,austral,2026-09-26 06:00,54.0,1.7999999523162842,3.3,1.5000000476837156,
2026-09-25,determinista,gfs_global,2026-09-24 00:00,False,chaihuin,2026-09-26 06:00,54.0,4.800000190734863,0.0,4.800000190734863,
2026-09-25,determinista,gfs_global,2026-09-24 00:00,False,corral,2026-09-26 06:00,54.0,1.9000000953674316,0.0,1.9000000953674316,
2026-09-25,determinista,gfs_global,2026-09-24 00:00,False,corral_essal,2026-09-26 06:00,54.0,1.9000000953674316,2.9000000000000004,0.9999999046325687,
2026-09-25,determinista,gfs_global,2026-09-24 00:00,False,curinanco,2026-09-26 06:00,54.0,3.3000001907348633,1.3,2.0000001907348635,
2026-09-25,determinista,gfs_global,2026-09-24 00:00,False,islateja,2026-09-26 06:00,54.0,1.7999999523162842,2.4000000000000004,0.6000000476837162,
2026-09-25,determinista,gfs_global,2026-09-24 00:00,False,las_lomas,2026-09-26 06:00,54.0,1.7000000476837158,0.6,1.1000000476837157,
2026-09-25,determinista,gfs_global,2026-09-24 00:00,False,llancahue,2026-09-26 06:00,54.0,1.7999999523162842,2.0,0.20000004768371582,
2026-09-25,determinista,gfs_global,2026-09-24 00:00,False,pichoy,2026-09-26 06:00,54.0,0.6000000238418579,1.5999999999999999,0.999999976158142,
2026-09-25,determinista,gfs_global,2026-09-24 00:00,False,zona_costa,2026-09-26 06:00,54.0,2.9749999046325684,1.05,1.9249999046325683,
2026-09-25,determinista,gfs_global,2026-09-24 00:00,False,zona_ciudad,2026-09-26 06:00,54.0,1.7999998331069946,2.566666666666667,0.7666668335596722,
2026-09-25,determinista,gfs_global,2026-09-24 00:00,False,zona_interior,2026-09-26 06:00,54.0,1.1500000953674316,1.0999999999999999,0.050000095367431774,
2026-09-25,determinista,gfs_global,2026-09-24 00:00,False,austral,2026-09-26 12:00,60.0,8.0,2.2,5.8,
2026-09-25,determinista,gfs_global,2026-09-24 00:00,False,chaihuin,2026-09-26 12:00,60.0,4.800000190734863,4.3,0.5000001907348635,
2026-09-25,determinista,gfs_global,2026-09-24 00:00,False,corral,2026-09-26 12:00,60.0,5.599999904632568,8.600000000000001,3.000000095367433,
2026-09-25,determinista,gfs_global,2026-09-24 00:00,False,corral_essal,2026-09-26 12:00,60.0,5.599999904632568,30.5,24.90000009536743,
2026-09-25,determinista,gfs_global,2026-09-24 00:00,False,curinanco,2026-09-26 12:00,60.0,6.699999809265137,2.8,3.899999809265137,
2026-09-25,determinista,gfs_global,2026-09-24 00:00,False,islateja,2026-09-26 12:00,60.0,8.0,2.6,5.4,
2026-09-25,determinista,gfs_global,2026-09-24 00:00,False,las_lomas,2026-09-26 12:00,60.0,8.0,0.4,7.6,
2026-09-25,determinista,gfs_global,2026-09-24 00:00,False,llancahue,2026-09-26 12:00,60.0,10.199999809265137,2.5,7.699999809265137,
2026-09-25,determinista,gfs_global,2026-09-24 00:00,False,pichoy,2026-09-26 12:00,60.0,8.800000190734863,0.8,8.000000190734863,
2026-09-25,determinista,gfs_global,2026-09-24 00:00,False,zona_costa,2026-09-26 12:00,60.0,5.674999713897705,11.55,5.875000286102296,
2026-09-25,determinista,gfs_global,2026-09-24 00:00,False,zona_ciudad,2026-09-26 12:00,60.0,8.733333587646484,2.433333333333333,6.300000254313151,
2026-09-25,determinista,gfs_global,2026-09-24 00:00,False,zona_interior,2026-09-26 12:00,60.0,8.399999618530273,0.6000000000000001,7.799999618530274,
2026-09-25,determinista,gfs_global,2026-09-24 00:00,False,austral,2026-09-26 18:00,66.0,4.699999809265137,6.9,2.2000001907348636,
2026-09-25,determinista,gfs_global,2026-09-24 00:00,False,chaihuin,2026-09-26 18:00,66.0,6.800000190734863,25.3,18.499999809265137,
2026-09-25,determinista,gfs_global,2026-09-24 00:00,False,corral,2026-09-26 18:00,66.0,7.400000095367432,31.200000000000003,23.79999990463257,
2026-09-25,determinista,gfs_global,2026-09-24 00:00,False,corral_essal,2026-09-26 18:00,66.0,7.400000095367432,16.6,9.19999990463257,
2026-09-25,determinista,gfs_global,2026-09-24 00:00,False,curinanco,2026-09-26 18:00,66.0,5.400000095367432,13.100000000000001,7.69999990463257,
2026-09-25,determinista,gfs_global,2026-09-24 00:00,False,islateja,2026-09-26 18:00,66.0,4.699999809265137,10.5,5.800000190734863,
2026-09-25,determinista,gfs_global,2026-09-24 00:00,False,las_lomas,2026-09-26 18:00,66.0,4.099999904632568,1.2000000000000002,2.899999904632568,
2026-09-25,determinista,gfs_global,2026-09-24 00:00,False,llancahue,2026-09-26 18:00,66.0,5.900000095367432,13.899999999999999,7.999999904632567,
2026-09-25,determinista,gfs_global,2026-09-24 00:00,False,pichoy,2026-09-26 18:00,66.0,4.300000190734863,0.8,3.5000001907348635,
2026-09-25,determinista,gfs_global,2026-09-24 00:00,False,zona_costa,2026-09-26 18:00,66.0,6.75,21.550000000000004,14.800000000000004,
2026-09-25,determinista,gfs_global,2026-09-24 00:00,False,zona_ciudad,2026-09-26 18:00,66.0,5.099999904632568,10.433333333333332,5.333333428700763,
2026-09-25,determinista,gfs_global,2026-09-24 00:00,False,zona_interior,2026-09-26 18:00,66.0,4.199999809265137,1.0,3.1999998092651367,
2026-09-25,determinista,gfs_global,2026-09-24 00:00,False,austral,2026-09-27 00:00,72.0,3.200000047683716,9.7,6.4999999523162835,
2026-09-25,determinista,gfs_global,2026-09-24 00:00,False,chaihuin,2026-09-27 00:00,72.0,4.699999809265137,21.3,16.600000190734864,
2026-09-25,determinista,gfs_global,2026-09-24 00:00,False,corral,2026-09-27 00:00,72.0,3.5,19.7,16.2,
2026-09-25,determinista,gfs_global,2026-09-24 00:00,False,corral_essal,2026-09-27 00:00,72.0,3.5,6.2,2.7,
2026-09-25,determinista,gfs_global,2026-09-24 00:00,False,curinanco,2026-09-27 00:00,72.0,2.1000001430511475,14.7,12.599999856948852,
2026-09-25,determinista,gfs_global,2026-09-24 00:00,False,islateja,2026-09-27 00:00,72.0,3.200000047683716,7.699999999999999,4.4999999523162835,
2026-09-25,determinista,gfs_global,2026-09-24 00:00,False,las_lomas,2026-09-27 00:00,72.0,4.699999809265137,0.9,3.799999809265137,
2026-09-25,determinista,gfs_global,2026-09-24 00:00,False,llancahue,2026-09-27 00:00,72.0,3.0999999046325684,13.1,10.000000095367431,
2026-09-25,determinista,gfs_global,2026-09-24 00:00,False,pichoy,2026-09-27 00:00,72.0,3.700000047683716,0.4,3.300000047683716,
2026-09-25,determinista,gfs_global,2026-09-24 00:00,False,zona_costa,2026-09-27 00:00,72.0,3.450000047683716,15.475000000000001,12.024999952316286,
2026-09-25,determinista,gfs_global,2026-09-24 00:00,False,zona_ciudad,2026-09-27 00:00,72.0,3.1666667461395264,10.166666666666666,6.99999992052714,
2026-09-25,determinista,gfs_global,2026-09-24 00:00,False,zona_interior,2026-09-27 00:00,72.0,4.199999809265137,0.65,3.549999809265137,
2026-09-25,determinista,gfs_global,2026-09-24 12:00,False,austral,2026-09-26 00:00,36.0,2.0999999046325684,0.6,1.4999999046325683,
2026-09-25,determinista,gfs_global,2026-09-24 12:00,False,chaihuin,2026-09-26 00:00,36.0,1.8000000715255737,0.0,1.8000000715255737,
2026-09-25,determinista,gfs_global,2026-09-24 12:00,False,corral,2026-09-26 00:00,36.0,1.600000023841858,0.0,1.600000023841858,
2026-09-25,determinista,gfs_global,2026-09-24 12:00,False,corral_essal,2026-09-26 00:00,36.0,1.600000023841858,0.0,1.600000023841858,
2026-09-25,determinista,gfs_global,2026-09-24 12:00,False,curinanco,2026-09-26 00:00,36.0,1.399999976158142,1.4,2.3841857821338408e-08,
2026-09-25,determinista,gfs_global,2026-09-24 12:00,False,islateja,2026-09-26 00:00,36.0,2.0999999046325684,1.6,0.49999990463256827,
2026-09-25,determinista,gfs_global,2026-09-24 12:00,False,las_lomas,2026-09-26 00:00,36.0,2.5,2.0,0.5,
2026-09-25,determinista,gfs_global,2026-09-24 12:00,False,llancahue,2026-09-26 00:00,36.0,3.0,1.2,1.8,
2026-09-25,determinista,gfs_global,2026-09-24 12:00,False,pichoy,2026-09-26 00:00,36.0,1.2000000476837158,6.4,5.1999999523162845,
2026-09-25,determinista,gfs_global,2026-09-24 12:00,False,zona_costa,2026-09-26 00:00,36.0,1.600000023841858,0.35,1.2500000238418578,
2026-09-25,determinista,gfs_global,2026-09-24 12:00,False,zona_ciudad,2026-09-26 00:00,36.0,2.3999998569488525,1.1333333333333333,1.2666665236155192,
2026-09-25,determinista,gfs_global,2026-09-24 12:00,False,zona_interior,2026-09-26 00:00,36.0,1.850000023841858,4.2,2.3499999761581423,
2026-09-25,determinista,gfs_global,2026-09-24 12:00,False,austral,2026-09-26 06:00,42.0,1.2999999523162842,3.3,2.0000000476837156,
2026-09-25,determinista,gfs_global,2026-09-24 12:00,False,chaihuin,2026-09-26 06:00,42.0,2.200000047683716,0.0,2.200000047683716,
2026-09-25,determinista,gfs_global,2026-09-24 12:00,False,corral,2026-09-26 06:00,42.0,2.799999952316284,0.0,2.799999952316284,
2026-09-25,determinista,gfs_global,2026-09-24 12:00,False,corral_essal,2026-09-26 06:00,42.0,2.799999952316284,2.9000000000000004,0.10000004768371618,
2026-09-25,determinista,gfs_global,2026-09-24 12:00,False,curinanco,2026-09-26 06:00,42.0,2.299999952316284,1.3,0.9999999523162841,
2026-09-25,determinista,gfs_global,2026-09-24 12:00,False,islateja,2026-09-26 06:00,42.0,1.2999999523162842,2.4000000000000004,1.1000000476837162,
2026-09-25,determinista,gfs_global,2026-09-24 12:00,False,las_lomas,2026-09-26 06:00,42.0,1.0,0.6,0.4,
2026-09-25,determinista,gfs_global,2026-09-24 12:00,False,llancahue,2026-09-26 06:00,42.0,1.2000000476837158,2.0,0.7999999523162842,
2026-09-25,determinista,gfs_global,2026-09-24 12:00,False,pichoy,2026-09-26 06:00,42.0,0.800000011920929,1.5999999999999999,0.7999999880790709,
2026-09-25,determinista,gfs_global,2026-09-24 12:00,False,zona_costa,2026-09-26 06:00,42.0,2.5250000953674316,1.05,1.4750000953674316,
2026-09-25,determinista,gfs_global,2026-09-24 12:00,False,zona_ciudad,2026-09-26 06:00,42.0,1.2666666507720947,2.566666666666667,1.3000000158945721,
2026-09-25,determinista,gfs_global,2026-09-24 12:00,False,zona_interior,2026-09-26 06:00,42.0,0.8999999761581421,1.0999999999999999,0.20000002384185778,
2026-09-25,determinista,gfs_global,2026-09-24 12:00,False,austral,2026-09-26 12:00,48.0,4.599999904632568,2.2,2.399999904632568,
2026-09-25,determinista,gfs_global,2026-09-24 12:00,False,chaihuin,2026-09-26 12:00,48.0,4.400000095367432,4.3,0.10000009536743182,
2026-09-25,determinista,gfs_global,2026-09-24 12:00,False,corral,2026-09-26 12:00,48.0,4.800000190734863,8.600000000000001,3.799999809265138,
2026-09-25,determinista,gfs_global,2026-09-24 12:00,False,corral_essal,2026-09-26 12:00,48.0,4.800000190734863,30.5,25.699999809265137,
2026-09-25,determinista,gfs_global,2026-09-24 12:00,False,curinanco,2026-09-26 12:00,48.0,5.5,2.8,2.7,
2026-09-25,determinista,gfs_global,2026-09-24 12:00,False,islateja,2026-09-26 12:00,48.0,4.599999904632568,2.6,1.9999999046325683,
2026-09-25,determinista,gfs_global,2026-09-24 12:00,False,las_lomas,2026-09-26 12:00,48.0,2.8999998569488525,0.4,2.4999998569488526,
2026-09-25,determinista,gfs_global,2026-09-24 12:00,False,llancahue,2026-09-26 12:00,48.0,5.5,2.5,3.0,
2026-09-25,determinista,gfs_global,2026-09-24 12:00,False,pichoy,2026-09-26 12:00,48.0,3.299999952316284,0.8,2.4999999523162844,
2026-09-25,determinista,gfs_global,2026-09-24 12:00,False,zona_costa,2026-09-26 12:00,48.0,4.875,11.55,6.675000000000001,
2026-09-25,determinista,gfs_global,2026-09-24 12:00,False,zona_ciudad,2026-09-26 12:00,48.0,4.900000095367432,2.433333333333333,2.4666667620340985,
2026-09-25,determinista,gfs_global,2026-09-24 12:00,False,zona_interior,2026-09-26 12:00,48.0,3.0999999046325684,0.6000000000000001,2.4999999046325683,
2026-09-25,determinista,gfs_global,2026-09-24 12:00,False,austral,2026-09-26 18:00,54.0,3.0,6.9,3.9000000000000004,
2026-09-25,determinista,gfs_global,2026-09-24 12:00,False,chaihuin,2026-09-26 18:00,54.0,5.5,25.3,19.8,
2026-09-25,determinista,gfs_global,2026-09-24 12:00,False,corral,2026-09-26 18:00,54.0,5.0,31.200000000000003,26.200000000000003,
2026-09-25,determinista,gfs_global,2026-09-24 12:00,False,corral_essal,2026-09-26 18:00,54.0,5.0,16.6,11.600000000000001,
2026-09-25,determinista,gfs_global,2026-09-24 12:00,False,curinanco,2026-09-26 18:00,54.0,3.4000000953674316,13.100000000000001,9.69999990463257,
2026-09-25,determinista,gfs_global,2026-09-24 12:00,False,islateja,2026-09-26 18:00,54.0,3.0,10.5,7.5,
2026-09-25,determinista,gfs_global,2026-09-24 12:00,False,las_lomas,2026-09-26 18:00,54.0,3.0999999046325684,1.2000000000000002,1.8999999046325682,
2026-09-25,determinista,gfs_global,2026-09-24 12:00,False,llancahue,2026-09-26 18:00,54.0,3.700000047683716,13.899999999999999,10.199999952316283,
2026-09-25,determinista,gfs_global,2026-09-24 12:00,False,pichoy,2026-09-26 18:00,54.0,2.8000001907348633,0.8,2.0000001907348635,
2026-09-25,determinista,gfs_global,2026-09-24 12:00,False,zona_costa,2026-09-26 18:00,54.0,4.724999904632568,21.550000000000004,16.825000095367436,
2026-09-25,determinista,gfs_global,2026-09-24 12:00,False,zona_ciudad,2026-09-26 18:00,54.0,3.2333333492279053,10.433333333333332,7.1999999841054265,
2026-09-25,determinista,gfs_global,2026-09-24 12:00,False,zona_interior,2026-09-26 18:00,54.0,2.950000047683716,1.0,1.9500000476837158,
2026-09-25,determinista,gfs_global,2026-09-24 12:00,False,austral,2026-09-27 00:00,60.0,2.700000047683716,9.7,6.9999999523162835,
2026-09-25,determinista,gfs_global,2026-09-24 12:00,False,chaihuin,2026-09-27 00:00,60.0,3.5999999046325684,21.3,17.700000095367432,
2026-09-25,determinista,gfs_global,2026-09-24 12:00,False,corral,2026-09-27 00:00,60.0,3.0,19.7,16.7,
2026-09-25,determinista,gfs_global,2026-09-24 12:00,False,corral_essal,2026-09-27 00:00,60.0,3.0,6.2,3.2,
2026-09-25,determinista,gfs_global,2026-09-24 12:00,False,curinanco,2026-09-27 00:00,60.0,3.0,14.7,11.7,
2026-09-25,determinista,gfs_global,2026-09-24 12:00,False,islateja,2026-09-27 00:00,60.0,2.700000047683716,7.699999999999999,4.9999999523162835,
2026-09-25,determinista,gfs_global,2026-09-24 12:00,False,las_lomas,2026-09-27 00:00,60.0,4.800000190734863,0.9,3.9000001907348634,
2026-09-25,determinista,gfs_global,2026-09-24 12:00,False,llancahue,2026-09-27 00:00,60.0,3.299999952316284,13.1,9.800000047683715,
2026-09-25,determinista,gfs_global,2026-09-24 12:00,False,pichoy,2026-09-27 00:00,60.0,4.300000190734863,0.4,3.9000001907348634,
2026-09-25,determinista,gfs_global,2026-09-24 12:00,False,zona_costa,2026-09-27 00:00,60.0,3.1500000953674316,15.475000000000001,12.32499990463257,
2026-09-25,determinista,gfs_global,2026-09-24 12:00,False,zona_ciudad,2026-09-27 00:00,60.0,2.8999998569488525,10.166666666666666,7.2666668097178135,
2026-09-25,determinista,gfs_global,2026-09-24 12:00,False,zona_interior,2026-09-27 00:00,60.0,4.550000190734863,0.65,3.9000001907348634,
2026-09-25,determinista,gfs_global,2026-09-25 00:00,False,austral,2026-09-26 00:00,24.0,2.200000047683716,0.6,1.6000000476837157,
2026-09-25,determinista,gfs_global,2026-09-25 00:00,False,chaihuin,2026-09-26 00:00,24.0,2.5999999046325684,0.0,2.5999999046325684,
2026-09-25,determinista,gfs_global,2026-09-25 00:00,False,corral,2026-09-26 00:00,24.0,2.6000001430511475,0.0,2.6000001430511475,
2026-09-25,determinista,gfs_global,2026-09-25 00:00,False,corral_essal,2026-09-26 00:00,24.0,2.6000001430511475,0.0,2.6000001430511475,
2026-09-25,determinista,gfs_global,2026-09-25 00:00,False,curinanco,2026-09-26 00:00,24.0,2.5,1.4,1.1,
2026-09-25,determinista,gfs_global,2026-09-25 00:00,False,islateja,2026-09-26 00:00,24.0,2.200000047683716,1.6,0.6000000476837157,
2026-09-25,determinista,gfs_global,2026-09-25 00:00,False,las_lomas,2026-09-26 00:00,24.0,2.200000047683716,2.0,0.20000004768371582,
2026-09-25,determinista,gfs_global,2026-09-25 00:00,False,llancahue,2026-09-26 00:00,24.0,3.299999952316284,1.2,2.099999952316284,
2026-09-25,determinista,gfs_global,2026-09-25 00:00,False,pichoy,2026-09-26 00:00,24.0,0.7000000476837158,6.4,5.6999999523162845,
2026-09-25,determinista,gfs_global,2026-09-25 00:00,False,zona_costa,2026-09-26 00:00,24.0,2.575000047683716,0.35,2.2250000476837157,
2026-09-25,determinista,gfs_global,2026-09-25 00:00,False,zona_ciudad,2026-09-26 00:00,24.0,2.566666603088379,1.1333333333333333,1.4333332697550456,
2026-09-25,determinista,gfs_global,2026-09-25 00:00,False,zona_interior,2026-09-26 00:00,24.0,1.4500000476837158,4.2,2.7499999523162844,
2026-09-25,determinista,gfs_global,2026-09-25 00:00,False,austral,2026-09-26 06:00,30.0,1.1999999284744263,3.3,2.1000000715255736,
2026-09-25,determinista,gfs_global,2026-09-25 00:00,False,chaihuin,2026-09-26 06:00,30.0,4.0,0.0,4.0,
2026-09-25,determinista,gfs_global,2026-09-25 00:00,False,corral,2026-09-26 06:00,30.0,2.5,0.0,2.5,
2026-09-25,determinista,gfs_global,2026-09-25 00:00,False,corral_essal,2026-09-26 06:00,30.0,2.5,2.9000000000000004,0.40000000000000036,
2026-09-25,determinista,gfs_global,2026-09-25 00:00,False,curinanco,2026-09-26 06:00,30.0,2.700000047683716,1.3,1.4000000476837158,
2026-09-25,determinista,gfs_global,2026-09-25 00:00,False,islateja,2026-09-26 06:00,30.0,1.1999999284744263,2.4000000000000004,1.200000071525574,
2026-09-25,determinista,gfs_global,2026-09-25 00:00,False,las_lomas,2026-09-26 06:00,30.0,1.7000000476837158,0.6,1.1000000476837157,
2026-09-25,determinista,gfs_global,2026-09-25 00:00,False,llancahue,2026-09-26 06:00,30.0,1.100000023841858,2.0,0.8999999761581421,
2026-09-25,determinista,gfs_global,2026-09-25 00:00,False,pichoy,2026-09-26 06:00,30.0,1.399999976158142,1.5999999999999999,0.20000002384185778,
2026-09-25,determinista,gfs_global,2026-09-25 00:00,False,zona_costa,2026-09-26 06:00,30.0,2.924999952316284,1.05,1.8749999523162841,
2026-09-25,determinista,gfs_global,2026-09-25 00:00,False,zona_ciudad,2026-09-26 06:00,30.0,1.1666666269302368,2.566666666666667,1.40000003973643,
2026-09-25,determinista,gfs_global,2026-09-25 00:00,False,zona_interior,2026-09-26 06:00,30.0,1.5499999523162842,1.0999999999999999,0.4499999523162843,
2026-09-25,determinista,gfs_global,2026-09-25 00:00,False,austral,2026-09-26 12:00,36.0,6.399999618530273,2.2,4.199999618530273,
2026-09-25,determinista,gfs_global,2026-09-25 00:00,False,chaihuin,2026-09-26 12:00,36.0,8.199999809265137,4.3,3.899999809265137,
2026-09-25,determinista,gfs_global,2026-09-25 00:00,False,corral,2026-09-26 12:00,36.0,8.600000381469727,8.600000000000001,3.8146972514141453e-07,
2026-09-25,determinista,gfs_global,2026-09-25 00:00,False,corral_essal,2026-09-26 12:00,36.0,8.600000381469727,30.5,21.899999618530273,
2026-09-25,determinista,gfs_global,2026-09-25 00:00,False,curinanco,2026-09-26 12:00,36.0,7.599999904632568,2.8,4.7999999046325685,
2026-09-25,determinista,gfs_global,2026-09-25 00:00,False,islateja,2026-09-26 12:00,36.0,6.399999618530273,2.6,3.7999996185302733,
2026-09-25,determinista,gfs_global,2026-09-25 00:00,False,las_lomas,2026-09-26 12:00,36.0,2.700000047683716,0.4,2.300000047683716,
2026-09-25,determinista,gfs_global,2026-09-25 00:00,False,llancahue,2026-09-26 12:00,36.0,9.5,2.5,7.0,
2026-09-25,determinista,gfs_global,2026-09-25 00:00,False,pichoy,2026-09-26 12:00,36.0,3.0,0.8,2.2,
2026-09-25,determinista,gfs_global,2026-09-25 00:00,False,zona_costa,2026-09-26 12:00,36.0,8.25,11.55,3.3000000000000007,
2026-09-25,determinista,gfs_global,2026-09-25 00:00,False,zona_ciudad,2026-09-26 12:00,36.0,7.433332920074463,2.433333333333333,4.999999586741129,
2026-09-25,determinista,gfs_global,2026-09-25 00:00,False,zona_interior,2026-09-26 12:00,36.0,2.8499999046325684,0.6000000000000001,2.2499999046325683,
2026-09-25,determinista,gfs_global,2026-09-25 00:00,False,austral,2026-09-26 18:00,42.0,5.599999904632568,6.9,1.300000095367432,
2026-09-25,determinista,gfs_global,2026-09-25 00:00,False,chaihuin,2026-09-26 18:00,42.0,5.5,25.3,19.8,
2026-09-25,determinista,gfs_global,2026-09-25 00:00,False,corral,2026-09-26 18:00,42.0,4.300000190734863,31.200000000000003,26.89999980926514,
2026-09-25,determinista,gfs_global,2026-09-25 00:00,False,corral_essal,2026-09-26 18:00,42.0,4.300000190734863,16.6,12.299999809265138,
2026-09-25,determinista,gfs_global,2026-09-25 00:00,False,curinanco,2026-09-26 18:00,42.0,4.699999809265137,13.100000000000001,8.400000190734865,
2026-09-25,determinista,gfs_global,2026-09-25 00:00,False,islateja,2026-09-26 18:00,42.0,5.599999904632568,10.5,4.900000095367432,
2026-09-25,determinista,gfs_global,2026-09-25 00:00,False,las_lomas,2026-09-26 18:00,42.0,4.300000190734863,1.2000000000000002,3.100000190734863,
2026-09-25,determinista,gfs_global,2026-09-25 00:00,False,llancahue,2026-09-26 18:00,42.0,7.0,13.899999999999999,6.899999999999999,
2026-09-25,determinista,gfs_global,2026-09-25 00:00,False,pichoy,2026-09-26 18:00,42.0,4.799999713897705,0.8,3.9999997138977053,
2026-09-25,determinista,gfs_global,2026-09-25 00:00,False,zona_costa,2026-09-26 18:00,42.0,4.699999809265137,21.550000000000004,16.850000190734868,
2026-09-25,determinista,gfs_global,2026-09-25 00:00,False,zona_ciudad,2026-09-26 18:00,42.0,6.066667079925537,10.433333333333332,4.366666253407795,
2026-09-25,determinista,gfs_global,2026-09-25 00:00,False,zona_interior,2026-09-26 18:00,42.0,4.550000190734863,1.0,3.5500001907348633,
2026-09-25,determinista,gfs_global,2026-09-25 00:00,False,austral,2026-09-27 00:00,48.0,5.0,9.7,4.699999999999999,
2026-09-25,determinista,gfs_global,2026-09-25 00:00,False,chaihuin,2026-09-27 00:00,48.0,4.900000095367432,21.3,16.39999990463257,
2026-09-25,determinista,gfs_global,2026-09-25 00:00,False,corral,2026-09-27 00:00,48.0,5.900000095367432,19.7,13.799999904632568,
2026-09-25,determinista,gfs_global,2026-09-25 00:00,False,corral_essal,2026-09-27 00:00,48.0,5.900000095367432,6.2,0.29999990463256854,
2026-09-25,determinista,gfs_global,2026-09-25 00:00,False,curinanco,2026-09-27 00:00,48.0,4.900000095367432,14.7,9.799999904632568,
2026-09-25,determinista,gfs_global,2026-09-25 00:00,False,islateja,2026-09-27 00:00,48.0,5.0,7.699999999999999,2.6999999999999993,
2026-09-25,determinista,gfs_global,2026-09-25 00:00,False,las_lomas,2026-09-27 00:00,48.0,4.0,0.9,3.1,
2026-09-25,determinista,gfs_global,2026-09-25 00:00,False,llancahue,2026-09-27 00:00,48.0,5.599999904632568,13.1,7.500000095367431,
2026-09-25,determinista,gfs_global,2026-09-25 00:00,False,pichoy,2026-09-27 00:00,48.0,4.399999618530273,0.4,3.9999996185302735,
2026-09-25,determinista,gfs_global,2026-09-25 00:00,False,zona_costa,2026-09-27 00:00,48.0,5.400000095367432,15.475000000000001,10.07499990463257,
2026-09-25,determinista,gfs_global,2026-09-25 00:00,False,zona_ciudad,2026-09-27 00:00,48.0,5.200000286102295,10.166666666666666,4.966666380564371,
2026-09-25,determinista,gfs_global,2026-09-25 00:00,False,zona_interior,2026-09-27 00:00,48.0,4.199999809265137,0.65,3.549999809265137,
2026-09-25,determinista,gfs_global,2026-09-25 12:00,False,austral,2026-09-26 00:00,12.0,1.8000000715255737,0.6,1.2000000715255736,
2026-09-25,determinista,gfs_global,2026-09-25 12:00,False,chaihuin,2026-09-26 00:00,12.0,2.4000000953674316,0.0,2.4000000953674316,
2026-09-25,determinista,gfs_global,2026-09-25 12:00,False,corral,2026-09-26 00:00,12.0,1.8000000715255737,0.0,1.8000000715255737,
2026-09-25,determinista,gfs_global,2026-09-25 12:00,False,corral_essal,2026-09-26 00:00,12.0,1.8000000715255737,0.0,1.8000000715255737,
2026-09-25,determinista,gfs_global,2026-09-25 12:00,False,curinanco,2026-09-26 00:00,12.0,2.299999952316284,1.4,0.8999999523162843,
2026-09-25,determinista,gfs_global,2026-09-25 12:00,False,islateja,2026-09-26 00:00,12.0,1.8000000715255737,1.6,0.20000007152557364,
2026-09-25,determinista,gfs_global,2026-09-25 12:00,False,las_lomas,2026-09-26 00:00,12.0,2.4000000953674316,2.0,0.40000009536743164,
2026-09-25,determinista,gfs_global,2026-09-25 12:00,False,llancahue,2026-09-26 00:00,12.0,2.8000001907348633,1.2,1.6000001907348633,
2026-09-25,determinista,gfs_global,2026-09-25 12:00,False,pichoy,2026-09-26 00:00,12.0,0.9000000357627869,6.4,5.4999999642372135,
2026-09-25,determinista,gfs_global,2026-09-25 12:00,False,zona_costa,2026-09-26 00:00,12.0,2.075000047683716,0.35,1.7250000476837157,
2026-09-25,determinista,gfs_global,2026-09-25 12:00,False,zona_ciudad,2026-09-26 00:00,12.0,2.133333444595337,1.1333333333333333,1.0000001112620036,
2026-09-25,determinista,gfs_global,2026-09-25 12:00,False,zona_interior,2026-09-26 00:00,12.0,1.6500000953674316,4.2,2.5499999046325685,
2026-09-25,determinista,gfs_global,2026-09-25 12:00,False,austral,2026-09-26 06:00,18.0,2.6000001430511475,3.3,0.6999998569488524,
2026-09-25,determinista,gfs_global,2026-09-25 12:00,False,chaihuin,2026-09-26 06:00,18.0,4.800000190734863,0.0,4.800000190734863,
2026-09-25,determinista,gfs_global,2026-09-25 12:00,False,corral,2026-09-26 06:00,18.0,4.5,0.0,4.5,
2026-09-25,determinista,gfs_global,2026-09-25 12:00,False,corral_essal,2026-09-26 06:00,18.0,4.5,2.9000000000000004,1.5999999999999996,
2026-09-25,determinista,gfs_global,2026-09-25 12:00,False,curinanco,2026-09-26 06:00,18.0,3.0999999046325684,1.3,1.7999999046325683,
2026-09-25,determinista,gfs_global,2026-09-25 12:00,False,islateja,2026-09-26 06:00,18.0,2.6000001430511475,2.4000000000000004,0.2000001430511471,
2026-09-25,determinista,gfs_global,2026-09-25 12:00,False,las_lomas,2026-09-26 06:00,18.0,2.700000047683716,0.6,2.1000000476837157,
2026-09-25,determinista,gfs_global,2026-09-25 12:00,False,llancahue,2026-09-26 06:00,18.0,1.899999976158142,2.0,0.10000002384185791,
2026-09-25,determinista,gfs_global,2026-09-25 12:00,False,pichoy,2026-09-26 06:00,18.0,1.399999976158142,1.5999999999999999,0.20000002384185778,
2026-09-25,determinista,gfs_global,2026-09-25 12:00,False,zona_costa,2026-09-26 06:00,18.0,4.224999904632568,1.05,3.1749999046325685,
2026-09-25,determinista,gfs_global,2026-09-25 12:00,False,zona_ciudad,2026-09-26 06:00,18.0,2.366666793823242,2.566666666666667,0.1999998728434247,
2026-09-25,determinista,gfs_global,2026-09-25 12:00,False,zona_interior,2026-09-26 06:00,18.0,2.049999952316284,1.0999999999999999,0.9499999523162843,
2026-09-25,determinista,gfs_global,2026-09-25 12:00,False,austral,2026-09-26 12:00,24.0,4.0,2.2,1.7999999999999998,
2026-09-25,determinista,gfs_global,2026-09-25 12:00,False,chaihuin,2026-09-26 12:00,24.0,7.099999904632568,4.3,2.7999999046325685,
2026-09-25,determinista,gfs_global,2026-09-25 12:00,False,corral,2026-09-26 12:00,24.0,8.399999618530273,8.600000000000001,0.20000038146972798,
2026-09-25,determinista,gfs_global,2026-09-25 12:00,False,corral_essal,2026-09-26 12:00,24.0,8.399999618530273,30.5,22.100000381469727,
2026-09-25,determinista,gfs_global,2026-09-25 12:00,False,curinanco,2026-09-26 12:00,24.0,5.300000190734863,2.8,2.5000001907348635,
2026-09-25,determinista,gfs_global,2026-09-25 12:00,False,islateja,2026-09-26 12:00,24.0,4.0,2.6,1.4,
2026-09-25,determinista,gfs_global,2026-09-25 12:00,False,las_lomas,2026-09-26 12:00,24.0,1.7000000476837158,0.4,1.300000047683716,
2026-09-25,determinista,gfs_global,2026-09-25 12:00,False,llancahue,2026-09-26 12:00,24.0,7.599999904632568,2.5,5.099999904632568,
2026-09-25,determinista,gfs_global,2026-09-25 12:00,False,pichoy,2026-09-26 12:00,24.0,1.600000023841858,0.8,0.8000000238418579,
2026-09-25,determinista,gfs_global,2026-09-25 12:00,False,zona_costa,2026-09-26 12:00,24.0,7.299999713897705,11.55,4.250000286102296,
2026-09-25,determinista,gfs_global,2026-09-25 12:00,False,zona_ciudad,2026-09-26 12:00,24.0,5.200000286102295,2.433333333333333,2.766666952768962,
2026-09-25,determinista,gfs_global,2026-09-25 12:00,False,zona_interior,2026-09-26 12:00,24.0,1.6500000953674316,0.6000000000000001,1.0500000953674316,
2026-09-25,determinista,gfs_global,2026-09-25 12:00,False,austral,2026-09-26 18:00,30.0,5.0,6.9,1.9000000000000004,
2026-09-25,determinista,gfs_global,2026-09-25 12:00,False,chaihuin,2026-09-26 18:00,30.0,3.5,25.3,21.8,
2026-09-25,determinista,gfs_global,2026-09-25 12:00,False,corral,2026-09-26 18:00,30.0,6.400000095367432,31.200000000000003,24.79999990463257,
2026-09-25,determinista,gfs_global,2026-09-25 12:00,False,corral_essal,2026-09-26 18:00,30.0,6.400000095367432,16.6,10.19999990463257,
2026-09-25,determinista,gfs_global,2026-09-25 12:00,False,curinanco,2026-09-26 18:00,30.0,4.800000190734863,13.100000000000001,8.299999809265138,
2026-09-25,determinista,gfs_global,2026-09-25 12:00,False,islateja,2026-09-26 18:00,30.0,5.0,10.5,5.5,
2026-09-25,determinista,gfs_global,2026-09-25 12:00,False,las_lomas,2026-09-26 18:00,30.0,4.5,1.2000000000000002,3.3,
2026-09-25,determinista,gfs_global,2026-09-25 12:00,False,llancahue,2026-09-26 18:00,30.0,7.0,13.899999999999999,6.899999999999999,
2026-09-25,determinista,gfs_global,2026-09-25 12:00,False,pichoy,2026-09-26 18:00,30.0,4.5,0.8,3.7,
2026-09-25,determinista,gfs_global,2026-09-25 12:00,False,zona_costa,2026-09-26 18:00,30.0,5.275000095367432,21.550000000000004,16.274999904632573,
2026-09-25,determinista,gfs_global,2026-09-25 12:00,False,zona_ciudad,2026-09-26 18:00,30.0,5.666666507720947,10.433333333333332,4.7666668256123845,
2026-09-25,determinista,gfs_global,2026-09-25 12:00,False,zona_interior,2026-09-26 18:00,30.0,4.5,1.0,3.5,
2026-09-25,determinista,gfs_global,2026-09-25 12:00,False,austral,2026-09-27 00:00,36.0,8.100000381469727,9.7,1.5999996185302727,
2026-09-25,determinista,gfs_global,2026-09-25 12:00,False,chaihuin,2026-09-27 00:00,36.0,5.0,21.3,16.3,
2026-09-25,determinista,gfs_global,2026-09-25 12:00,False,corral,2026-09-27 00:00,36.0,9.600000381469727,19.7,10.099999618530273,
2026-09-25,determinista,gfs_global,2026-09-25 12:00,False,corral_essal,2026-09-27 00:00,36.0,9.600000381469727,6.2,3.4000003814697264,
2026-09-25,determinista,gfs_global,2026-09-25 12:00,False,curinanco,2026-09-27 00:00,36.0,10.0,14.7,4.699999999999999,
2026-09-25,determinista,gfs_global,2026-09-25 12:00,False,islateja,2026-09-27 00:00,36.0,8.100000381469727,7.699999999999999,0.4000003814697273,
2026-09-25,determinista,gfs_global,2026-09-25 12:00,False,las_lomas,2026-09-27 00:00,36.0,4.400000095367432,0.9,3.5000000953674317,
2026-09-25,determinista,gfs_global,2026-09-25 12:00,False,llancahue,2026-09-27 00:00,36.0,9.199999809265137,13.1,3.900000190734863,
2026-09-25,determinista,gfs_global,2026-09-25 12:00,False,pichoy,2026-09-27 00:00,36.0,4.0,0.4,3.6,
2026-09-25,determinista,gfs_global,2026-09-25 12:00,False,zona_costa,2026-09-27 00:00,36.0,8.550000190734863,15.475000000000001,6.924999809265138,
2026-09-25,determinista,gfs_global,2026-09-25 12:00,False,zona_ciudad,2026-09-27 00:00,36.0,8.466666221618652,10.166666666666666,1.7000004450480137,
2026-09-25,determinista,gfs_global,2026-09-25 12:00,False,zona_interior,2026-09-27 00:00,36.0,4.199999809265137,0.65,3.549999809265137,
2026-09-25,determinista,gfs_global,2026-09-26 00:00,False,austral,2026-09-26 06:00,6.0,2.0999999046325684,3.3,1.2000000953674315,
2026-09-25,determinista,gfs_global,2026-09-26 00:00,False,chaihuin,2026-09-26 06:00,6.0,3.6000001430511475,0.0,3.6000001430511475,
2026-09-25,determinista,gfs_global,2026-09-26 00:00,False,corral,2026-09-26 06:00,6.0,3.200000047683716,0.0,3.200000047683716,
2026-09-25,determinista,gfs_global,2026-09-26 00:00,False,corral_essal,2026-09-26 06:00,6.0,3.200000047683716,2.9000000000000004,0.30000004768371547,
2026-09-25,determinista,gfs_global,2026-09-26 00:00,False,curinanco,2026-09-26 06:00,6.0,2.3000001907348633,1.3,1.0000001907348632,
2026-09-25,determinista,gfs_global,2026-09-26 00:00,False,islateja,2026-09-26 06:00,6.0,2.0999999046325684,2.4000000000000004,0.300000095367432,
2026-09-25,determinista,gfs_global,2026-09-26 00:00,False,las_lomas,2026-09-26 06:00,6.0,0.5,0.6,0.09999999999999998,
2026-09-25,determinista,gfs_global,2026-09-26 00:00,False,llancahue,2026-09-26 06:00,6.0,3.8000001907348633,2.0,1.8000001907348633,
2026-09-25,determinista,gfs_global,2026-09-26 00:00,False,pichoy,2026-09-26 06:00,6.0,0.5,1.5999999999999999,1.0999999999999999,
2026-09-25,determinista,gfs_global,2026-09-26 00:00,False,zona_costa,2026-09-26 06:00,6.0,3.075000047683716,1.05,2.025000047683716,
2026-09-25,determinista,gfs_global,2026-09-26 00:00,False,zona_ciudad,2026-09-26 06:00,6.0,2.6666667461395264,2.566666666666667,0.1000000794728595,
2026-09-25,determinista,gfs_global,2026-09-26 00:00,False,zona_interior,2026-09-26 06:00,6.0,0.5,1.0999999999999999,0.5999999999999999,
2026-09-25,determinista,gfs_global,2026-09-26 00:00,False,austral,2026-09-26 12:00,12.0,6.599999904632568,2.2,4.399999904632568,
2026-09-25,determinista,gfs_global,2026-09-26 00:00,False,chaihuin,2026-09-26 12:00,12.0,5.300000190734863,4.3,1.0000001907348635,
2026-09-25,determinista,gfs_global,2026-09-26 00:00,False,corral,2026-09-26 12:00,12.0,6.599999904632568,8.600000000000001,2.000000095367433,
2026-09-25,determinista,gfs_global,2026-09-26 00:00,False,corral_essal,2026-09-26 12:00,12.0,6.599999904632568,30.5,23.90000009536743,
2026-09-25,determinista,gfs_global,2026-09-26 00:00,False,curinanco,2026-09-26 12:00,12.0,7.5,2.8,4.7,
2026-09-25,determinista,gfs_global,2026-09-26 00:00,False,islateja,2026-09-26 12:00,12.0,6.599999904632568,2.6,3.9999999046325683,
2026-09-25,determinista,gfs_global,2026-09-26 00:00,False,las_lomas,2026-09-26 12:00,12.0,3.0,0.4,2.6,
2026-09-25,determinista,gfs_global,2026-09-26 00:00,False,llancahue,2026-09-26 12:00,12.0,8.600000381469727,2.5,6.100000381469727,
2026-09-25,determinista,gfs_global,2026-09-26 00:00,False,pichoy,2026-09-26 12:00,12.0,4.300000190734863,0.8,3.5000001907348635,
2026-09-25,determinista,gfs_global,2026-09-26 00:00,False,zona_costa,2026-09-26 12:00,12.0,6.500000476837158,11.55,5.0499995231628425,
2026-09-25,determinista,gfs_global,2026-09-26 00:00,False,zona_ciudad,2026-09-26 12:00,12.0,7.266666889190674,2.433333333333333,4.83333355585734,
2026-09-25,determinista,gfs_global,2026-09-26 00:00,False,zona_interior,2026-09-26 12:00,12.0,3.6500000953674316,0.6000000000000001,3.0500000953674316,
2026-09-25,determinista,gfs_global,2026-09-26 00:00,False,austral,2026-09-26 18:00,18.0,7.200000286102295,6.9,0.30000028610229457,
2026-09-25,determinista,gfs_global,2026-09-26 00:00,False,chaihuin,2026-09-26 18:00,18.0,7.5,25.3,17.8,
2026-09-25,determinista,gfs_global,2026-09-26 00:00,False,corral,2026-09-26 18:00,18.0,9.40000057220459,31.200000000000003,21.799999427795413,
2026-09-25,determinista,gfs_global,2026-09-26 00:00,False,corral_essal,2026-09-26 18:00,18.0,9.40000057220459,16.6,7.199999427795412,
2026-09-25,determinista,gfs_global,2026-09-26 00:00,False,curinanco,2026-09-26 18:00,18.0,9.0,13.100000000000001,4.100000000000001,
2026-09-25,determinista,gfs_global,2026-09-26 00:00,False,islateja,2026-09-26 18:00,18.0,7.200000286102295,10.5,3.299999713897705,
2026-09-25,determinista,gfs_global,2026-09-26 00:00,False,las_lomas,2026-09-26 18:00,18.0,2.8000001907348633,1.2000000000000002,1.600000190734863,
2026-09-25,determinista,gfs_global,2026-09-26 00:00,False,llancahue,2026-09-26 18:00,18.0,10.0,13.899999999999999,3.8999999999999986,
2026-09-25,determinista,gfs_global,2026-09-26 00:00,False,pichoy,2026-09-26 18:00,18.0,3.6000001430511475,0.8,2.8000001430511476,
2026-09-25,determinista,gfs_global,2026-09-26 00:00,False,zona_costa,2026-09-26 18:00,18.0,8.825000762939453,21.550000000000004,12.724999237060551,
2026-09-25,determinista,gfs_global,2026-09-26 00:00,False,zona_ciudad,2026-09-26 18:00,18.0,8.133334159851074,10.433333333333332,2.2999991734822576,
2026-09-25,determinista,gfs_global,2026-09-26 00:00,False,zona_interior,2026-09-26 18:00,18.0,3.200000286102295,1.0,2.200000286102295,
2026-09-25,determinista,gfs_global,2026-09-26 00:00,False,austral,2026-09-27 00:00,24.0,9.699999809265137,9.7,1.9073486257070726e-07,
2026-09-25,determinista,gfs_global,2026-09-26 00:00,False,chaihuin,2026-09-27 00:00,24.0,11.800000190734863,21.3,9.499999809265137,
2026-09-25,determinista,gfs_global,2026-09-26 00:00,False,corral,2026-09-27 00:00,24.0,12.09999942779541,19.7,7.600000572204589,
2026-09-25,determinista,gfs_global,2026-09-26 00:00,False,corral_essal,2026-09-27 00:00,24.0,12.09999942779541,6.2,5.89999942779541,
2026-09-25,determinista,gfs_global,2026-09-26 00:00,False,curinanco,2026-09-27 00:00,24.0,10.699999809265137,14.7,4.000000190734863,
2026-09-25,determinista,gfs_global,2026-09-26 00:00,False,islateja,2026-09-27 00:00,24.0,9.699999809265137,7.699999999999999,1.9999998092651374,
2026-09-25,determinista,gfs_global,2026-09-26 00:00,False,las_lomas,2026-09-27 00:00,24.0,4.699999809265137,0.9,3.799999809265137,
2026-09-25,determinista,gfs_global,2026-09-26 00:00,False,llancahue,2026-09-27 00:00,24.0,13.199999809265137,13.1,0.09999980926513707,
2026-09-25,determinista,gfs_global,2026-09-26 00:00,False,pichoy,2026-09-27 00:00,24.0,7.199999809265137,0.4,6.799999809265136,
2026-09-25,determinista,gfs_global,2026-09-26 00:00,False,zona_costa,2026-09-27 00:00,24.0,11.674999237060547,15.475000000000001,3.8000007629394545,
2026-09-25,determinista,gfs_global,2026-09-26 00:00,False,zona_ciudad,2026-09-27 00:00,24.0,10.866665840148926,10.166666666666666,0.6999991734822597,
2026-09-25,determinista,gfs_global,2026-09-26 00:00,False,zona_interior,2026-09-27 00:00,24.0,5.949999809265137,0.65,5.299999809265136,
2026-09-25,determinista,gfs_global,2026-09-26 12:00,False,austral,2026-09-26 18:00,6.0,6.099999904632568,6.9,0.800000095367432,
2026-09-25,determinista,gfs_global,2026-09-26 12:00,False,chaihuin,2026-09-26 18:00,6.0,9.899999618530273,25.3,15.400000381469727,
2026-09-25,determinista,gfs_global,2026-09-26 12:00,False,corral,2026-09-26 18:00,6.0,10.399999618530273,31.200000000000003,20.80000038146973,
2026-09-25,determinista,gfs_global,2026-09-26 12:00,False,corral_essal,2026-09-26 18:00,6.0,10.399999618530273,16.6,6.200000381469728,
2026-09-25,determinista,gfs_global,2026-09-26 12:00,False,curinanco,2026-09-26 18:00,6.0,6.800000190734863,13.100000000000001,6.299999809265138,
2026-09-25,determinista,gfs_global,2026-09-26 12:00,False,islateja,2026-09-26 18:00,6.0,6.099999904632568,10.5,4.400000095367432,
2026-09-25,determinista,gfs_global,2026-09-26 12:00,False,las_lomas,2026-09-26 18:00,6.0,4.599999904632568,1.2000000000000002,3.399999904632568,
2026-09-25,determinista,gfs_global,2026-09-26 12:00,False,llancahue,2026-09-26 18:00,6.0,8.800000190734863,13.899999999999999,5.099999809265135,
2026-09-25,determinista,gfs_global,2026-09-26 12:00,False,pichoy,2026-09-26 18:00,6.0,5.399999618530273,0.8,4.599999618530274,
2026-09-25,determinista,gfs_global,2026-09-26 12:00,False,zona_costa,2026-09-26 18:00,6.0,9.375,21.550000000000004,12.175000000000004,
2026-09-25,determinista,gfs_global,2026-09-26 12:00,False,zona_ciudad,2026-09-26 18:00,6.0,7.0,10.433333333333332,3.433333333333332,
2026-09-25,determinista,gfs_global,2026-09-26 12:00,False,zona_interior,2026-09-26 18:00,6.0,5.0,1.0,4.0,
2026-09-25,determinista,gfs_global,2026-09-26 12:00,False,austral,2026-09-27 00:00,12.0,9.300000190734863,9.7,0.399999809265136,
2026-09-25,determinista,gfs_global,2026-09-26 12:00,False,chaihuin,2026-09-27 00:00,12.0,12.399999618530273,21.3,8.900000381469727,
2026-09-25,determinista,gfs_global,2026-09-26 12:00,False,corral,2026-09-27 00:00,12.0,11.399999618530273,19.7,8.300000381469726,
2026-09-25,determinista,gfs_global,2026-09-26 12:00,False,corral_essal,2026-09-27 00:00,12.0,11.399999618530273,6.2,5.199999618530273,
2026-09-25,determinista,gfs_global,2026-09-26 12:00,False,curinanco,2026-09-27 00:00,12.0,9.699999809265137,14.7,5.000000190734863,
2026-09-25,determinista,gfs_global,2026-09-26 12:00,False,islateja,2026-09-27 00:00,12.0,9.300000190734863,7.699999999999999,1.600000190734864,
2026-09-25,determinista,gfs_global,2026-09-26 12:00,False,las_lomas,2026-09-27 00:00,12.0,7.900000095367432,0.9,7.000000095367431,
2026-09-25,determinista,gfs_global,2026-09-26 12:00,False,llancahue,2026-09-27 00:00,12.0,10.5,13.1,2.5999999999999996,
2026-09-25,determinista,gfs_global,2026-09-26 12:00,False,pichoy,2026-09-27 00:00,12.0,9.300000190734863,0.4,8.900000190734863,
2026-09-25,determinista,gfs_global,2026-09-26 12:00,False,zona_costa,2026-09-27 00:00,12.0,11.225000381469727,15.475000000000001,4.249999618530275,
2026-09-25,determinista,gfs_global,2026-09-26 12:00,False,zona_ciudad,2026-09-27 00:00,12.0,9.699999809265137,10.166666666666666,0.46666685740152936,
2026-09-25,determinista,gfs_global,2026-09-26 12:00,False,zona_interior,2026-09-27 00:00,12.0,8.600000381469727,0.65,7.950000381469726,
2026-09-25,determinista,icon_global,2026-09-21 12:00,False,austral,2026-09-26 00:00,108.0,1.1100000143051147,0.6,0.5100000143051148,
2026-09-25,determinista,icon_global,2026-09-21 12:00,False,chaihuin,2026-09-26 00:00,108.0,1.8000000715255737,0.0,1.8000000715255737,
2026-09-25,determinista,icon_global,2026-09-21 12:00,False,corral,2026-09-26 00:00,108.0,1.0800000429153442,0.0,1.0800000429153442,
2026-09-25,determinista,icon_global,2026-09-21 12:00,False,corral_essal,2026-09-26 00:00,108.0,1.0800000429153442,0.0,1.0800000429153442,
2026-09-25,determinista,icon_global,2026-09-21 12:00,False,curinanco,2026-09-26 00:00,108.0,0.9900000095367432,1.4,0.40999999046325675,
2026-09-25,determinista,icon_global,2026-09-21 12:00,False,islateja,2026-09-26 00:00,108.0,1.1100000143051147,1.6,0.48999998569488534,
2026-09-25,determinista,icon_global,2026-09-21 12:00,False,las_lomas,2026-09-26 00:00,108.0,1.8000000715255737,2.0,0.19999992847442627,
2026-09-25,determinista,icon_global,2026-09-21 12:00,False,llancahue,2026-09-26 00:00,108.0,2.9100000858306885,1.2,1.7100000858306885,
2026-09-25,determinista,icon_global,2026-09-21 12:00,False,pichoy,2026-09-26 00:00,108.0,0.8999999761581421,6.4,5.500000023841858,
2026-09-25,determinista,icon_global,2026-09-21 12:00,False,zona_costa,2026-09-26 00:00,108.0,1.2375000715255737,0.35,0.8875000715255738,
2026-09-25,determinista,icon_global,2026-09-21 12:00,False,zona_ciudad,2026-09-26 00:00,108.0,1.7100000381469727,1.1333333333333333,0.5766667048136394,
2026-09-25,determinista,icon_global,2026-09-21 12:00,False,zona_interior,2026-09-26 00:00,108.0,1.350000023841858,4.2,2.8499999761581423,
2026-09-25,determinista,icon_global,2026-09-21 12:00,False,austral,2026-09-26 06:00,114.0,2.4000000953674316,3.3,0.8999999046325682,
2026-09-25,determinista,icon_global,2026-09-21 12:00,False,chaihuin,2026-09-26 06:00,114.0,3.68999981880188,0.0,3.68999981880188,
2026-09-25,determinista,icon_global,2026-09-21 12:00,False,corral,2026-09-26 06:00,114.0,1.590000033378601,0.0,1.590000033378601,
2026-09-25,determinista,icon_global,2026-09-21 12:00,False,corral_essal,2026-09-26 06:00,114.0,1.590000033378601,2.9000000000000004,1.3099999666213993,
2026-09-25,determinista,icon_global,2026-09-21 12:00,False,curinanco,2026-09-26 06:00,114.0,1.590000033378601,1.3,0.29000003337860103,
2026-09-25,determinista,icon_global,2026-09-21 12:00,False,islateja,2026-09-26 06:00,114.0,2.4000000953674316,2.4000000000000004,9.536743128535363e-08,
2026-09-25,determinista,icon_global,2026-09-21 12:00,False,las_lomas,2026-09-26 06:00,114.0,3.9000000953674316,0.6,3.3000000953674316,
2026-09-25,determinista,icon_global,2026-09-21 12:00,False,llancahue,2026-09-26 06:00,114.0,2.1000001430511475,2.0,0.10000014305114746,
2026-09-25,determinista,icon_global,2026-09-21 12:00,False,pichoy,2026-09-26 06:00,114.0,4.409999847412109,1.5999999999999999,2.8099998474121097,
2026-09-25,determinista,icon_global,2026-09-21 12:00,False,zona_costa,2026-09-26 06:00,114.0,2.115000009536743,1.05,1.0650000095367431,
2026-09-25,determinista,icon_global,2026-09-21 12:00,False,zona_ciudad,2026-09-26 06:00,114.0,2.299999952316284,2.566666666666667,0.2666667143503827,
2026-09-25,determinista,icon_global,2026-09-21 12:00,False,zona_interior,2026-09-26 06:00,114.0,4.154999732971191,1.0999999999999999,3.0549997329711918,
2026-09-25,determinista,icon_global,2026-09-21 12:00,False,austral,2026-09-26 12:00,120.0,6.71999979019165,2.2,4.51999979019165,
2026-09-25,determinista,icon_global,2026-09-21 12:00,False,chaihuin,2026-09-26 12:00,120.0,9.420000076293945,4.3,5.1200000762939455,
2026-09-25,determinista,icon_global,2026-09-21 12:00,False,corral,2026-09-26 12:00,120.0,8.010000228881836,8.600000000000001,0.5899997711181655,
2026-09-25,determinista,icon_global,2026-09-21 12:00,False,corral_essal,2026-09-26 12:00,120.0,8.010000228881836,30.5,22.489999771118164,
2026-09-25,determinista,icon_global,2026-09-21 12:00,False,curinanco,2026-09-26 12:00,120.0,8.279999732971191,2.8,5.479999732971192,
2026-09-25,determinista,icon_global,2026-09-21 12:00,False,islateja,2026-09-26 12:00,120.0,6.71999979019165,2.6,4.119999790191651,
2026-09-25,determinista,icon_global,2026-09-21 12:00,False,las_lomas,2026-09-26 12:00,120.0,2.9099998474121094,0.4,2.5099998474121095,
2026-09-25,determinista,icon_global,2026-09-21 12:00,False,llancahue,2026-09-26 12:00,120.0,6.809999942779541,2.5,4.309999942779541,
2026-09-25,determinista,icon_global,2026-09-21 12:00,False,pichoy,2026-09-26 12:00,120.0,5.819999694824219,0.8,5.019999694824219,
2026-09-25,determinista,icon_global,2026-09-21 12:00,False,zona_costa,2026-09-26 12:00,120.0,8.430000305175781,11.55,3.1199996948242195,
2026-09-25,determinista,icon_global,2026-09-21 12:00,False,zona_ciudad,2026-09-26 12:00,120.0,6.75,2.433333333333333,4.316666666666666,
2026-09-25,determinista,icon_global,2026-09-21 12:00,False,zona_interior,2026-09-26 12:00,120.0,4.364999771118164,0.6000000000000001,3.764999771118164,
2026-09-25,determinista,icon_global,2026-09-21 12:00,False,austral,2026-09-26 18:00,126.0,13.5,6.9,6.6,
2026-09-25,determinista,icon_global,2026-09-21 12:00,False,chaihuin,2026-09-26 18:00,126.0,32.10000228881836,25.3,6.800002288818359,
2026-09-25,determinista,icon_global,2026-09-21 12:00,False,corral,2026-09-26 18:00,126.0,20.399999618530273,31.200000000000003,10.80000038146973,
2026-09-25,determinista,icon_global,2026-09-21 12:00,False,corral_essal,2026-09-26 18:00,126.0,20.399999618530273,16.6,3.799999618530272,
2026-09-25,determinista,icon_global,2026-09-21 12:00,False,curinanco,2026-09-26 18:00,126.0,16.799999237060547,13.100000000000001,3.6999992370605455,
2026-09-25,determinista,icon_global,2026-09-21 12:00,False,islateja,2026-09-26 18:00,126.0,13.5,10.5,3.0,
2026-09-25,determinista,icon_global,2026-09-21 12:00,False,las_lomas,2026-09-26 18:00,126.0,7.800000190734863,1.2000000000000002,6.600000190734863,
2026-09-25,determinista,icon_global,2026-09-21 12:00,False,llancahue,2026-09-26 18:00,126.0,16.619998931884766,13.899999999999999,2.719998931884767,
2026-09-25,determinista,icon_global,2026-09-21 12:00,False,pichoy,2026-09-26 18:00,126.0,8.489999771118164,0.8,7.689999771118164,
2026-09-25,determinista,icon_global,2026-09-21 12:00,False,zona_costa,2026-09-26 18:00,126.0,22.42500114440918,21.550000000000004,0.8750011444091754,
2026-09-25,determinista,icon_global,2026-09-21 12:00,False,zona_ciudad,2026-09-26 18:00,126.0,14.539999961853027,10.433333333333332,4.1066666285196955,
2026-09-25,determinista,icon_global,2026-09-21 12:00,False,zona_interior,2026-09-26 18:00,126.0,8.145000457763672,1.0,7.145000457763672,
2026-09-25,determinista,icon_global,2026-09-21 12:00,False,austral,2026-09-27 00:00,132.0,4.5,9.7,5.199999999999999,
2026-09-25,determinista,icon_global,2026-09-21 12:00,False,chaihuin,2026-09-27 00:00,132.0,0.6000000238418579,21.3,20.699999976158143,
2026-09-25,determinista,icon_global,2026-09-21 12:00,False,corral,2026-09-27 00:00,132.0,3.5999999046325684,19.7,16.10000009536743,
2026-09-25,determinista,icon_global,2026-09-21 12:00,False,corral_essal,2026-09-27 00:00,132.0,3.5999999046325684,6.2,2.600000095367432,
2026-09-25,determinista,icon_global,2026-09-21 12:00,False,curinanco,2026-09-27 00:00,132.0,4.199999809265137,14.7,10.500000190734863,
2026-09-25,determinista,icon_global,2026-09-21 12:00,False,islateja,2026-09-27 00:00,132.0,4.5,7.699999999999999,3.1999999999999993,
2026-09-25,determinista,icon_global,2026-09-21 12:00,False,las_lomas,2026-09-27 00:00,132.0,3.0,0.9,2.1,
2026-09-25,determinista,icon_global,2026-09-21 12:00,False,llancahue,2026-09-27 00:00,132.0,5.399999618530273,13.1,7.700000381469726,
2026-09-25,determinista,icon_global,2026-09-21 12:00,False,pichoy,2026-09-27 00:00,132.0,3.9900002479553223,0.4,3.5900002479553224,
2026-09-25,determinista,icon_global,2026-09-21 12:00,False,zona_costa,2026-09-27 00:00,132.0,3.0,15.475000000000001,12.475000000000001,
2026-09-25,determinista,icon_global,2026-09-21 12:00,False,zona_ciudad,2026-09-27 00:00,132.0,4.799999713897705,10.166666666666666,5.366666952768961,
2026-09-25,determinista,icon_global,2026-09-21 12:00,False,zona_interior,2026-09-27 00:00,132.0,3.495000123977661,0.65,2.845000123977661,
2026-09-25,determinista,icon_global,2026-09-22 00:00,False,austral,2026-09-26 00:00,96.0,0.08999999612569809,0.6,0.5100000038743019,
2026-09-25,determinista,icon_global,2026-09-22 00:00,False,chaihuin,2026-09-26 00:00,96.0,4.920000076293945,0.0,4.920000076293945,
2026-09-25,determinista,icon_global,2026-09-22 00:00,False,corral,2026-09-26 00:00,96.0,0.6000000238418579,0.0,0.6000000238418579,
2026-09-25,determinista,icon_global,2026-09-22 00:00,False,corral_essal,2026-09-26 00:00,96.0,0.6000000238418579,0.0,0.6000000238418579,
2026-09-25,determinista,icon_global,2026-09-22 00:00,False,curinanco,2026-09-26 00:00,96.0,0.21000000834465027,1.4,1.1899999916553496,
2026-09-25,determinista,icon_global,2026-09-22 00:00,False,islateja,2026-09-26 00:00,96.0,0.08999999612569809,1.6,1.510000003874302,
2026-09-25,determinista,icon_global,2026-09-22 00:00,False,las_lomas,2026-09-26 00:00,96.0,0.42000001668930054,2.0,1.5799999833106995,
2026-09-25,determinista,icon_global,2026-09-22 00:00,False,llancahue,2026-09-26 00:00,96.0,0.39000001549720764,1.2,0.8099999845027923,
2026-09-25,determinista,icon_global,2026-09-22 00:00,False,pichoy,2026-09-26 00:00,96.0,0.08999999612569809,6.4,6.310000003874302,
2026-09-25,determinista,icon_global,2026-09-22 00:00,False,zona_costa,2026-09-26 00:00,96.0,1.5824999809265137,0.35,1.2324999809265136,
2026-09-25,determinista,icon_global,2026-09-22 00:00,False,zona_ciudad,2026-09-26 00:00,96.0,0.1899999976158142,1.1333333333333333,0.9433333357175191,
2026-09-25,determinista,icon_global,2026-09-22 00:00,False,zona_interior,2026-09-26 00:00,96.0,0.2549999952316284,4.2,3.9450000047683718,
2026-09-25,determinista,icon_global,2026-09-22 00:00,False,austral,2026-09-26 06:00,102.0,4.800000190734863,3.3,1.5000001907348635,
2026-09-25,determinista,icon_global,2026-09-22 00:00,False,chaihuin,2026-09-26 06:00,102.0,9.510000228881836,0.0,9.510000228881836,
2026-09-25,determinista,icon_global,2026-09-22 00:00,False,corral,2026-09-26 06:00,102.0,6.480000019073486,0.0,6.480000019073486,
2026-09-25,determinista,icon_global,2026-09-22 00:00,False,corral_essal,2026-09-26 06:00,102.0,6.480000019073486,2.9000000000000004,3.580000019073486,
2026-09-25,determinista,icon_global,2026-09-22 00:00,False,curinanco,2026-09-26 06:00,102.0,5.190000057220459,1.3,3.890000057220459,
2026-09-25,determinista,icon_global,2026-09-22 00:00,False,islateja,2026-09-26 06:00,102.0,4.800000190734863,2.4000000000000004,2.400000190734863,
2026-09-25,determinista,icon_global,2026-09-22 00:00,False,las_lomas,2026-09-26 06:00,102.0,6.0,0.6,5.4,
2026-09-25,determinista,icon_global,2026-09-22 00:00,False,llancahue,2026-09-26 06:00,102.0,5.699999809265137,2.0,3.6999998092651367,
2026-09-25,determinista,icon_global,2026-09-22 00:00,False,pichoy,2026-09-26 06:00,102.0,5.610000133514404,1.5999999999999999,4.010000133514405,
2026-09-25,determinista,icon_global,2026-09-22 00:00,False,zona_costa,2026-09-26 06:00,102.0,6.914999961853027,1.05,5.8649999618530275,
2026-09-25,determinista,icon_global,2026-09-22 00:00,False,zona_ciudad,2026-09-26 06:00,102.0,5.099999904632568,2.566666666666667,2.5333332379659015,
2026-09-25,determinista,icon_global,2026-09-22 00:00,False,zona_interior,2026-09-26 06:00,102.0,5.805000305175781,1.0999999999999999,4.705000305175782,
2026-09-25,determinista,icon_global,2026-09-22 00:00,False,austral,2026-09-26 12:00,108.0,0.0,2.2,2.2,
2026-09-25,determinista,icon_global,2026-09-22 00:00,False,chaihuin,2026-09-26 12:00,108.0,0.30000001192092896,4.3,3.999999988079071,
2026-09-25,determinista,icon_global,2026-09-22 00:00,False,corral,2026-09-26 12:00,108.0,0.17999999225139618,8.600000000000001,8.420000007748605,
2026-09-25,determinista,icon_global,2026-09-22 00:00,False,corral_essal,2026-09-26 12:00,108.0,0.17999999225139618,30.5,30.320000007748604,
2026-09-25,determinista,icon_global,2026-09-22 00:00,False,curinanco,2026-09-26 12:00,108.0,0.0,2.8,2.8,
2026-09-25,determinista,icon_global,2026-09-22 00:00,False,islateja,2026-09-26 12:00,108.0,0.0,2.6,2.6,
2026-09-25,determinista,icon_global,2026-09-22 00:00,False,las_lomas,2026-09-26 12:00,108.0,0.0,0.4,0.4,
2026-09-25,determinista,icon_global,2026-09-22 00:00,False,llancahue,2026-09-26 12:00,108.0,0.08999999612569809,2.5,2.410000003874302,
2026-09-25,determinista,icon_global,2026-09-22 00:00,False,pichoy,2026-09-26 12:00,108.0,0.0,0.8,0.8,
2026-09-25,determinista,icon_global,2026-09-22 00:00,False,zona_costa,2026-09-26 12:00,108.0,0.16500000655651093,11.55,11.38499999344349,
2026-09-25,determinista,icon_global,2026-09-22 00:00,False,zona_ciudad,2026-09-26 12:00,108.0,0.029999999329447746,2.433333333333333,2.4033333340038854,
2026-09-25,determinista,icon_global,2026-09-22 00:00,False,zona_interior,2026-09-26 12:00,108.0,0.0,0.6000000000000001,0.6000000000000001,
2026-09-25,determinista,icon_global,2026-09-22 00:00,False,austral,2026-09-26 18:00,114.0,0.0,6.9,6.9,
2026-09-25,determinista,icon_global,2026-09-22 00:00,False,chaihuin,2026-09-26 18:00,114.0,0.08999999612569809,25.3,25.210000003874303,
2026-09-25,determinista,icon_global,2026-09-22 00:00,False,corral,2026-09-26 18:00,114.0,0.0,31.200000000000003,31.200000000000003,
2026-09-25,determinista,icon_global,2026-09-22 00:00,False,corral_essal,2026-09-26 18:00,114.0,0.0,16.6,16.6,
2026-09-25,determinista,icon_global,2026-09-22 00:00,False,curinanco,2026-09-26 18:00,114.0,0.0,13.100000000000001,13.100000000000001,
2026-09-25,determinista,icon_global,2026-09-22 00:00,False,islateja,2026-09-26 18:00,114.0,0.0,10.5,10.5,
2026-09-25,determinista,icon_global,2026-09-22 00:00,False,las_lomas,2026-09-26 18:00,114.0,0.0,1.2000000000000002,1.2000000000000002,
2026-09-25,determinista,icon_global,2026-09-22 00:00,False,llancahue,2026-09-26 18:00,114.0,0.0,13.899999999999999,13.899999999999999,
2026-09-25,determinista,icon_global,2026-09-22 00:00,False,pichoy,2026-09-26 18:00,114.0,0.0,0.8,0.8,
2026-09-25,determinista,icon_global,2026-09-22 00:00,False,zona_costa,2026-09-26 18:00,114.0,0.022499999031424522,21.550000000000004,21.52750000096858,
2026-09-25,determinista,icon_global,2026-09-22 00:00,False,zona_ciudad,2026-09-26 18:00,114.0,0.0,10.433333333333332,10.433333333333332,
2026-09-25,determinista,icon_global,2026-09-22 00:00,False,zona_interior,2026-09-26 18:00,114.0,0.0,1.0,1.0,
2026-09-25,determinista,icon_global,2026-09-22 00:00,False,austral,2026-09-27 00:00,120.0,1.2000000476837158,9.7,8.499999952316283,
2026-09-25,determinista,icon_global,2026-09-22 00:00,False,chaihuin,2026-09-27 00:00,120.0,4.110000133514404,21.3,17.189999866485596,
2026-09-25,determinista,icon_global,2026-09-22 00:00,False,corral,2026-09-27 00:00,120.0,3.180000066757202,19.7,16.519999933242797,
2026-09-25,determinista,icon_global,2026-09-22 00:00,False,corral_essal,2026-09-27 00:00,120.0,3.180000066757202,6.2,3.019999933242798,
2026-09-25,determinista,icon_global,2026-09-22 00:00,False,curinanco,2026-09-27 00:00,120.0,1.5,14.7,13.2,
2026-09-25,determinista,icon_global,2026-09-22 00:00,False,islateja,2026-09-27 00:00,120.0,1.2000000476837158,7.699999999999999,6.4999999523162835,
2026-09-25,determinista,icon_global,2026-09-22 00:00,False,las_lomas,2026-09-27 00:00,120.0,0.9000000357627869,0.9,3.5762786843029915e-08,
2026-09-25,determinista,icon_global,2026-09-22 00:00,False,llancahue,2026-09-27 00:00,120.0,1.1100000143051147,13.1,11.989999985694885,
2026-09-25,determinista,icon_global,2026-09-22 00:00,False,pichoy,2026-09-27 00:00,120.0,0.38999998569488525,0.4,0.010000014305114768,
2026-09-25,determinista,icon_global,2026-09-22 00:00,False,zona_costa,2026-09-27 00:00,120.0,2.9925003051757812,15.475000000000001,12.48249969482422,
2026-09-25,determinista,icon_global,2026-09-22 00:00,False,zona_ciudad,2026-09-27 00:00,120.0,1.1699999570846558,10.166666666666666,8.99666670958201,
2026-09-25,determinista,icon_global,2026-09-22 00:00,False,zona_interior,2026-09-27 00:00,120.0,0.6449999809265137,0.65,0.00500001907348635,
2026-09-25,determinista,icon_global,2026-09-22 12:00,False,austral,2026-09-26 00:00,84.0,1.5899999141693115,0.6,0.9899999141693115,
2026-09-25,determinista,icon_global,2026-09-22 12:00,False,chaihuin,2026-09-26 00:00,84.0,3.299999952316284,0.0,3.299999952316284,
2026-09-25,determinista,icon_global,2026-09-22 12:00,False,corral,2026-09-26 00:00,84.0,1.8899999856948853,0.0,1.8899999856948853,
2026-09-25,determinista,icon_global,2026-09-22 12:00,False,corral_essal,2026-09-26 00:00,84.0,1.8899999856948853,0.0,1.8899999856948853,
2026-09-25,determinista,icon_global,2026-09-22 12:00,False,curinanco,2026-09-26 00:00,84.0,1.5899999141693115,1.4,0.1899999141693116,
2026-09-25,determinista,icon_global,2026-09-22 12:00,False,islateja,2026-09-26 00:00,84.0,1.5899999141693115,1.6,0.010000085830688565,
2026-09-25,determinista,icon_global,2026-09-22 12:00,False,las_lomas,2026-09-26 00:00,84.0,1.4100000858306885,2.0,0.5899999141693115,
2026-09-25,determinista,icon_global,2026-09-22 12:00,False,llancahue,2026-09-26 00:00,84.0,1.7999999523162842,1.2,0.5999999523162842,
2026-09-25,determinista,icon_global,2026-09-22 12:00,False,pichoy,2026-09-26 00:00,84.0,1.9800000190734863,6.4,4.419999980926514,
2026-09-25,determinista,icon_global,2026-09-22 12:00,False,zona_costa,2026-09-26 00:00,84.0,2.1675000190734863,0.35,1.8175000190734862,
2026-09-25,determinista,icon_global,2026-09-22 12:00,False,zona_ciudad,2026-09-26 00:00,84.0,1.6599998474121094,1.1333333333333333,0.5266665140787761,
2026-09-25,determinista,icon_global,2026-09-22 12:00,False,zona_interior,2026-09-26 00:00,84.0,1.6950000524520874,4.2,2.5049999475479128,
2026-09-25,determinista,icon_global,2026-09-22 12:00,False,austral,2026-09-26 06:00,90.0,3.299999952316284,3.3,4.7683715642676816e-08,
2026-09-25,determinista,icon_global,2026-09-22 12:00,False,chaihuin,2026-09-26 06:00,90.0,3.990000009536743,0.0,3.990000009536743,
2026-09-25,determinista,icon_global,2026-09-22 12:00,False,corral,2026-09-26 06:00,90.0,3.0,0.0,3.0,
2026-09-25,determinista,icon_global,2026-09-22 12:00,False,corral_essal,2026-09-26 06:00,90.0,3.0,2.9000000000000004,0.09999999999999964,
2026-09-25,determinista,icon_global,2026-09-22 12:00,False,curinanco,2026-09-26 06:00,90.0,2.490000009536743,1.3,1.1900000095367431,
2026-09-25,determinista,icon_global,2026-09-22 12:00,False,islateja,2026-09-26 06:00,90.0,3.299999952316284,2.4000000000000004,0.8999999523162838,
2026-09-25,determinista,icon_global,2026-09-22 12:00,False,las_lomas,2026-09-26 06:00,90.0,3.390000104904175,0.6,2.7900001049041747,
2026-09-25,determinista,icon_global,2026-09-22 12:00,False,llancahue,2026-09-26 06:00,90.0,3.2100000381469727,2.0,1.2100000381469727,
2026-09-25,determinista,icon_global,2026-09-22 12:00,False,pichoy,2026-09-26 06:00,90.0,4.680000305175781,1.5999999999999999,3.0800003051757816,
2026-09-25,determinista,icon_global,2026-09-22 12:00,False,zona_costa,2026-09-26 06:00,90.0,3.119999885559082,1.05,2.069999885559082,
2026-09-25,determinista,icon_global,2026-09-22 12:00,False,zona_ciudad,2026-09-26 06:00,90.0,3.2700002193450928,2.566666666666667,0.7033335526784259,
2026-09-25,determinista,icon_global,2026-09-22 12:00,False,zona_interior,2026-09-26 06:00,90.0,4.035000324249268,1.0999999999999999,2.935000324249268,
2026-09-25,determinista,icon_global,2026-09-22 12:00,False,austral,2026-09-26 12:00,96.0,6.420000076293945,2.2,4.220000076293945,
2026-09-25,determinista,icon_global,2026-09-22 12:00,False,chaihuin,2026-09-26 12:00,96.0,14.489999771118164,4.3,10.189999771118163,
2026-09-25,determinista,icon_global,2026-09-22 12:00,False,corral,2026-09-26 12:00,96.0,8.399999618530273,8.600000000000001,0.20000038146972798,
2026-09-25,determinista,icon_global,2026-09-22 12:00,False,corral_essal,2026-09-26 12:00,96.0,8.399999618530273,30.5,22.100000381469727,
2026-09-25,determinista,icon_global,2026-09-22 12:00,False,curinanco,2026-09-26 12:00,96.0,7.590000152587891,2.8,4.790000152587891,
2026-09-25,determinista,icon_global,2026-09-22 12:00,False,islateja,2026-09-26 12:00,96.0,6.420000076293945,2.6,3.8200000762939452,
2026-09-25,determinista,icon_global,2026-09-22 12:00,False,las_lomas,2026-09-26 12:00,96.0,4.710000038146973,0.4,4.310000038146972,
2026-09-25,determinista,icon_global,2026-09-22 12:00,False,llancahue,2026-09-26 12:00,96.0,6.119999885559082,2.5,3.619999885559082,
2026-09-25,determinista,icon_global,2026-09-22 12:00,False,pichoy,2026-09-26 12:00,96.0,6.810000419616699,0.8,6.010000419616699,
2026-09-25,determinista,icon_global,2026-09-22 12:00,False,zona_costa,2026-09-26 12:00,96.0,9.719999313354492,11.55,1.8300006866455085,
2026-09-25,determinista,icon_global,2026-09-22 12:00,False,zona_ciudad,2026-09-26 12:00,96.0,6.319999694824219,2.433333333333333,3.8866663614908856,
2026-09-25,determinista,icon_global,2026-09-22 12:00,False,zona_interior,2026-09-26 12:00,96.0,5.760000228881836,0.6000000000000001,5.160000228881836,
2026-09-25,determinista,icon_global,2026-09-22 12:00,False,austral,2026-09-26 18:00,102.0,7.710000514984131,6.9,0.8100005149841305,
2026-09-25,determinista,icon_global,2026-09-22 12:00,False,chaihuin,2026-09-26 18:00,102.0,5.220000267028809,25.3,20.079999732971192,
2026-09-25,determinista,icon_global,2026-09-22 12:00,False,corral,2026-09-26 18:00,102.0,5.610000133514404,31.200000000000003,25.5899998664856,
2026-09-25,determinista,icon_global,2026-09-22 12:00,False,corral_essal,2026-09-26 18:00,102.0,5.610000133514404,16.6,10.989999866485597,
2026-09-25,determinista,icon_global,2026-09-22 12:00,False,curinanco,2026-09-26 18:00,102.0,7.800000190734863,13.100000000000001,5.299999809265138,
2026-09-25,determinista,icon_global,2026-09-22 12:00,False,islateja,2026-09-26 18:00,102.0,7.710000514984131,10.5,2.789999485015869,
2026-09-25,determinista,icon_global,2026-09-22 12:00,False,las_lomas,2026-09-26 18:00,102.0,6.389999866485596,1.2000000000000002,5.1899998664855955,
2026-09-25,determinista,icon_global,2026-09-22 12:00,False,llancahue,2026-09-26 18:00,102.0,9.510000228881836,13.899999999999999,4.389999771118163,
2026-09-25,determinista,icon_global,2026-09-22 12:00,False,pichoy,2026-09-26 18:00,102.0,6.720000267028809,0.8,5.920000267028809,
2026-09-25,determinista,icon_global,2026-09-22 12:00,False,zona_costa,2026-09-26 18:00,102.0,6.060000419616699,21.550000000000004,15.489999580383305,
2026-09-25,determinista,icon_global,2026-09-22 12:00,False,zona_ciudad,2026-09-26 18:00,102.0,8.3100004196167,10.433333333333332,2.1233329137166326,
2026-09-25,determinista,icon_global,2026-09-22 12:00,False,zona_interior,2026-09-26 18:00,102.0,6.555000305175781,1.0,5.555000305175781,
2026-09-25,determinista,icon_global,2026-09-22 12:00,False,austral,2026-09-27 00:00,108.0,1.4100000858306885,9.7,8.28999991416931,
2026-09-25,determinista,icon_global,2026-09-22 12:00,False,chaihuin,2026-09-27 00:00,108.0,3.690000057220459,21.3,17.60999994277954,
2026-09-25,determinista,icon_global,2026-09-22 12:00,False,corral,2026-09-27 00:00,108.0,1.6200001239776611,19.7,18.079999876022338,
2026-09-25,determinista,icon_global,2026-09-22 12:00,False,corral_essal,2026-09-27 00:00,108.0,1.6200001239776611,6.2,4.579999876022339,
2026-09-25,determinista,icon_global,2026-09-22 12:00,False,curinanco,2026-09-27 00:00,108.0,1.590000033378601,14.7,13.109999966621398,
2026-09-25,determinista,icon_global,2026-09-22 12:00,False,islateja,2026-09-27 00:00,108.0,1.4100000858306885,7.699999999999999,6.289999914169311,
2026-09-25,determinista,icon_global,2026-09-22 12:00,False,las_lomas,2026-09-27 00:00,108.0,1.5,0.9,0.6,
2026-09-25,determinista,icon_global,2026-09-22 12:00,False,llancahue,2026-09-27 00:00,108.0,2.2200000286102295,13.1,10.87999997138977,
2026-09-25,determinista,icon_global,2026-09-22 12:00,False,pichoy,2026-09-27 00:00,108.0,1.1100000143051147,0.4,0.7100000143051147,
2026-09-25,determinista,icon_global,2026-09-22 12:00,False,zona_costa,2026-09-27 00:00,108.0,2.130000114440918,15.475000000000001,13.344999885559083,
2026-09-25,determinista,icon_global,2026-09-22 12:00,False,zona_ciudad,2026-09-27 00:00,108.0,1.6799999475479126,10.166666666666666,8.486666719118753,
2026-09-25,determinista,icon_global,2026-09-22 12:00,False,zona_interior,2026-09-27 00:00,108.0,1.3050000667572021,0.65,0.6550000667572021,
2026-09-25,determinista,icon_global,2026-09-23 00:00,False,austral,2026-09-26 00:00,72.0,0.10000000149011612,0.6,0.49999999850988386,
2026-09-25,determinista,icon_global,2026-09-23 00:00,False,chaihuin,2026-09-26 00:00,72.0,0.4000000059604645,0.0,0.4000000059604645,
2026-09-25,determinista,icon_global,2026-09-23 00:00,False,corral,2026-09-26 00:00,72.0,0.0,0.0,0.0,
2026-09-25,determinista,icon_global,2026-09-23 00:00,False,corral_essal,2026-09-26 00:00,72.0,0.0,0.0,0.0,
2026-09-25,determinista,icon_global,2026-09-23 00:00,False,curinanco,2026-09-26 00:00,72.0,0.0,1.4,1.4,
2026-09-25,determinista,icon_global,2026-09-23 00:00,False,islateja,2026-09-26 00:00,72.0,0.10000000149011612,1.6,1.499999998509884,
2026-09-25,determinista,icon_global,2026-09-23 00:00,False,las_lomas,2026-09-26 00:00,72.0,0.0,2.0,2.0,
2026-09-25,determinista,icon_global,2026-09-23 00:00,False,llancahue,2026-09-26 00:00,72.0,0.7000000476837158,1.2,0.49999995231628414,
2026-09-25,determinista,icon_global,2026-09-23 00:00,False,pichoy,2026-09-26 00:00,72.0,0.30000001192092896,6.4,6.099999988079071,
2026-09-25,determinista,icon_global,2026-09-23 00:00,False,zona_costa,2026-09-26 00:00,72.0,0.10000000149011612,0.35,0.24999999850988386,
2026-09-25,determinista,icon_global,2026-09-23 00:00,False,zona_ciudad,2026-09-26 00:00,72.0,0.30000004172325134,1.1333333333333333,0.833333291610082,
2026-09-25,determinista,icon_global,2026-09-23 00:00,False,zona_interior,2026-09-26 00:00,72.0,0.15000000596046448,4.2,4.049999994039536,
2026-09-25,determinista,icon_global,2026-09-23 00:00,False,austral,2026-09-26 06:00,78.0,0.10000000149011612,3.3,3.1999999985098837,
2026-09-25,determinista,icon_global,2026-09-23 00:00,False,chaihuin,2026-09-26 06:00,78.0,0.30000001192092896,0.0,0.30000001192092896,
2026-09-25,determinista,icon_global,2026-09-23 00:00,False,corral,2026-09-26 06:00,78.0,0.10000000149011612,0.0,0.10000000149011612,
2026-09-25,determinista,icon_global,2026-09-23 00:00,False,corral_essal,2026-09-26 06:00,78.0,0.10000000149011612,2.9000000000000004,2.7999999985098842,
2026-09-25,determinista,icon_global,2026-09-23 00:00,False,curinanco,2026-09-26 06:00,78.0,0.20000000298023224,1.3,1.0999999970197678,
2026-09-25,determinista,icon_global,2026-09-23 00:00,False,islateja,2026-09-26 06:00,78.0,0.10000000149011612,2.4000000000000004,2.2999999985098842,
2026-09-25,determinista,icon_global,2026-09-23 00:00,False,las_lomas,2026-09-26 06:00,78.0,0.10000000149011612,0.6,0.49999999850988386,
2026-09-25,determinista,icon_global,2026-09-23 00:00,False,llancahue,2026-09-26 06:00,78.0,0.0,2.0,2.0,
2026-09-25,determinista,icon_global,2026-09-23 00:00,False,pichoy,2026-09-26 06:00,78.0,0.20000000298023224,1.5999999999999999,1.3999999970197676,
2026-09-25,determinista,icon_global,2026-09-23 00:00,False,zona_costa,2026-09-26 06:00,78.0,0.17500001192092896,1.05,0.8749999880790711,
2026-09-25,determinista,icon_global,2026-09-23 00:00,False,zona_ciudad,2026-09-26 06:00,78.0,0.06666667014360428,2.566666666666667,2.4999999965230626,
2026-09-25,determinista,icon_global,2026-09-23 00:00,False,zona_interior,2026-09-26 06:00,78.0,0.15000000596046448,1.0999999999999999,0.9499999940395354,
2026-09-25,determinista,icon_global,2026-09-23 00:00,False,austral,2026-09-26 12:00,84.0,0.21000000834465027,2.2,1.98999999165535,
2026-09-25,determinista,icon_global,2026-09-23 00:00,False,chaihuin,2026-09-26 12:00,84.0,1.290000081062317,4.3,3.009999918937683,
2026-09-25,determinista,icon_global,2026-09-23 00:00,False,corral,2026-09-26 12:00,84.0,0.47999998927116394,8.600000000000001,8.120000010728837,
2026-09-25,determinista,icon_global,2026-09-23 00:00,False,corral_essal,2026-09-26 12:00,84.0,0.47999998927116394,30.5,30.020000010728836,
2026-09-25,determinista,icon_global,2026-09-23 00:00,False,curinanco,2026-09-26 12:00,84.0,0.30000001192092896,2.8,2.499999988079071,
2026-09-25,determinista,icon_global,2026-09-23 00:00,False,islateja,2026-09-26 12:00,84.0,0.21000000834465027,2.6,2.38999999165535,
2026-09-25,determinista,icon_global,2026-09-23 00:00,False,las_lomas,2026-09-26 12:00,84.0,0.08999999612569809,0.4,0.31000000387430193,
2026-09-25,determinista,icon_global,2026-09-23 00:00,False,llancahue,2026-09-26 12:00,84.0,0.08999999612569809,2.5,2.410000003874302,
2026-09-25,determinista,icon_global,2026-09-23 00:00,False,pichoy,2026-09-26 12:00,84.0,0.08999999612569809,0.8,0.710000003874302,
2026-09-25,determinista,icon_global,2026-09-23 00:00,False,zona_costa,2026-09-26 12:00,84.0,0.6375000476837158,11.55,10.912499952316285,
2026-09-25,determinista,icon_global,2026-09-23 00:00,False,zona_ciudad,2026-09-26 12:00,84.0,0.17000000178813934,2.433333333333333,2.263333331545194,
2026-09-25,determinista,icon_global,2026-09-23 00:00,False,zona_interior,2026-09-26 12:00,84.0,0.08999999612569809,0.6000000000000001,0.510000003874302,
2026-09-25,determinista,icon_global,2026-09-23 00:00,False,austral,2026-09-26 18:00,90.0,0.6000000238418579,6.9,6.2999999761581424,
2026-09-25,determinista,icon_global,2026-09-23 00:00,False,chaihuin,2026-09-26 18:00,90.0,4.710000038146973,25.3,20.589999961853028,
2026-09-25,determinista,icon_global,2026-09-23 00:00,False,corral,2026-09-26 18:00,90.0,1.5,31.200000000000003,29.700000000000003,
2026-09-25,determinista,icon_global,2026-09-23 00:00,False,corral_essal,2026-09-26 18:00,90.0,1.5,16.6,15.100000000000001,
2026-09-25,determinista,icon_global,2026-09-23 00:00,False,curinanco,2026-09-26 18:00,90.0,0.9900000095367432,13.100000000000001,12.109999990463258,
2026-09-25,determinista,icon_global,2026-09-23 00:00,False,islateja,2026-09-26 18:00,90.0,0.6000000238418579,10.5,9.899999976158142,
2026-09-25,determinista,icon_global,2026-09-23 00:00,False,las_lomas,2026-09-26 18:00,90.0,1.5,1.2000000000000002,0.2999999999999998,
2026-09-25,determinista,icon_global,2026-09-23 00:00,False,llancahue,2026-09-26 18:00,90.0,0.7799999713897705,13.899999999999999,13.120000028610228,
2026-09-25,determinista,icon_global,2026-09-23 00:00,False,pichoy,2026-09-26 18:00,90.0,0.5099999904632568,0.8,0.2900000095367432,
2026-09-25,determinista,icon_global,2026-09-23 00:00,False,zona_costa,2026-09-26 18:00,90.0,2.174999952316284,21.550000000000004,19.37500004768372,
2026-09-25,determinista,icon_global,2026-09-23 00:00,False,zona_ciudad,2026-09-26 18:00,90.0,0.6600000262260437,10.433333333333332,9.773333307107288,
2026-09-25,determinista,icon_global,2026-09-23 00:00,False,zona_interior,2026-09-26 18:00,90.0,1.0049999952316284,1.0,0.004999995231628418,
2026-09-25,determinista,icon_global,2026-09-23 00:00,False,austral,2026-09-27 00:00,96.0,0.5099999904632568,9.7,9.190000009536742,
2026-09-25,determinista,icon_global,2026-09-23 00:00,False,chaihuin,2026-09-27 00:00,96.0,3.390000104904175,21.3,17.909999895095826,
2026-09-25,determinista,icon_global,2026-09-23 00:00,False,corral,2026-09-27 00:00,96.0,1.590000033378601,19.7,18.109999966621398,
2026-09-25,determinista,icon_global,2026-09-23 00:00,False,corral_essal,2026-09-27 00:00,96.0,1.590000033378601,6.2,4.609999966621399,
2026-09-25,determinista,icon_global,2026-09-23 00:00,False,curinanco,2026-09-27 00:00,96.0,0.9000000357627869,14.7,13.799999964237212,
2026-09-25,determinista,icon_global,2026-09-23 00:00,False,islateja,2026-09-27 00:00,96.0,0.5099999904632568,7.699999999999999,7.1900000095367425,
2026-09-25,determinista,icon_global,2026-09-23 00:00,False,las_lomas,2026-09-27 00:00,96.0,0.5099999904632568,0.9,0.3900000095367432,
2026-09-25,determinista,icon_global,2026-09-23 00:00,False,llancahue,2026-09-27 00:00,96.0,0.8100000023841858,13.1,12.289999997615814,
2026-09-25,determinista,icon_global,2026-09-23 00:00,False,pichoy,2026-09-27 00:00,96.0,0.6000000238418579,0.4,0.2000000238418579,
2026-09-25,determinista,icon_global,2026-09-23 00:00,False,zona_costa,2026-09-27 00:00,96.0,1.8675000667572021,15.475000000000001,13.6074999332428,
2026-09-25,determinista,icon_global,2026-09-23 00:00,False,zona_ciudad,2026-09-27 00:00,96.0,0.60999995470047,10.166666666666666,9.556666711966196,
2026-09-25,determinista,icon_global,2026-09-23 00:00,False,zona_interior,2026-09-27 00:00,96.0,0.5550000071525574,0.65,0.09499999284744265,
2026-09-25,determinista,icon_global,2026-09-23 12:00,False,austral,2026-09-26 00:00,60.0,0.5,0.6,0.09999999999999998,
2026-09-25,determinista,icon_global,2026-09-23 12:00,False,chaihuin,2026-09-26 00:00,60.0,4.699999809265137,0.0,4.699999809265137,
2026-09-25,determinista,icon_global,2026-09-23 12:00,False,corral,2026-09-26 00:00,60.0,1.7000000476837158,0.0,1.7000000476837158,
2026-09-25,determinista,icon_global,2026-09-23 12:00,False,corral_essal,2026-09-26 00:00,60.0,1.7000000476837158,0.0,1.7000000476837158,
2026-09-25,determinista,icon_global,2026-09-23 12:00,False,curinanco,2026-09-26 00:00,60.0,0.20000000298023224,1.4,1.1999999970197677,
2026-09-25,determinista,icon_global,2026-09-23 12:00,False,islateja,2026-09-26 00:00,60.0,0.5,1.6,1.1,
2026-09-25,determinista,icon_global,2026-09-23 12:00,False,las_lomas,2026-09-26 00:00,60.0,1.7000000476837158,2.0,0.2999999523162842,
2026-09-25,determinista,icon_global,2026-09-23 12:00,False,llancahue,2026-09-26 00:00,60.0,1.399999976158142,1.2,0.19999997615814213,
2026-09-25,determinista,icon_global,2026-09-23 12:00,False,pichoy,2026-09-26 00:00,60.0,1.4000000953674316,6.4,4.999999904632569,
2026-09-25,determinista,icon_global,2026-09-23 12:00,False,zona_costa,2026-09-26 00:00,60.0,2.075000047683716,0.35,1.7250000476837157,
2026-09-25,determinista,icon_global,2026-09-23 12:00,False,zona_ciudad,2026-09-26 00:00,60.0,0.800000011920929,1.1333333333333333,0.33333332141240435,
2026-09-25,determinista,icon_global,2026-09-23 12:00,False,zona_interior,2026-09-26 00:00,60.0,1.5500000715255737,4.2,2.6499999284744264,
2026-09-25,determinista,icon_global,2026-09-23 12:00,False,austral,2026-09-26 06:00,66.0,0.20000000298023224,3.3,3.0999999970197676,
2026-09-25,determinista,icon_global,2026-09-23 12:00,False,chaihuin,2026-09-26 06:00,66.0,2.4000000953674316,0.0,2.4000000953674316,
2026-09-25,determinista,icon_global,2026-09-23 12:00,False,corral,2026-09-26 06:00,66.0,0.6000000238418579,0.0,0.6000000238418579,
2026-09-25,determinista,icon_global,2026-09-23 12:00,False,corral_essal,2026-09-26 06:00,66.0,0.6000000238418579,2.9000000000000004,2.2999999761581424,
2026-09-25,determinista,icon_global,2026-09-23 12:00,False,curinanco,2026-09-26 06:00,66.0,0.20000000298023224,1.3,1.0999999970197678,
2026-09-25,determinista,icon_global,2026-09-23 12:00,False,islateja,2026-09-26 06:00,66.0,0.20000000298023224,2.4000000000000004,2.199999997019768,
2026-09-25,determinista,icon_global,2026-09-23 12:00,False,las_lomas,2026-09-26 06:00,66.0,0.0,0.6,0.6,
2026-09-25,determinista,icon_global,2026-09-23 12:00,False,llancahue,2026-09-26 06:00,66.0,0.0,2.0,2.0,
2026-09-25,determinista,icon_global,2026-09-23 12:00,False,pichoy,2026-09-26 06:00,66.0,0.0,1.5999999999999999,1.5999999999999999,
2026-09-25,determinista,icon_global,2026-09-23 12:00,False,zona_costa,2026-09-26 06:00,66.0,0.9500000476837158,1.05,0.09999995231628422,
2026-09-25,determinista,icon_global,2026-09-23 12:00,False,zona_ciudad,2026-09-26 06:00,66.0,0.13333334028720856,2.566666666666667,2.4333333263794583,
2026-09-25,determinista,icon_global,2026-09-23 12:00,False,zona_interior,2026-09-26 06:00,66.0,0.0,1.0999999999999999,1.0999999999999999,
2026-09-25,determinista,icon_global,2026-09-23 12:00,False,austral,2026-09-26 12:00,72.0,0.5,2.2,1.7000000000000002,
2026-09-25,determinista,icon_global,2026-09-23 12:00,False,chaihuin,2026-09-26 12:00,72.0,0.20000000298023224,4.3,4.099999997019768,
2026-09-25,determinista,icon_global,2026-09-23 12:00,False,corral,2026-09-26 12:00,72.0,0.10000000149011612,8.600000000000001,8.499999998509885,
2026-09-25,determinista,icon_global,2026-09-23 12:00,False,corral_essal,2026-09-26 12:00,72.0,0.10000000149011612,30.5,30.399999998509884,
2026-09-25,determinista,icon_global,2026-09-23 12:00,False,curinanco,2026-09-26 12:00,72.0,0.30000001192092896,2.8,2.499999988079071,
2026-09-25,determinista,icon_global,2026-09-23 12:00,False,islateja,2026-09-26 12:00,72.0,0.5,2.6,2.1,
2026-09-25,determinista,icon_global,2026-09-23 12:00,False,las_lomas,2026-09-26 12:00,72.0,0.0,0.4,0.4,
2026-09-25,determinista,icon_global,2026-09-23 12:00,False,llancahue,2026-09-26 12:00,72.0,0.20000000298023224,2.5,2.2999999970197678,
2026-09-25,determinista,icon_global,2026-09-23 12:00,False,pichoy,2026-09-26 12:00,72.0,0.0,0.8,0.8,
2026-09-25,determinista,icon_global,2026-09-23 12:00,False,zona_costa,2026-09-26 12:00,72.0,0.17500001192092896,11.55,11.374999988079072,
2026-09-25,determinista,icon_global,2026-09-23 12:00,False,zona_ciudad,2026-09-26 12:00,72.0,0.4000000059604645,2.433333333333333,2.0333333273728686,
2026-09-25,determinista,icon_global,2026-09-23 12:00,False,zona_interior,2026-09-26 12:00,72.0,0.0,0.6000000000000001,0.6000000000000001,
2026-09-25,determinista,icon_global,2026-09-23 12:00,False,austral,2026-09-26 18:00,78.0,1.4000000953674316,6.9,5.499999904632569,
2026-09-25,determinista,icon_global,2026-09-23 12:00,False,chaihuin,2026-09-26 18:00,78.0,6.699999809265137,25.3,18.600000190734864,
2026-09-25,determinista,icon_global,2026-09-23 12:00,False,corral,2026-09-26 18:00,78.0,1.100000023841858,31.200000000000003,30.099999976158145,
2026-09-25,determinista,icon_global,2026-09-23 12:00,False,corral_essal,2026-09-26 18:00,78.0,1.100000023841858,16.6,15.499999976158144,
2026-09-25,determinista,icon_global,2026-09-23 12:00,False,curinanco,2026-09-26 18:00,78.0,0.6000000238418579,13.100000000000001,12.499999976158144,
2026-09-25,determinista,icon_global,2026-09-23 12:00,False,islateja,2026-09-26 18:00,78.0,1.4000000953674316,10.5,9.099999904632568,
2026-09-25,determinista,icon_global,2026-09-23 12:00,False,las_lomas,2026-09-26 18:00,78.0,0.0,1.2000000000000002,1.2000000000000002,
2026-09-25,determinista,icon_global,2026-09-23 12:00,False,llancahue,2026-09-26 18:00,78.0,0.5,13.899999999999999,13.399999999999999,
2026-09-25,determinista,icon_global,2026-09-23 12:00,False,pichoy,2026-09-26 18:00,78.0,0.800000011920929,0.8,1.1920928910669204e-08,
2026-09-25,determinista,icon_global,2026-09-23 12:00,False,zona_costa,2026-09-26 18:00,78.0,2.375,21.550000000000004,19.175000000000004,
2026-09-25,determinista,icon_global,2026-09-23 12:00,False,zona_ciudad,2026-09-26 18:00,78.0,1.100000023841858,10.433333333333332,9.333333309491474,
2026-09-25,determinista,icon_global,2026-09-23 12:00,False,zona_interior,2026-09-26 18:00,78.0,0.4000000059604645,1.0,0.5999999940395355,
2026-09-25,determinista,icon_global,2026-09-23 12:00,False,austral,2026-09-27 00:00,84.0,4.409999847412109,9.7,5.29000015258789,
2026-09-25,determinista,icon_global,2026-09-23 12:00,False,chaihuin,2026-09-27 00:00,84.0,13.319999694824219,21.3,7.980000305175782,
2026-09-25,determinista,icon_global,2026-09-23 12:00,False,corral,2026-09-27 00:00,84.0,6.720000267028809,19.7,12.97999973297119,
2026-09-25,determinista,icon_global,2026-09-23 12:00,False,corral_essal,2026-09-27 00:00,84.0,6.720000267028809,6.2,0.5200002670288084,
2026-09-25,determinista,icon_global,2026-09-23 12:00,False,curinanco,2026-09-27 00:00,84.0,5.010000228881836,14.7,9.689999771118163,
2026-09-25,determinista,icon_global,2026-09-23 12:00,False,islateja,2026-09-27 00:00,84.0,4.409999847412109,7.699999999999999,3.29000015258789,
2026-09-25,determinista,icon_global,2026-09-23 12:00,False,las_lomas,2026-09-27 00:00,84.0,3.4200000762939453,0.9,2.5200000762939454,
2026-09-25,determinista,icon_global,2026-09-23 12:00,False,llancahue,2026-09-27 00:00,84.0,3.299999952316284,13.1,9.800000047683715,
2026-09-25,determinista,icon_global,2026-09-23 12:00,False,pichoy,2026-09-27 00:00,84.0,3.0,0.4,2.6,
2026-09-25,determinista,icon_global,2026-09-23 12:00,False,zona_costa,2026-09-27 00:00,84.0,7.942500114440918,15.475000000000001,7.5324998855590835,
2026-09-25,determinista,icon_global,2026-09-23 12:00,False,zona_ciudad,2026-09-27 00:00,84.0,4.039999961853027,10.166666666666666,6.126666704813639,
2026-09-25,determinista,icon_global,2026-09-23 12:00,False,zona_interior,2026-09-27 00:00,84.0,3.2100000381469727,0.65,2.5600000381469727,
2026-09-25,determinista,icon_global,2026-09-24 00:00,False,austral,2026-09-26 00:00,48.0,0.10000000149011612,0.6,0.49999999850988386,
2026-09-25,determinista,icon_global,2026-09-24 00:00,False,chaihuin,2026-09-26 00:00,48.0,3.8000001907348633,0.0,3.8000001907348633,
2026-09-25,determinista,icon_global,2026-09-24 00:00,False,corral,2026-09-26 00:00,48.0,2.700000047683716,0.0,2.700000047683716,
2026-09-25,determinista,icon_global,2026-09-24 00:00,False,corral_essal,2026-09-26 00:00,48.0,2.700000047683716,0.0,2.700000047683716,
2026-09-25,determinista,icon_global,2026-09-24 00:00,False,curinanco,2026-09-26 00:00,48.0,0.5,1.4,0.8999999999999999,
2026-09-25,determinista,icon_global,2026-09-24 00:00,False,islateja,2026-09-26 00:00,48.0,0.10000000149011612,1.6,1.499999998509884,
2026-09-25,determinista,icon_global,2026-09-24 00:00,False,las_lomas,2026-09-26 00:00,48.0,0.4000000059604645,2.0,1.5999999940395355,
2026-09-25,determinista,icon_global,2026-09-24 00:00,False,llancahue,2026-09-26 00:00,48.0,0.5,1.2,0.7,
2026-09-25,determinista,icon_global,2026-09-24 00:00,False,pichoy,2026-09-26 00:00,48.0,0.30000001192092896,6.4,6.099999988079071,
2026-09-25,determinista,icon_global,2026-09-24 00:00,False,zona_costa,2026-09-26 00:00,48.0,2.424999952316284,0.35,2.074999952316284,
2026-09-25,determinista,icon_global,2026-09-24 00:00,False,zona_ciudad,2026-09-26 00:00,48.0,0.23333334922790527,1.1333333333333333,0.899999984105428,
2026-09-25,determinista,icon_global,2026-09-24 00:00,False,zona_interior,2026-09-26 00:00,48.0,0.3500000238418579,4.2,3.8499999761581423,
2026-09-25,determinista,icon_global,2026-09-24 00:00,False,austral,2026-09-26 06:00,54.0,0.5,3.3,2.8,
2026-09-25,determinista,icon_global,2026-09-24 00:00,False,chaihuin,2026-09-26 06:00,54.0,6.599999904632568,0.0,6.599999904632568,
2026-09-25,determinista,icon_global,2026-09-24 00:00,False,corral,2026-09-26 06:00,54.0,3.0999999046325684,0.0,3.0999999046325684,
2026-09-25,determinista,icon_global,2026-09-24 00:00,False,corral_essal,2026-09-26 06:00,54.0,3.0999999046325684,2.9000000000000004,0.199999904632568,
2026-09-25,determinista,icon_global,2026-09-24 00:00,False,curinanco,2026-09-26 06:00,54.0,1.2000000476837158,1.3,0.09999995231628422,
2026-09-25,determinista,icon_global,2026-09-24 00:00,False,islateja,2026-09-26 06:00,54.0,0.5,2.4000000000000004,1.9000000000000004,
2026-09-25,determinista,icon_global,2026-09-24 00:00,False,las_lomas,2026-09-26 06:00,54.0,0.0,0.6,0.6,
2026-09-25,determinista,icon_global,2026-09-24 00:00,False,llancahue,2026-09-26 06:00,54.0,0.699999988079071,2.0,1.300000011920929,
2026-09-25,determinista,icon_global,2026-09-24 00:00,False,pichoy,2026-09-26 06:00,54.0,0.20000000298023224,1.5999999999999999,1.3999999970197676,
2026-09-25,determinista,icon_global,2026-09-24 00:00,False,zona_costa,2026-09-26 06:00,54.0,3.5,1.05,2.45,
2026-09-25,determinista,icon_global,2026-09-24 00:00,False,zona_ciudad,2026-09-26 06:00,54.0,0.5666666626930237,2.566666666666667,2.000000003973643,
2026-09-25,determinista,icon_global,2026-09-24 00:00,False,zona_interior,2026-09-26 06:00,54.0,0.10000000149011612,1.0999999999999999,0.9999999985098837,
2026-09-25,determinista,icon_global,2026-09-24 00:00,False,austral,2026-09-26 12:00,60.0,0.800000011920929,2.2,1.3999999880790712,
2026-09-25,determinista,icon_global,2026-09-24 00:00,False,chaihuin,2026-09-26 12:00,60.0,1.399999976158142,4.3,2.9000000238418577,
2026-09-25,determinista,icon_global,2026-09-24 00:00,False,corral,2026-09-26 12:00,60.0,0.4000000059604645,8.600000000000001,8.199999994039537,
2026-09-25,determinista,icon_global,2026-09-24 00:00,False,corral_essal,2026-09-26 12:00,60.0,0.4000000059604645,30.5,30.099999994039536,
2026-09-25,determinista,icon_global,2026-09-24 00:00,False,curinanco,2026-09-26 12:00,60.0,0.6000000238418579,2.8,2.199999976158142,
2026-09-25,determinista,icon_global,2026-09-24 00:00,False,islateja,2026-09-26 12:00,60.0,0.800000011920929,2.6,1.7999999880790711,
2026-09-25,determinista,icon_global,2026-09-24 00:00,False,las_lomas,2026-09-26 12:00,60.0,0.20000000298023224,0.4,0.19999999701976778,
2026-09-25,determinista,icon_global,2026-09-24 00:00,False,llancahue,2026-09-26 12:00,60.0,0.6000000238418579,2.5,1.899999976158142,
2026-09-25,determinista,icon_global,2026-09-24 00:00,False,pichoy,2026-09-26 12:00,60.0,0.5,0.8,0.30000000000000004,
2026-09-25,determinista,icon_global,2026-09-24 00:00,False,zona_costa,2026-09-26 12:00,60.0,0.7000000476837158,11.55,10.849999952316285,
2026-09-25,determinista,icon_global,2026-09-24 00:00,False,zona_ciudad,2026-09-26 12:00,60.0,0.7333333492279053,2.433333333333333,1.6999999841054279,
2026-09-25,determinista,icon_global,2026-09-24 00:00,False,zona_interior,2026-09-26 12:00,60.0,0.3499999940395355,0.6000000000000001,0.25000000596046457,
2026-09-25,determinista,icon_global,2026-09-24 00:00,False,austral,2026-09-26 18:00,66.0,0.20000000298023224,6.9,6.699999997019768,
2026-09-25,determinista,icon_global,2026-09-24 00:00,False,chaihuin,2026-09-26 18:00,66.0,3.0999999046325684,25.3,22.200000095367432,
2026-09-25,determinista,icon_global,2026-09-24 00:00,False,corral,2026-09-26 18:00,66.0,0.800000011920929,31.200000000000003,30.399999988079074,
2026-09-25,determinista,icon_global,2026-09-24 00:00,False,corral_essal,2026-09-26 18:00,66.0,0.800000011920929,16.6,15.799999988079072,
2026-09-25,determinista,icon_global,2026-09-24 00:00,False,curinanco,2026-09-26 18:00,66.0,0.20000000298023224,13.100000000000001,12.89999999701977,
2026-09-25,determinista,icon_global,2026-09-24 00:00,False,islateja,2026-09-26 18:00,66.0,0.20000000298023224,10.5,10.299999997019768,
2026-09-25,determinista,icon_global,2026-09-24 00:00,False,las_lomas,2026-09-26 18:00,66.0,0.0,1.2000000000000002,1.2000000000000002,
2026-09-25,determinista,icon_global,2026-09-24 00:00,False,llancahue,2026-09-26 18:00,66.0,0.5,13.899999999999999,13.399999999999999,
2026-09-25,determinista,icon_global,2026-09-24 00:00,False,pichoy,2026-09-26 18:00,66.0,0.0,0.8,0.8,
2026-09-25,determinista,icon_global,2026-09-24 00:00,False,zona_costa,2026-09-26 18:00,66.0,1.225000023841858,21.550000000000004,20.324999976158146,
2026-09-25,determinista,icon_global,2026-09-24 00:00,False,zona_ciudad,2026-09-26 18:00,66.0,0.29999998211860657,10.433333333333332,10.133333351214725,
2026-09-25,determinista,icon_global,2026-09-24 00:00,False,zona_interior,2026-09-26 18:00,66.0,0.0,1.0,1.0,
2026-09-25,determinista,icon_global,2026-09-24 00:00,False,austral,2026-09-27 00:00,72.0,1.899999976158142,9.7,7.800000023841857,
2026-09-25,determinista,icon_global,2026-09-24 00:00,False,chaihuin,2026-09-27 00:00,72.0,10.699999809265137,21.3,10.600000190734864,
2026-09-25,determinista,icon_global,2026-09-24 00:00,False,corral,2026-09-27 00:00,72.0,5.800000190734863,19.7,13.899999809265136,
2026-09-25,determinista,icon_global,2026-09-24 00:00,False,corral_essal,2026-09-27 00:00,72.0,5.800000190734863,6.2,0.3999998092651369,
2026-09-25,determinista,icon_global,2026-09-24 00:00,False,curinanco,2026-09-27 00:00,72.0,2.0,14.7,12.7,
2026-09-25,determinista,icon_global,2026-09-24 00:00,False,islateja,2026-09-27 00:00,72.0,1.899999976158142,7.699999999999999,5.800000023841857,
2026-09-25,determinista,icon_global,2026-09-24 00:00,False,las_lomas,2026-09-27 00:00,72.0,1.0,0.9,0.09999999999999998,
2026-09-25,determinista,icon_global,2026-09-24 00:00,False,llancahue,2026-09-27 00:00,72.0,1.2000000476837158,13.1,11.899999952316284,
2026-09-25,determinista,icon_global,2026-09-24 00:00,False,pichoy,2026-09-27 00:00,72.0,0.0,0.4,0.4,
2026-09-25,determinista,icon_global,2026-09-24 00:00,False,zona_costa,2026-09-27 00:00,72.0,6.074999809265137,15.475000000000001,9.400000190734865,
2026-09-25,determinista,icon_global,2026-09-24 00:00,False,zona_ciudad,2026-09-27 00:00,72.0,1.6666666269302368,10.166666666666666,8.50000003973643,
2026-09-25,determinista,icon_global,2026-09-24 00:00,False,zona_interior,2026-09-27 00:00,72.0,0.5,0.65,0.15000000000000002,
2026-09-25,determinista,icon_global,2026-09-24 12:00,False,austral,2026-09-26 00:00,36.0,1.1999999284744263,0.6,0.5999999284744263,
2026-09-25,determinista,icon_global,2026-09-24 12:00,False,chaihuin,2026-09-26 00:00,36.0,2.3000001907348633,0.0,2.3000001907348633,
2026-09-25,determinista,icon_global,2026-09-24 12:00,False,corral,2026-09-26 00:00,36.0,1.899999976158142,0.0,1.899999976158142,
2026-09-25,determinista,icon_global,2026-09-24 12:00,False,corral_essal,2026-09-26 00:00,36.0,1.899999976158142,0.0,1.899999976158142,
2026-09-25,determinista,icon_global,2026-09-24 12:00,False,curinanco,2026-09-26 00:00,36.0,1.399999976158142,1.4,2.3841857821338408e-08,
2026-09-25,determinista,icon_global,2026-09-24 12:00,False,islateja,2026-09-26 00:00,36.0,1.1999999284744263,1.6,0.4000000715255738,
2026-09-25,determinista,icon_global,2026-09-24 12:00,False,las_lomas,2026-09-26 00:00,36.0,1.7000000476837158,2.0,0.2999999523162842,
2026-09-25,determinista,icon_global,2026-09-24 12:00,False,llancahue,2026-09-26 00:00,36.0,2.5,1.2,1.3,
2026-09-25,determinista,icon_global,2026-09-24 12:00,False,pichoy,2026-09-26 00:00,36.0,1.600000023841858,6.4,4.7999999761581424,
2026-09-25,determinista,icon_global,2026-09-24 12:00,False,zona_costa,2026-09-26 00:00,36.0,1.8750001192092896,0.35,1.5250001192092895,
2026-09-25,determinista,icon_global,2026-09-24 12:00,False,zona_ciudad,2026-09-26 00:00,36.0,1.6333332061767578,1.1333333333333333,0.4999998728434245,
2026-09-25,determinista,icon_global,2026-09-24 12:00,False,zona_interior,2026-09-26 00:00,36.0,1.6500000953674316,4.2,2.5499999046325685,
2026-09-25,determinista,icon_global,2026-09-24 12:00,False,austral,2026-09-26 06:00,42.0,0.0,3.3,3.3,
2026-09-25,determinista,icon_global,2026-09-24 12:00,False,chaihuin,2026-09-26 06:00,42.0,4.5,0.0,4.5,
2026-09-25,determinista,icon_global,2026-09-24 12:00,False,corral,2026-09-26 06:00,42.0,1.9000000953674316,0.0,1.9000000953674316,
2026-09-25,determinista,icon_global,2026-09-24 12:00,False,corral_essal,2026-09-26 06:00,42.0,1.9000000953674316,2.9000000000000004,0.9999999046325687,
2026-09-25,determinista,icon_global,2026-09-24 12:00,False,curinanco,2026-09-26 06:00,42.0,1.0,1.3,0.30000000000000004,
2026-09-25,determinista,icon_global,2026-09-24 12:00,False,islateja,2026-09-26 06:00,42.0,0.0,2.4000000000000004,2.4000000000000004,
2026-09-25,determinista,icon_global,2026-09-24 12:00,False,las_lomas,2026-09-26 06:00,42.0,0.0,0.6,0.6,
2026-09-25,determinista,icon_global,2026-09-24 12:00,False,llancahue,2026-09-26 06:00,42.0,0.9000000357627869,2.0,1.0999999642372131,
2026-09-25,determinista,icon_global,2026-09-24 12:00,False,pichoy,2026-09-26 06:00,42.0,0.0,1.5999999999999999,1.5999999999999999,
2026-09-25,determinista,icon_global,2026-09-24 12:00,False,zona_costa,2026-09-26 06:00,42.0,2.325000047683716,1.05,1.2750000476837158,
2026-09-25,determinista,icon_global,2026-09-24 12:00,False,zona_ciudad,2026-09-26 06:00,42.0,0.30000001192092896,2.566666666666667,2.266666654745738,
2026-09-25,determinista,icon_global,2026-09-24 12:00,False,zona_interior,2026-09-26 06:00,42.0,0.0,1.0999999999999999,1.0999999999999999,
2026-09-25,determinista,icon_global,2026-09-24 12:00,False,austral,2026-09-26 12:00,48.0,1.5999999046325684,2.2,0.6000000953674318,
2026-09-25,determinista,icon_global,2026-09-24 12:00,False,chaihuin,2026-09-26 12:00,48.0,12.700000762939453,4.3,8.400000762939452,
2026-09-25,determinista,icon_global,2026-09-24 12:00,False,corral,2026-09-26 12:00,48.0,3.5999999046325684,8.600000000000001,5.000000095367433,
2026-09-25,determinista,icon_global,2026-09-24 12:00,False,corral_essal,2026-09-26 12:00,48.0,3.5999999046325684,30.5,26.90000009536743,
2026-09-25,determinista,icon_global,2026-09-24 12:00,False,curinanco,2026-09-26 12:00,48.0,2.0999999046325684,2.8,0.7000000953674315,
2026-09-25,determinista,icon_global,2026-09-24 12:00,False,islateja,2026-09-26 12:00,48.0,1.5999999046325684,2.6,1.0000000953674317,
2026-09-25,determinista,icon_global,2026-09-24 12:00,False,las_lomas,2026-09-26 12:00,48.0,0.0,0.4,0.4,
2026-09-25,determinista,icon_global,2026-09-24 12:00,False,llancahue,2026-09-26 12:00,48.0,2.0999999046325684,2.5,0.40000009536743164,
2026-09-25,determinista,icon_global,2026-09-24 12:00,False,pichoy,2026-09-26 12:00,48.0,0.4000000059604645,0.8,0.39999999403953557,
2026-09-25,determinista,icon_global,2026-09-24 12:00,False,zona_costa,2026-09-26 12:00,48.0,5.500000476837158,11.55,6.0499995231628425,
2026-09-25,determinista,icon_global,2026-09-24 12:00,False,zona_ciudad,2026-09-26 12:00,48.0,1.7666665315628052,2.433333333333333,0.666666801770528,
2026-09-25,determinista,icon_global,2026-09-24 12:00,False,zona_interior,2026-09-26 12:00,48.0,0.20000000298023224,0.6000000000000001,0.39999999701976785,
2026-09-25,determinista,icon_global,2026-09-24 12:00,False,austral,2026-09-26 18:00,54.0,6.900000095367432,6.9,9.536743128535363e-08,
2026-09-25,determinista,icon_global,2026-09-24 12:00,False,chaihuin,2026-09-26 18:00,54.0,18.5,25.3,6.800000000000001,
2026-09-25,determinista,icon_global,2026-09-24 12:00,False,corral,2026-09-26 18:00,54.0,7.400000095367432,31.200000000000003,23.79999990463257,
2026-09-25,determinista,icon_global,2026-09-24 12:00,False,corral_essal,2026-09-26 18:00,54.0,7.400000095367432,16.6,9.19999990463257,
2026-09-25,determinista,icon_global,2026-09-24 12:00,False,curinanco,2026-09-26 18:00,54.0,5.5,13.100000000000001,7.600000000000001,
2026-09-25,determinista,icon_global,2026-09-24 12:00,False,islateja,2026-09-26 18:00,54.0,6.900000095367432,10.5,3.5999999046325684,
2026-09-25,determinista,icon_global,2026-09-24 12:00,False,las_lomas,2026-09-26 18:00,54.0,2.5999999046325684,1.2000000000000002,1.3999999046325682,
2026-09-25,determinista,icon_global,2026-09-24 12:00,False,llancahue,2026-09-26 18:00,54.0,5.400000095367432,13.899999999999999,8.499999904632567,
2026-09-25,determinista,icon_global,2026-09-24 12:00,False,pichoy,2026-09-26 18:00,54.0,3.0,0.8,2.2,
2026-09-25,determinista,icon_global,2026-09-24 12:00,False,zona_costa,2026-09-26 18:00,54.0,9.699999809265137,21.550000000000004,11.850000190734868,
2026-09-25,determinista,icon_global,2026-09-24 12:00,False,zona_ciudad,2026-09-26 18:00,54.0,6.400000095367432,10.433333333333332,4.0333332379659,
2026-09-25,determinista,icon_global,2026-09-24 12:00,False,zona_interior,2026-09-26 18:00,54.0,2.799999952316284,1.0,1.7999999523162842,
2026-09-25,determinista,icon_global,2026-09-24 12:00,False,austral,2026-09-27 00:00,60.0,6.400000095367432,9.7,3.2999999046325676,
2026-09-25,determinista,icon_global,2026-09-24 12:00,False,chaihuin,2026-09-27 00:00,60.0,10.100000381469727,21.3,11.199999618530274,
2026-09-25,determinista,icon_global,2026-09-24 12:00,False,corral,2026-09-27 00:00,60.0,7.300000190734863,19.7,12.399999809265136,
2026-09-25,determinista,icon_global,2026-09-24 12:00,False,corral_essal,2026-09-27 00:00,60.0,7.300000190734863,6.2,1.100000190734863,
2026-09-25,determinista,icon_global,2026-09-24 12:00,False,curinanco,2026-09-27 00:00,60.0,6.599999904632568,14.7,8.100000095367431,
2026-09-25,determinista,icon_global,2026-09-24 12:00,False,islateja,2026-09-27 00:00,60.0,6.400000095367432,7.699999999999999,1.2999999046325676,
2026-09-25,determinista,icon_global,2026-09-24 12:00,False,las_lomas,2026-09-27 00:00,60.0,3.8000001907348633,0.9,2.9000001907348634,
2026-09-25,determinista,icon_global,2026-09-24 12:00,False,llancahue,2026-09-27 00:00,60.0,7.300000190734863,13.1,5.799999809265136,
2026-09-25,determinista,icon_global,2026-09-24 12:00,False,pichoy,2026-09-27 00:00,60.0,5.099999904632568,0.4,4.699999904632568,
2026-09-25,determinista,icon_global,2026-09-24 12:00,False,zona_costa,2026-09-27 00:00,60.0,7.824999809265137,15.475000000000001,7.650000190734865,
2026-09-25,determinista,icon_global,2026-09-24 12:00,False,zona_ciudad,2026-09-27 00:00,60.0,6.700000286102295,10.166666666666666,3.466666380564371,
2026-09-25,determinista,icon_global,2026-09-24 12:00,False,zona_interior,2026-09-27 00:00,60.0,4.449999809265137,0.65,3.799999809265137,
2026-09-25,determinista,icon_global,2026-09-25 00:00,False,austral,2026-09-26 00:00,24.0,1.100000023841858,0.6,0.5000000238418579,
2026-09-25,determinista,icon_global,2026-09-25 00:00,False,chaihuin,2026-09-26 00:00,24.0,3.299999952316284,0.0,3.299999952316284,
2026-09-25,determinista,icon_global,2026-09-25 00:00,False,corral,2026-09-26 00:00,24.0,1.8000000715255737,0.0,1.8000000715255737,
2026-09-25,determinista,icon_global,2026-09-25 00:00,False,corral_essal,2026-09-26 00:00,24.0,1.8000000715255737,0.0,1.8000000715255737,
2026-09-25,determinista,icon_global,2026-09-25 00:00,False,curinanco,2026-09-26 00:00,24.0,1.100000023841858,1.4,0.299999976158142,
2026-09-25,determinista,icon_global,2026-09-25 00:00,False,islateja,2026-09-26 00:00,24.0,1.100000023841858,1.6,0.4999999761581422,
2026-09-25,determinista,icon_global,2026-09-25 00:00,False,las_lomas,2026-09-26 00:00,24.0,1.3000000715255737,2.0,0.6999999284744263,
2026-09-25,determinista,icon_global,2026-09-25 00:00,False,llancahue,2026-09-26 00:00,24.0,2.200000047683716,1.2,1.0000000476837159,
2026-09-25,determinista,icon_global,2026-09-25 00:00,False,pichoy,2026-09-26 00:00,24.0,1.0,6.4,5.4,
2026-09-25,determinista,icon_global,2026-09-25 00:00,False,zona_costa,2026-09-26 00:00,24.0,2.0,0.35,1.65,
2026-09-25,determinista,icon_global,2026-09-25 00:00,False,zona_ciudad,2026-09-26 00:00,24.0,1.4666666984558105,1.1333333333333333,0.33333336512247724,
2026-09-25,determinista,icon_global,2026-09-25 00:00,False,zona_interior,2026-09-26 00:00,24.0,1.1500000953674316,4.2,3.0499999046325685,
2026-09-25,determinista,icon_global,2026-09-25 00:00,False,austral,2026-09-26 06:00,30.0,2.0999999046325684,3.3,1.2000000953674315,
2026-09-25,determinista,icon_global,2026-09-25 00:00,False,chaihuin,2026-09-26 06:00,30.0,5.199999809265137,0.0,5.199999809265137,
2026-09-25,determinista,icon_global,2026-09-25 00:00,False,corral,2026-09-26 06:00,30.0,2.700000047683716,0.0,2.700000047683716,
2026-09-25,determinista,icon_global,2026-09-25 00:00,False,corral_essal,2026-09-26 06:00,30.0,2.700000047683716,2.9000000000000004,0.19999995231628453,
2026-09-25,determinista,icon_global,2026-09-25 00:00,False,curinanco,2026-09-26 06:00,30.0,2.1000001430511475,1.3,0.8000001430511474,
2026-09-25,determinista,icon_global,2026-09-25 00:00,False,islateja,2026-09-26 06:00,30.0,2.0999999046325684,2.4000000000000004,0.300000095367432,
2026-09-25,determinista,icon_global,2026-09-25 00:00,False,las_lomas,2026-09-26 06:00,30.0,0.7000000476837158,0.6,0.10000004768371584,
2026-09-25,determinista,icon_global,2026-09-25 00:00,False,llancahue,2026-09-26 06:00,30.0,1.7000000476837158,2.0,0.2999999523162842,
2026-09-25,determinista,icon_global,2026-09-25 00:00,False,pichoy,2026-09-26 06:00,30.0,2.0999999046325684,1.5999999999999999,0.4999999046325685,
2026-09-25,determinista,icon_global,2026-09-25 00:00,False,zona_costa,2026-09-26 06:00,30.0,3.174999952316284,1.05,2.1249999523162844,
2026-09-25,determinista,icon_global,2026-09-25 00:00,False,zona_ciudad,2026-09-26 06:00,30.0,1.966666579246521,2.566666666666667,0.6000000874201459,
2026-09-25,determinista,icon_global,2026-09-25 00:00,False,zona_interior,2026-09-26 06:00,30.0,1.399999976158142,1.0999999999999999,0.2999999761581422,
2026-09-25,determinista,icon_global,2026-09-25 00:00,False,austral,2026-09-26 12:00,36.0,6.100000381469727,2.2,3.9000003814697264,
2026-09-25,determinista,icon_global,2026-09-25 00:00,False,chaihuin,2026-09-26 12:00,36.0,13.699999809265137,4.3,9.399999809265136,
2026-09-25,determinista,icon_global,2026-09-25 00:00,False,corral,2026-09-26 12:00,36.0,6.900000095367432,8.600000000000001,1.6999999046325698,
2026-09-25,determinista,icon_global,2026-09-25 00:00,False,corral_essal,2026-09-26 12:00,36.0,6.900000095367432,30.5,23.59999990463257,
2026-09-25,determinista,icon_global,2026-09-25 00:00,False,curinanco,2026-09-26 12:00,36.0,7.300000190734863,2.8,4.5000001907348635,
2026-09-25,determinista,icon_global,2026-09-25 00:00,False,islateja,2026-09-26 12:00,36.0,6.100000381469727,2.6,3.5000003814697265,
2026-09-25,determinista,icon_global,2026-09-25 00:00,False,las_lomas,2026-09-26 12:00,36.0,2.5999999046325684,0.4,2.1999999046325684,
2026-09-25,determinista,icon_global,2026-09-25 00:00,False,llancahue,2026-09-26 12:00,36.0,6.199999809265137,2.5,3.6999998092651367,
2026-09-25,determinista,icon_global,2026-09-25 00:00,False,pichoy,2026-09-26 12:00,36.0,5.099999904632568,0.8,4.2999999046325685,
2026-09-25,determinista,icon_global,2026-09-25 00:00,False,zona_costa,2026-09-26 12:00,36.0,8.700000762939453,11.55,2.8499992370605476,
2026-09-25,determinista,icon_global,2026-09-25 00:00,False,zona_ciudad,2026-09-26 12:00,36.0,6.133333683013916,2.433333333333333,3.700000349680583,
2026-09-25,determinista,icon_global,2026-09-25 00:00,False,zona_interior,2026-09-26 12:00,36.0,3.8499999046325684,0.6000000000000001,3.2499999046325683,
2026-09-25,determinista,icon_global,2026-09-25 00:00,False,austral,2026-09-26 18:00,42.0,11.799999237060547,6.9,4.8999992370605465,
2026-09-25,determinista,icon_global,2026-09-25 00:00,False,chaihuin,2026-09-26 18:00,42.0,10.800000190734863,25.3,14.499999809265137,
2026-09-25,determinista,icon_global,2026-09-25 00:00,False,corral,2026-09-26 18:00,42.0,11.5,31.200000000000003,19.700000000000003,
2026-09-25,determinista,icon_global,2026-09-25 00:00,False,corral_essal,2026-09-26 18:00,42.0,11.5,16.6,5.100000000000001,
2026-09-25,determinista,icon_global,2026-09-25 00:00,False,curinanco,2026-09-26 18:00,42.0,12.5,13.100000000000001,0.6000000000000014,
2026-09-25,determinista,icon_global,2026-09-25 00:00,False,islateja,2026-09-26 18:00,42.0,11.799999237060547,10.5,1.2999992370605469,
2026-09-25,determinista,icon_global,2026-09-25 00:00,False,las_lomas,2026-09-26 18:00,42.0,7.0,1.2000000000000002,5.8,
2026-09-25,determinista,icon_global,2026-09-25 00:00,False,llancahue,2026-09-26 18:00,42.0,12.699999809265137,13.899999999999999,1.2000001907348619,
2026-09-25,determinista,icon_global,2026-09-25 00:00,False,pichoy,2026-09-26 18:00,42.0,9.299999237060547,0.8,8.499999237060546,
2026-09-25,determinista,icon_global,2026-09-25 00:00,False,zona_costa,2026-09-26 18:00,42.0,11.574999809265137,21.550000000000004,9.975000190734868,
2026-09-25,determinista,icon_global,2026-09-25 00:00,False,zona_ciudad,2026-09-26 18:00,42.0,12.09999942779541,10.433333333333332,1.6666660944620784,
2026-09-25,determinista,icon_global,2026-09-25 00:00,False,zona_interior,2026-09-26 18:00,42.0,8.149999618530273,1.0,7.149999618530273,
2026-09-25,determinista,icon_global,2026-09-25 00:00,False,austral,2026-09-27 00:00,48.0,8.899999618530273,9.7,0.8000003814697259,
2026-09-25,determinista,icon_global,2026-09-25 00:00,False,chaihuin,2026-09-27 00:00,48.0,3.5,21.3,17.8,
2026-09-25,determinista,icon_global,2026-09-25 00:00,False,corral,2026-09-27 00:00,48.0,5.599999904632568,19.7,14.100000095367431,
2026-09-25,determinista,icon_global,2026-09-25 00:00,False,corral_essal,2026-09-27 00:00,48.0,5.599999904632568,6.2,0.6000000953674318,
2026-09-25,determinista,icon_global,2026-09-25 00:00,False,curinanco,2026-09-27 00:00,48.0,9.100000381469727,14.7,5.599999618530273,
2026-09-25,determinista,icon_global,2026-09-25 00:00,False,islateja,2026-09-27 00:00,48.0,8.899999618530273,7.699999999999999,1.1999996185302741,
2026-09-25,determinista,icon_global,2026-09-25 00:00,False,las_lomas,2026-09-27 00:00,48.0,5.699999809265137,0.9,4.799999809265136,
2026-09-25,determinista,icon_global,2026-09-25 00:00,False,llancahue,2026-09-27 00:00,48.0,11.300000190734863,13.1,1.7999998092651364,
2026-09-25,determinista,icon_global,2026-09-25 00:00,False,pichoy,2026-09-27 00:00,48.0,6.5,0.4,6.1,
2026-09-25,determinista,icon_global,2026-09-25 00:00,False,zona_costa,2026-09-27 00:00,48.0,5.950000286102295,15.475000000000001,9.524999713897706,
2026-09-25,determinista,icon_global,2026-09-25 00:00,False,zona_ciudad,2026-09-27 00:00,48.0,9.699999809265137,10.166666666666666,0.46666685740152936,
2026-09-25,determinista,icon_global,2026-09-25 00:00,False,zona_interior,2026-09-27 00:00,48.0,6.099999904632568,0.65,5.449999904632568,
2026-09-25,determinista,icon_global,2026-09-25 12:00,False,austral,2026-09-26 00:00,12.0,0.8999999761581421,0.6,0.2999999761581421,
2026-09-25,determinista,icon_global,2026-09-25 12:00,False,chaihuin,2026-09-26 00:00,12.0,5.099999904632568,0.0,5.099999904632568,
2026-09-25,determinista,icon_global,2026-09-25 12:00,False,corral,2026-09-26 00:00,12.0,3.4000000953674316,0.0,3.4000000953674316,
2026-09-25,determinista,icon_global,2026-09-25 12:00,False,corral_essal,2026-09-26 00:00,12.0,3.4000000953674316,0.0,3.4000000953674316,
2026-09-25,determinista,icon_global,2026-09-25 12:00,False,curinanco,2026-09-26 00:00,12.0,1.7000000476837158,1.4,0.3000000476837159,
2026-09-25,determinista,icon_global,2026-09-25 12:00,False,islateja,2026-09-26 00:00,12.0,0.8999999761581421,1.6,0.700000023841858,
2026-09-25,determinista,icon_global,2026-09-25 12:00,False,las_lomas,2026-09-26 00:00,12.0,0.4000000059604645,2.0,1.5999999940395355,
2026-09-25,determinista,icon_global,2026-09-25 12:00,False,llancahue,2026-09-26 00:00,12.0,3.0,1.2,1.8,
2026-09-25,determinista,icon_global,2026-09-25 12:00,False,pichoy,2026-09-26 00:00,12.0,0.800000011920929,6.4,5.599999988079071,
2026-09-25,determinista,icon_global,2026-09-25 12:00,False,zona_costa,2026-09-26 00:00,12.0,3.4000000953674316,0.35,3.0500000953674316,
2026-09-25,determinista,icon_global,2026-09-25 12:00,False,zona_ciudad,2026-09-26 00:00,12.0,1.600000023841858,1.1333333333333333,0.4666666905085246,
2026-09-25,determinista,icon_global,2026-09-25 12:00,False,zona_interior,2026-09-26 00:00,12.0,0.6000000238418579,4.2,3.5999999761581423,
2026-09-25,determinista,icon_global,2026-09-25 12:00,False,austral,2026-09-26 06:00,18.0,2.200000047683716,3.3,1.099999952316284,
2026-09-25,determinista,icon_global,2026-09-25 12:00,False,chaihuin,2026-09-26 06:00,18.0,6.5,0.0,6.5,
2026-09-25,determinista,icon_global,2026-09-25 12:00,False,corral,2026-09-26 06:00,18.0,5.0,0.0,5.0,
2026-09-25,determinista,icon_global,2026-09-25 12:00,False,corral_essal,2026-09-26 06:00,18.0,5.0,2.9000000000000004,2.0999999999999996,
2026-09-25,determinista,icon_global,2026-09-25 12:00,False,curinanco,2026-09-26 06:00,18.0,3.5,1.3,2.2,
2026-09-25,determinista,icon_global,2026-09-25 12:00,False,islateja,2026-09-26 06:00,18.0,2.200000047683716,2.4000000000000004,0.19999995231628453,
2026-09-25,determinista,icon_global,2026-09-25 12:00,False,las_lomas,2026-09-26 06:00,18.0,0.20000000298023224,0.6,0.39999999701976774,
2026-09-25,determinista,icon_global,2026-09-25 12:00,False,llancahue,2026-09-26 06:00,18.0,2.4000000953674316,2.0,0.40000009536743164,
2026-09-25,determinista,icon_global,2026-09-25 12:00,False,pichoy,2026-09-26 06:00,18.0,1.5,1.5999999999999999,0.09999999999999987,
2026-09-25,determinista,icon_global,2026-09-25 12:00,False,zona_costa,2026-09-26 06:00,18.0,5.0,1.05,3.95,
2026-09-25,determinista,icon_global,2026-09-25 12:00,False,zona_ciudad,2026-09-26 06:00,18.0,2.2666666507720947,2.566666666666667,0.30000001589457215,
2026-09-25,determinista,icon_global,2026-09-25 12:00,False,zona_interior,2026-09-26 06:00,18.0,0.8500000238418579,1.0999999999999999,0.24999997615814196,
2026-09-25,determinista,icon_global,2026-09-25 12:00,False,austral,2026-09-26 12:00,24.0,7.100000381469727,2.2,4.900000381469726,
2026-09-25,determinista,icon_global,2026-09-25 12:00,False,chaihuin,2026-09-26 12:00,24.0,13.800000190734863,4.3,9.500000190734863,
2026-09-25,determinista,icon_global,2026-09-25 12:00,False,corral,2026-09-26 12:00,24.0,9.5,8.600000000000001,0.8999999999999986,
2026-09-25,determinista,icon_global,2026-09-25 12:00,False,corral_essal,2026-09-26 12:00,24.0,9.5,30.5,21.0,
2026-09-25,determinista,icon_global,2026-09-25 12:00,False,curinanco,2026-09-26 12:00,24.0,7.599999904632568,2.8,4.7999999046325685,
2026-09-25,determinista,icon_global,2026-09-25 12:00,False,islateja,2026-09-26 12:00,24.0,7.100000381469727,2.6,4.500000381469727,
2026-09-25,determinista,icon_global,2026-09-25 12:00,False,las_lomas,2026-09-26 12:00,24.0,3.700000286102295,0.4,3.300000286102295,
2026-09-25,determinista,icon_global,2026-09-25 12:00,False,llancahue,2026-09-26 12:00,24.0,7.099999904632568,2.5,4.599999904632568,
2026-09-25,determinista,icon_global,2026-09-25 12:00,False,pichoy,2026-09-26 12:00,24.0,6.699999809265137,0.8,5.899999809265137,
2026-09-25,determinista,icon_global,2026-09-25 12:00,False,zona_costa,2026-09-26 12:00,24.0,10.100000381469727,11.55,1.4499996185302741,
2026-09-25,determinista,icon_global,2026-09-25 12:00,False,zona_ciudad,2026-09-26 12:00,24.0,7.100000381469727,2.433333333333333,4.666667048136393,
2026-09-25,determinista,icon_global,2026-09-25 12:00,False,zona_interior,2026-09-26 12:00,24.0,5.199999809265137,0.6000000000000001,4.599999809265137,
2026-09-25,determinista,icon_global,2026-09-25 12:00,False,austral,2026-09-26 18:00,30.0,9.199999809265137,6.9,2.2999998092651364,
2026-09-25,determinista,icon_global,2026-09-25 12:00,False,chaihuin,2026-09-26 18:00,30.0,7.0,25.3,18.3,
2026-09-25,determinista,icon_global,2026-09-25 12:00,False,corral,2026-09-26 18:00,30.0,8.5,31.200000000000003,22.700000000000003,
2026-09-25,determinista,icon_global,2026-09-25 12:00,False,corral_essal,2026-09-26 18:00,30.0,8.5,16.6,8.100000000000001,
2026-09-25,determinista,icon_global,2026-09-25 12:00,False,curinanco,2026-09-26 18:00,30.0,7.5,13.100000000000001,5.600000000000001,
2026-09-25,determinista,icon_global,2026-09-25 12:00,False,islateja,2026-09-26 18:00,30.0,9.199999809265137,10.5,1.3000001907348633,
2026-09-25,determinista,icon_global,2026-09-25 12:00,False,las_lomas,2026-09-26 18:00,30.0,12.199999809265137,1.2000000000000002,10.999999809265137,
2026-09-25,determinista,icon_global,2026-09-25 12:00,False,llancahue,2026-09-26 18:00,30.0,9.699999809265137,13.899999999999999,4.200000190734862,
2026-09-25,determinista,icon_global,2026-09-25 12:00,False,pichoy,2026-09-26 18:00,30.0,12.299999237060547,0.8,11.499999237060546,
2026-09-25,determinista,icon_global,2026-09-25 12:00,False,zona_costa,2026-09-26 18:00,30.0,7.875,21.550000000000004,13.675000000000004,
2026-09-25,determinista,icon_global,2026-09-25 12:00,False,zona_ciudad,2026-09-26 18:00,30.0,9.366665840148926,10.433333333333332,1.066667493184406,
2026-09-25,determinista,icon_global,2026-09-25 12:00,False,zona_interior,2026-09-26 18:00,30.0,12.25,1.0,11.25,
2026-09-25,determinista,icon_global,2026-09-25 12:00,False,austral,2026-09-27 00:00,36.0,2.3000001907348633,9.7,7.399999809265136,
2026-09-25,determinista,icon_global,2026-09-25 12:00,False,chaihuin,2026-09-27 00:00,36.0,2.700000047683716,21.3,18.599999952316285,
2026-09-25,determinista,icon_global,2026-09-25 12:00,False,corral,2026-09-27 00:00,36.0,1.5,19.7,18.2,
2026-09-25,determinista,icon_global,2026-09-25 12:00,False,corral_essal,2026-09-27 00:00,36.0,1.5,6.2,4.7,
2026-09-25,determinista,icon_global,2026-09-25 12:00,False,curinanco,2026-09-27 00:00,36.0,2.0,14.7,12.7,
2026-09-25,determinista,icon_global,2026-09-25 12:00,False,islateja,2026-09-27 00:00,36.0,2.3000001907348633,7.699999999999999,5.399999809265136,
2026-09-25,determinista,icon_global,2026-09-25 12:00,False,las_lomas,2026-09-27 00:00,36.0,3.299999952316284,0.9,2.3999999523162843,
2026-09-25,determinista,icon_global,2026-09-25 12:00,False,llancahue,2026-09-27 00:00,36.0,3.5,13.1,9.6,
2026-09-25,determinista,icon_global,2026-09-25 12:00,False,pichoy,2026-09-27 00:00,36.0,2.1000001430511475,0.4,1.7000001430511475,
2026-09-25,determinista,icon_global,2026-09-25 12:00,False,zona_costa,2026-09-27 00:00,36.0,1.9249999523162842,15.475000000000001,13.550000047683717,
2026-09-25,determinista,icon_global,2026-09-25 12:00,False,zona_ciudad,2026-09-27 00:00,36.0,2.700000047683716,10.166666666666666,7.46666661898295,
2026-09-25,determinista,icon_global,2026-09-25 12:00,False,zona_interior,2026-09-27 00:00,36.0,2.700000047683716,0.65,2.050000047683716,
2026-09-25,determinista,icon_global,2026-09-26 00:00,False,austral,2026-09-26 06:00,6.0,3.0,3.3,0.2999999999999998,
2026-09-25,determinista,icon_global,2026-09-26 00:00,False,chaihuin,2026-09-26 06:00,6.0,7.699999809265137,0.0,7.699999809265137,
2026-09-25,determinista,icon_global,2026-09-26 00:00,False,corral,2026-09-26 06:00,6.0,5.800000190734863,0.0,5.800000190734863,
2026-09-25,determinista,icon_global,2026-09-26 00:00,False,corral_essal,2026-09-26 06:00,6.0,5.800000190734863,2.9000000000000004,2.900000190734863,
2026-09-25,determinista,icon_global,2026-09-26 00:00,False,curinanco,2026-09-26 06:00,6.0,4.300000190734863,1.3,3.0000001907348635,
2026-09-25,determinista,icon_global,2026-09-26 00:00,False,islateja,2026-09-26 06:00,6.0,3.0,2.4000000000000004,0.5999999999999996,
2026-09-25,determinista,icon_global,2026-09-26 00:00,False,las_lomas,2026-09-26 06:00,6.0,1.0,0.6,0.4,
2026-09-25,determinista,icon_global,2026-09-26 00:00,False,llancahue,2026-09-26 06:00,6.0,3.299999952316284,2.0,1.2999999523162842,
2026-09-25,determinista,icon_global,2026-09-26 00:00,False,pichoy,2026-09-26 06:00,6.0,2.5,1.5999999999999999,0.9000000000000001,
2026-09-25,determinista,icon_global,2026-09-26 00:00,False,zona_costa,2026-09-26 06:00,6.0,5.899999618530273,1.05,4.849999618530274,
2026-09-25,determinista,icon_global,2026-09-26 00:00,False,zona_ciudad,2026-09-26 06:00,6.0,3.1000001430511475,2.566666666666667,0.5333334763844806,
2026-09-25,determinista,icon_global,2026-09-26 00:00,False,zona_interior,2026-09-26 06:00,6.0,1.75,1.0999999999999999,0.6500000000000001,
2026-09-25,determinista,icon_global,2026-09-26 00:00,False,austral,2026-09-26 12:00,12.0,3.3000001907348633,2.2,1.100000190734863,
2026-09-25,determinista,icon_global,2026-09-26 00:00,False,chaihuin,2026-09-26 12:00,12.0,12.300000190734863,4.3,8.000000190734863,
2026-09-25,determinista,icon_global,2026-09-26 00:00,False,corral,2026-09-26 12:00,12.0,6.5,8.600000000000001,2.1000000000000014,
2026-09-25,determinista,icon_global,2026-09-26 00:00,False,corral_essal,2026-09-26 12:00,12.0,6.5,30.5,24.0,
2026-09-25,determinista,icon_global,2026-09-26 00:00,False,curinanco,2026-09-26 12:00,12.0,4.900000095367432,2.8,2.100000095367432,
2026-09-25,determinista,icon_global,2026-09-26 00:00,False,islateja,2026-09-26 12:00,12.0,3.3000001907348633,2.6,0.7000001907348632,
2026-09-25,determinista,icon_global,2026-09-26 00:00,False,las_lomas,2026-09-26 12:00,12.0,0.9000000357627869,0.4,0.5000000357627868,
2026-09-25,determinista,icon_global,2026-09-26 00:00,False,llancahue,2026-09-26 12:00,12.0,4.400000095367432,2.5,1.9000000953674316,
2026-09-25,determinista,icon_global,2026-09-26 00:00,False,pichoy,2026-09-26 12:00,12.0,2.6000001430511475,0.8,1.8000001430511474,
2026-09-25,determinista,icon_global,2026-09-26 00:00,False,zona_costa,2026-09-26 12:00,12.0,7.550000190734863,11.55,3.9999998092651374,
2026-09-25,determinista,icon_global,2026-09-26 00:00,False,zona_ciudad,2026-09-26 12:00,12.0,3.6666667461395264,2.433333333333333,1.2333334128061932,
2026-09-25,determinista,icon_global,2026-09-26 00:00,False,zona_interior,2026-09-26 12:00,12.0,1.7500001192092896,0.6000000000000001,1.1500001192092895,
2026-09-25,determinista,icon_global,2026-09-26 00:00,False,austral,2026-09-26 18:00,18.0,9.600000381469727,6.9,2.700000381469726,
2026-09-25,determinista,icon_global,2026-09-26 00:00,False,chaihuin,2026-09-26 18:00,18.0,24.299999237060547,25.3,1.0000007629394538,
2026-09-25,determinista,icon_global,2026-09-26 00:00,False,corral,2026-09-26 18:00,18.0,12.399999618530273,31.200000000000003,18.80000038146973,
2026-09-25,determinista,icon_global,2026-09-26 00:00,False,corral_essal,2026-09-26 18:00,18.0,12.399999618530273,16.6,4.200000381469728,
2026-09-25,determinista,icon_global,2026-09-26 00:00,False,curinanco,2026-09-26 18:00,18.0,10.699999809265137,13.100000000000001,2.4000001907348647,
2026-09-25,determinista,icon_global,2026-09-26 00:00,False,islateja,2026-09-26 18:00,18.0,9.600000381469727,10.5,0.8999996185302734,
2026-09-25,determinista,icon_global,2026-09-26 00:00,False,las_lomas,2026-09-26 18:00,18.0,5.0,1.2000000000000002,3.8,
2026-09-25,determinista,icon_global,2026-09-26 00:00,False,llancahue,2026-09-26 18:00,18.0,9.0,13.899999999999999,4.899999999999999,
2026-09-25,determinista,icon_global,2026-09-26 00:00,False,pichoy,2026-09-26 18:00,18.0,7.899999618530273,0.8,7.099999618530274,
2026-09-25,determinista,icon_global,2026-09-26 00:00,False,zona_costa,2026-09-26 18:00,18.0,14.94999885559082,21.550000000000004,6.600001144409184,
2026-09-25,determinista,icon_global,2026-09-26 00:00,False,zona_ciudad,2026-09-26 18:00,18.0,9.40000057220459,10.433333333333332,1.033332761128742,
2026-09-25,determinista,icon_global,2026-09-26 00:00,False,zona_interior,2026-09-26 18:00,18.0,6.449999809265137,1.0,5.449999809265137,
2026-09-25,determinista,icon_global,2026-09-26 00:00,False,austral,2026-09-27 00:00,24.0,6.900000095367432,9.7,2.7999999046325676,
2026-09-25,determinista,icon_global,2026-09-26 00:00,False,chaihuin,2026-09-27 00:00,24.0,6.699999809265137,21.3,14.600000190734864,
2026-09-25,determinista,icon_global,2026-09-26 00:00,False,corral,2026-09-27 00:00,24.0,5.599999904632568,19.7,14.100000095367431,
2026-09-25,determinista,icon_global,2026-09-26 00:00,False,corral_essal,2026-09-27 00:00,24.0,5.599999904632568,6.2,0.6000000953674318,
2026-09-25,determinista,icon_global,2026-09-26 00:00,False,curinanco,2026-09-27 00:00,24.0,6.400000095367432,14.7,8.299999904632568,
2026-09-25,determinista,icon_global,2026-09-26 00:00,False,islateja,2026-09-27 00:00,24.0,6.900000095367432,7.699999999999999,0.7999999046325676,
2026-09-25,determinista,icon_global,2026-09-26 00:00,False,las_lomas,2026-09-27 00:00,24.0,10.600000381469727,0.9,9.700000381469726,
2026-09-25,determinista,icon_global,2026-09-26 00:00,False,llancahue,2026-09-27 00:00,24.0,6.900000095367432,13.1,6.199999904632568,
2026-09-25,determinista,icon_global,2026-09-26 00:00,False,pichoy,2026-09-27 00:00,24.0,12.399999618530273,0.4,11.999999618530273,
2026-09-25,determinista,icon_global,2026-09-26 00:00,False,zona_costa,2026-09-27 00:00,24.0,6.075000286102295,15.475000000000001,9.399999713897706,
2026-09-25,determinista,icon_global,2026-09-26 00:00,False,zona_ciudad,2026-09-27 00:00,24.0,6.900000095367432,10.166666666666666,3.2666665712992344,
2026-09-25,determinista,icon_global,2026-09-26 00:00,False,zona_interior,2026-09-27 00:00,24.0,11.5,0.65,10.85,
2026-09-25,determinista,icon_global,2026-09-26 12:00,False,austral,2026-09-26 18:00,6.0,4.599999904632568,6.9,2.300000095367432,
2026-09-25,determinista,icon_global,2026-09-26 12:00,False,chaihuin,2026-09-26 18:00,6.0,3.5,25.3,21.8,
2026-09-25,determinista,icon_global,2026-09-26 12:00,False,corral,2026-09-26 18:00,6.0,5.800000190734863,31.200000000000003,25.39999980926514,
2026-09-25,determinista,icon_global,2026-09-26 12:00,False,corral_essal,2026-09-26 18:00,6.0,5.800000190734863,16.6,10.799999809265138,
2026-09-25,determinista,icon_global,2026-09-26 12:00,False,curinanco,2026-09-26 18:00,6.0,5.199999809265137,13.100000000000001,7.900000190734865,
2026-09-25,determinista,icon_global,2026-09-26 12:00,False,islateja,2026-09-26 18:00,6.0,4.599999904632568,10.5,5.900000095367432,
2026-09-25,determinista,icon_global,2026-09-26 12:00,False,las_lomas,2026-09-26 18:00,6.0,3.8999998569488525,1.2000000000000002,2.6999998569488524,
2026-09-25,determinista,icon_global,2026-09-26 12:00,False,llancahue,2026-09-26 18:00,6.0,4.900000095367432,13.899999999999999,8.999999904632567,
2026-09-25,determinista,icon_global,2026-09-26 12:00,False,pichoy,2026-09-26 18:00,6.0,4.0,0.8,3.2,
2026-09-25,determinista,icon_global,2026-09-26 12:00,False,zona_costa,2026-09-26 18:00,6.0,5.074999809265137,21.550000000000004,16.475000190734868,
2026-09-25,determinista,icon_global,2026-09-26 12:00,False,zona_ciudad,2026-09-26 18:00,6.0,4.700000286102295,10.433333333333332,5.733333047231037,
2026-09-25,determinista,icon_global,2026-09-26 12:00,False,zona_interior,2026-09-26 18:00,6.0,3.9499998092651367,1.0,2.9499998092651367,
2026-09-25,determinista,icon_global,2026-09-26 12:00,False,austral,2026-09-27 00:00,12.0,7.300000190734863,9.7,2.399999809265136,
2026-09-25,determinista,icon_global,2026-09-26 12:00,False,chaihuin,2026-09-27 00:00,12.0,8.5,21.3,12.8,
2026-09-25,determinista,icon_global,2026-09-26 12:00,False,corral,2026-09-27 00:00,12.0,9.199999809265137,19.7,10.500000190734863,
2026-09-25,determinista,icon_global,2026-09-26 12:00,False,corral_essal,2026-09-27 00:00,12.0,9.199999809265137,6.2,2.9999998092651365,
2026-09-25,determinista,icon_global,2026-09-26 12:00,False,curinanco,2026-09-27 00:00,12.0,7.199999809265137,14.7,7.500000190734863,
2026-09-25,determinista,icon_global,2026-09-26 12:00,False,islateja,2026-09-27 00:00,12.0,7.300000190734863,7.699999999999999,0.399999809265136,
2026-09-25,determinista,icon_global,2026-09-26 12:00,False,las_lomas,2026-09-27 00:00,12.0,7.099999904632568,0.9,6.199999904632568,
2026-09-25,determinista,icon_global,2026-09-26 12:00,False,llancahue,2026-09-27 00:00,12.0,7.5,13.1,5.6,
2026-09-25,determinista,icon_global,2026-09-26 12:00,False,pichoy,2026-09-27 00:00,12.0,6.599999904632568,0.4,6.199999904632568,
2026-09-25,determinista,icon_global,2026-09-26 12:00,False,zona_costa,2026-09-27 00:00,12.0,8.524999618530273,15.475000000000001,6.950000381469728,
2026-09-25,determinista,icon_global,2026-09-26 12:00,False,zona_ciudad,2026-09-27 00:00,12.0,7.366666793823242,10.166666666666666,2.799999872843424,
2026-09-25,determinista,icon_global,2026-09-26 12:00,False,zona_interior,2026-09-27 00:00,12.0,6.849999904632568,0.65,6.199999904632568,
2026-09-25,determinista,jma_gsm,2026-09-21 12:00,False,austral,2026-09-26 00:00,108.0,1.8000000715255737,0.6,1.2000000715255736,
2026-09-25,determinista,jma_gsm,2026-09-21 12:00,False,chaihuin,2026-09-26 00:00,108.0,1.8000000715255737,0.0,1.8000000715255737,
2026-09-25,determinista,jma_gsm,2026-09-21 12:00,False,corral,2026-09-26 00:00,108.0,1.8000000715255737,0.0,1.8000000715255737,
2026-09-25,determinista,jma_gsm,2026-09-21 12:00,False,corral_essal,2026-09-26 00:00,108.0,1.8000000715255737,0.0,1.8000000715255737,
2026-09-25,determinista,jma_gsm,2026-09-21 12:00,False,curinanco,2026-09-26 00:00,108.0,0.6000000238418579,1.4,0.799999976158142,
2026-09-25,determinista,jma_gsm,2026-09-21 12:00,False,islateja,2026-09-26 00:00,108.0,1.8000000715255737,1.6,0.20000007152557364,
2026-09-25,determinista,jma_gsm,2026-09-21 12:00,False,las_lomas,2026-09-26 00:00,108.0,0.6000000238418579,2.0,1.399999976158142,
2026-09-25,determinista,jma_gsm,2026-09-21 12:00,False,llancahue,2026-09-26 00:00,108.0,1.8000000715255737,1.2,0.6000000715255738,
2026-09-25,determinista,jma_gsm,2026-09-21 12:00,False,pichoy,2026-09-26 00:00,108.0,0.6000000238418579,6.4,5.7999999761581424,
2026-09-25,determinista,jma_gsm,2026-09-21 12:00,False,zona_costa,2026-09-26 00:00,108.0,1.5000001192092896,0.35,1.1500001192092895,
2026-09-25,determinista,jma_gsm,2026-09-21 12:00,False,zona_ciudad,2026-09-26 00:00,108.0,1.8000000715255737,1.1333333333333333,0.6666667381922404,
2026-09-25,determinista,jma_gsm,2026-09-21 12:00,False,zona_interior,2026-09-26 00:00,108.0,0.6000000238418579,4.2,3.5999999761581423,
2026-09-25,determinista,jma_gsm,2026-09-21 12:00,False,austral,2026-09-26 06:00,114.0,0.6000000238418579,3.3,2.699999976158142,
2026-09-25,determinista,jma_gsm,2026-09-21 12:00,False,chaihuin,2026-09-26 06:00,114.0,3.0,0.0,3.0,
2026-09-25,determinista,jma_gsm,2026-09-21 12:00,False,corral,2026-09-26 06:00,114.0,3.0,0.0,3.0,
2026-09-25,determinista,jma_gsm,2026-09-21 12:00,False,corral_essal,2026-09-26 06:00,114.0,3.0,2.9000000000000004,0.09999999999999964,
2026-09-25,determinista,jma_gsm,2026-09-21 12:00,False,curinanco,2026-09-26 06:00,114.0,0.6000000238418579,1.3,0.6999999761581421,
2026-09-25,determinista,jma_gsm,2026-09-21 12:00,False,islateja,2026-09-26 06:00,114.0,3.0,2.4000000000000004,0.5999999999999996,
2026-09-25,determinista,jma_gsm,2026-09-21 12:00,False,las_lomas,2026-09-26 06:00,114.0,0.6000000238418579,0.6,2.384185793236071e-08,
2026-09-25,determinista,jma_gsm,2026-09-21 12:00,False,llancahue,2026-09-26 06:00,114.0,0.6000000238418579,2.0,1.399999976158142,
2026-09-25,determinista,jma_gsm,2026-09-21 12:00,False,pichoy,2026-09-26 06:00,114.0,0.6000000238418579,1.5999999999999999,0.999999976158142,
2026-09-25,determinista,jma_gsm,2026-09-21 12:00,False,zona_costa,2026-09-26 06:00,114.0,2.4000000953674316,1.05,1.3500000953674316,
2026-09-25,determinista,jma_gsm,2026-09-21 12:00,False,zona_ciudad,2026-09-26 06:00,114.0,1.399999976158142,2.566666666666667,1.1666666905085248,
2026-09-25,determinista,jma_gsm,2026-09-21 12:00,False,zona_interior,2026-09-26 06:00,114.0,0.6000000238418579,1.0999999999999999,0.49999997615814196,
2026-09-25,determinista,jma_gsm,2026-09-21 12:00,False,austral,2026-09-26 12:00,120.0,1.2000000476837158,2.2,0.9999999523162844,
2026-09-25,determinista,jma_gsm,2026-09-21 12:00,False,chaihuin,2026-09-26 12:00,120.0,3.0,4.3,1.2999999999999998,
2026-09-25,determinista,jma_gsm,2026-09-21 12:00,False,corral,2026-09-26 12:00,120.0,3.0,8.600000000000001,5.600000000000001,
2026-09-25,determinista,jma_gsm,2026-09-21 12:00,False,corral_essal,2026-09-26 12:00,120.0,3.0,30.5,27.5,
2026-09-25,determinista,jma_gsm,2026-09-21 12:00,False,curinanco,2026-09-26 12:00,120.0,0.6000000238418579,2.8,2.199999976158142,
2026-09-25,determinista,jma_gsm,2026-09-21 12:00,False,islateja,2026-09-26 12:00,120.0,3.0,2.6,0.3999999999999999,
2026-09-25,determinista,jma_gsm,2026-09-21 12:00,False,las_lomas,2026-09-26 12:00,120.0,0.6000000238418579,0.4,0.2000000238418579,
2026-09-25,determinista,jma_gsm,2026-09-21 12:00,False,llancahue,2026-09-26 12:00,120.0,1.2000000476837158,2.5,1.2999999523162842,
2026-09-25,determinista,jma_gsm,2026-09-21 12:00,False,pichoy,2026-09-26 12:00,120.0,0.6000000238418579,0.8,0.19999997615814213,
2026-09-25,determinista,jma_gsm,2026-09-21 12:00,False,zona_costa,2026-09-26 12:00,120.0,2.4000000953674316,11.55,9.149999904632569,
2026-09-25,determinista,jma_gsm,2026-09-21 12:00,False,zona_ciudad,2026-09-26 12:00,120.0,1.7999998331069946,2.433333333333333,0.6333335002263385,
2026-09-25,determinista,jma_gsm,2026-09-21 12:00,False,zona_interior,2026-09-26 12:00,120.0,0.6000000238418579,0.6000000000000001,2.3841857821338408e-08,
2026-09-25,determinista,jma_gsm,2026-09-21 12:00,False,austral,2026-09-26 18:00,126.0,0.0,6.9,6.9,
2026-09-25,determinista,jma_gsm,2026-09-21 12:00,False,chaihuin,2026-09-26 18:00,126.0,1.8000000715255737,25.3,23.499999928474427,
2026-09-25,determinista,jma_gsm,2026-09-21 12:00,False,corral,2026-09-26 18:00,126.0,1.8000000715255737,31.200000000000003,29.39999992847443,
2026-09-25,determinista,jma_gsm,2026-09-21 12:00,False,corral_essal,2026-09-26 18:00,126.0,1.8000000715255737,16.6,14.799999928474428,
2026-09-25,determinista,jma_gsm,2026-09-21 12:00,False,curinanco,2026-09-26 18:00,126.0,0.0,13.100000000000001,13.100000000000001,
2026-09-25,determinista,jma_gsm,2026-09-21 12:00,False,islateja,2026-09-26 18:00,126.0,1.8000000715255737,10.5,8.699999928474426,
2026-09-25,determinista,jma_gsm,2026-09-21 12:00,False,las_lomas,2026-09-26 18:00,126.0,0.0,1.2000000000000002,1.2000000000000002,
2026-09-25,determinista,jma_gsm,2026-09-21 12:00,False,llancahue,2026-09-26 18:00,126.0,0.0,13.899999999999999,13.899999999999999,
2026-09-25,determinista,jma_gsm,2026-09-21 12:00,False,pichoy,2026-09-26 18:00,126.0,0.0,0.8,0.8,
2026-09-25,determinista,jma_gsm,2026-09-21 12:00,False,zona_costa,2026-09-26 18:00,126.0,1.350000023841858,21.550000000000004,20.199999976158146,
2026-09-25,determinista,jma_gsm,2026-09-21 12:00,False,zona_ciudad,2026-09-26 18:00,126.0,0.6000000238418579,10.433333333333332,9.833333309491474,
2026-09-25,determinista,jma_gsm,2026-09-21 12:00,False,zona_interior,2026-09-26 18:00,126.0,0.0,1.0,1.0,
2026-09-25,determinista,jma_gsm,2026-09-21 12:00,False,austral,2026-09-27 00:00,132.0,0.0,9.7,9.7,
2026-09-25,determinista,jma_gsm,2026-09-21 12:00,False,chaihuin,2026-09-27 00:00,132.0,0.0,21.3,21.3,
2026-09-25,determinista,jma_gsm,2026-09-21 12:00,False,corral,2026-09-27 00:00,132.0,0.0,19.7,19.7,
2026-09-25,determinista,jma_gsm,2026-09-21 12:00,False,corral_essal,2026-09-27 00:00,132.0,0.0,6.2,6.2,
2026-09-25,determinista,jma_gsm,2026-09-21 12:00,False,curinanco,2026-09-27 00:00,132.0,0.6000000238418579,14.7,14.099999976158141,
2026-09-25,determinista,jma_gsm,2026-09-21 12:00,False,islateja,2026-09-27 00:00,132.0,0.0,7.699999999999999,7.699999999999999,
2026-09-25,determinista,jma_gsm,2026-09-21 12:00,False,las_lomas,2026-09-27 00:00,132.0,0.0,0.9,0.9,
2026-09-25,determinista,jma_gsm,2026-09-21 12:00,False,llancahue,2026-09-27 00:00,132.0,0.0,13.1,13.1,
2026-09-25,determinista,jma_gsm,2026-09-21 12:00,False,pichoy,2026-09-27 00:00,132.0,0.0,0.4,0.4,
2026-09-25,determinista,jma_gsm,2026-09-21 12:00,False,zona_costa,2026-09-27 00:00,132.0,0.15000000596046448,15.475000000000001,15.324999994039537,
2026-09-25,determinista,jma_gsm,2026-09-21 12:00,False,zona_ciudad,2026-09-27 00:00,132.0,0.0,10.166666666666666,10.166666666666666,
2026-09-25,determinista,jma_gsm,2026-09-21 12:00,False,zona_interior,2026-09-27 00:00,132.0,0.0,0.65,0.65,
2026-09-25,determinista,jma_gsm,2026-09-22 00:00,False,austral,2026-09-26 00:00,96.0,10.200000762939453,0.6,9.600000762939453,
2026-09-25,determinista,jma_gsm,2026-09-22 00:00,False,chaihuin,2026-09-26 00:00,96.0,13.799999237060547,0.0,13.799999237060547,
2026-09-25,determinista,jma_gsm,2026-09-22 00:00,False,corral,2026-09-26 00:00,96.0,13.799999237060547,0.0,13.799999237060547,
2026-09-25,determinista,jma_gsm,2026-09-22 00:00,False,corral_essal,2026-09-26 00:00,96.0,13.799999237060547,0.0,13.799999237060547,
2026-09-25,determinista,jma_gsm,2026-09-22 00:00,False,curinanco,2026-09-26 00:00,96.0,6.0,1.4,4.6,
2026-09-25,determinista,jma_gsm,2026-09-22 00:00,False,islateja,2026-09-26 00:00,96.0,13.799999237060547,1.6,12.199999237060547,
2026-09-25,determinista,jma_gsm,2026-09-22 00:00,False,las_lomas,2026-09-26 00:00,96.0,4.800000190734863,2.0,2.8000001907348633,
2026-09-25,determinista,jma_gsm,2026-09-22 00:00,False,llancahue,2026-09-26 00:00,96.0,10.200000762939453,1.2,9.000000762939454,
2026-09-25,determinista,jma_gsm,2026-09-22 00:00,False,pichoy,2026-09-26 00:00,96.0,4.800000190734863,6.4,1.599999809265137,
2026-09-25,determinista,jma_gsm,2026-09-22 00:00,False,zona_costa,2026-09-26 00:00,96.0,11.84999942779541,0.35,11.49999942779541,
2026-09-25,determinista,jma_gsm,2026-09-22 00:00,False,zona_ciudad,2026-09-26 00:00,96.0,11.40000057220459,1.1333333333333333,10.266667238871257,
2026-09-25,determinista,jma_gsm,2026-09-22 00:00,False,zona_interior,2026-09-26 00:00,96.0,4.800000190734863,4.2,0.6000001907348631,
2026-09-25,determinista,jma_gsm,2026-09-22 00:00,False,austral,2026-09-26 06:00,102.0,8.399999618530273,3.3,5.099999618530274,
2026-09-25,determinista,jma_gsm,2026-09-22 00:00,False,chaihuin,2026-09-26 06:00,102.0,1.8000000715255737,0.0,1.8000000715255737,
2026-09-25,determinista,jma_gsm,2026-09-22 00:00,False,corral,2026-09-26 06:00,102.0,1.8000000715255737,0.0,1.8000000715255737,
2026-09-25,determinista,jma_gsm,2026-09-22 00:00,False,corral_essal,2026-09-26 06:00,102.0,1.8000000715255737,2.9000000000000004,1.0999999284744266,
2026-09-25,determinista,jma_gsm,2026-09-22 00:00,False,curinanco,2026-09-26 06:00,102.0,5.399999618530273,1.3,4.099999618530274,
2026-09-25,determinista,jma_gsm,2026-09-22 00:00,False,islateja,2026-09-26 06:00,102.0,1.8000000715255737,2.4000000000000004,0.5999999284744266,
2026-09-25,determinista,jma_gsm,2026-09-22 00:00,False,las_lomas,2026-09-26 06:00,102.0,4.800000190734863,0.6,4.200000190734864,
2026-09-25,determinista,jma_gsm,2026-09-22 00:00,False,llancahue,2026-09-26 06:00,102.0,8.399999618530273,2.0,6.399999618530273,
2026-09-25,determinista,jma_gsm,2026-09-22 00:00,False,pichoy,2026-09-26 06:00,102.0,4.800000190734863,1.5999999999999999,3.2000001907348636,
2026-09-25,determinista,jma_gsm,2026-09-22 00:00,False,zona_costa,2026-09-26 06:00,102.0,2.700000047683716,1.05,1.6500000476837158,
2026-09-25,determinista,jma_gsm,2026-09-22 00:00,False,zona_ciudad,2026-09-26 06:00,102.0,6.1999993324279785,2.566666666666667,3.6333326657613116,
2026-09-25,determinista,jma_gsm,2026-09-22 00:00,False,zona_interior,2026-09-26 06:00,102.0,4.800000190734863,1.0999999999999999,3.7000001907348636,
2026-09-25,determinista,jma_gsm,2026-09-22 00:00,False,austral,2026-09-26 12:00,108.0,0.6000000238418579,2.2,1.5999999761581423,
2026-09-25,determinista,jma_gsm,2026-09-22 00:00,False,chaihuin,2026-09-26 12:00,108.0,0.6000000238418579,4.3,3.699999976158142,
2026-09-25,determinista,jma_gsm,2026-09-22 00:00,False,corral,2026-09-26 12:00,108.0,0.6000000238418579,8.600000000000001,7.9999999761581435,
2026-09-25,determinista,jma_gsm,2026-09-22 00:00,False,corral_essal,2026-09-26 12:00,108.0,0.6000000238418579,30.5,29.899999976158142,
2026-09-25,determinista,jma_gsm,2026-09-22 00:00,False,curinanco,2026-09-26 12:00,108.0,1.2000000476837158,2.8,1.599999952316284,
2026-09-25,determinista,jma_gsm,2026-09-22 00:00,False,islateja,2026-09-26 12:00,108.0,0.6000000238418579,2.6,1.9999999761581422,
2026-09-25,determinista,jma_gsm,2026-09-22 00:00,False,las_lomas,2026-09-26 12:00,108.0,0.6000000238418579,0.4,0.2000000238418579,
2026-09-25,determinista,jma_gsm,2026-09-22 00:00,False,llancahue,2026-09-26 12:00,108.0,0.6000000238418579,2.5,1.899999976158142,
2026-09-25,determinista,jma_gsm,2026-09-22 00:00,False,pichoy,2026-09-26 12:00,108.0,0.6000000238418579,0.8,0.19999997615814213,
2026-09-25,determinista,jma_gsm,2026-09-22 00:00,False,zona_costa,2026-09-26 12:00,108.0,0.75,11.55,10.8,
2026-09-25,determinista,jma_gsm,2026-09-22 00:00,False,zona_ciudad,2026-09-26 12:00,108.0,0.6000000238418579,2.433333333333333,1.8333333094914752,
2026-09-25,determinista,jma_gsm,2026-09-22 00:00,False,zona_interior,2026-09-26 12:00,108.0,0.6000000238418579,0.6000000000000001,2.3841857821338408e-08,
2026-09-25,determinista,jma_gsm,2026-09-22 00:00,False,austral,2026-09-26 18:00,114.0,4.800000190734863,6.9,2.099999809265137,
2026-09-25,determinista,jma_gsm,2026-09-22 00:00,False,chaihuin,2026-09-26 18:00,114.0,2.4000000953674316,25.3,22.89999990463257,
2026-09-25,determinista,jma_gsm,2026-09-22 00:00,False,corral,2026-09-26 18:00,114.0,2.4000000953674316,31.200000000000003,28.79999990463257,
2026-09-25,determinista,jma_gsm,2026-09-22 00:00,False,corral_essal,2026-09-26 18:00,114.0,2.4000000953674316,16.6,14.19999990463257,
2026-09-25,determinista,jma_gsm,2026-09-22 00:00,False,curinanco,2026-09-26 18:00,114.0,5.399999618530273,13.100000000000001,7.700000381469728,
2026-09-25,determinista,jma_gsm,2026-09-22 00:00,False,islateja,2026-09-26 18:00,114.0,2.4000000953674316,10.5,8.099999904632568,
2026-09-25,determinista,jma_gsm,2026-09-22 00:00,False,las_lomas,2026-09-26 18:00,114.0,5.399999618530273,1.2000000000000002,4.199999618530273,
2026-09-25,determinista,jma_gsm,2026-09-22 00:00,False,llancahue,2026-09-26 18:00,114.0,4.800000190734863,13.899999999999999,9.099999809265135,
2026-09-25,determinista,jma_gsm,2026-09-22 00:00,False,pichoy,2026-09-26 18:00,114.0,5.399999618530273,0.8,4.599999618530274,
2026-09-25,determinista,jma_gsm,2026-09-22 00:00,False,zona_costa,2026-09-26 18:00,114.0,3.1500000953674316,21.550000000000004,18.399999904632573,
2026-09-25,determinista,jma_gsm,2026-09-22 00:00,False,zona_ciudad,2026-09-26 18:00,114.0,4.0,10.433333333333332,6.433333333333332,
2026-09-25,determinista,jma_gsm,2026-09-22 00:00,False,zona_interior,2026-09-26 18:00,114.0,5.399999618530273,1.0,4.399999618530273,
2026-09-25,determinista,jma_gsm,2026-09-22 00:00,False,austral,2026-09-27 00:00,120.0,4.800000190734863,9.7,4.899999809265136,
2026-09-25,determinista,jma_gsm,2026-09-22 00:00,False,chaihuin,2026-09-27 00:00,120.0,2.4000000953674316,21.3,18.89999990463257,
2026-09-25,determinista,jma_gsm,2026-09-22 00:00,False,corral,2026-09-27 00:00,120.0,2.4000000953674316,19.7,17.299999904632568,
2026-09-25,determinista,jma_gsm,2026-09-22 00:00,False,corral_essal,2026-09-27 00:00,120.0,2.4000000953674316,6.2,3.7999999046325685,
2026-09-25,determinista,jma_gsm,2026-09-22 00:00,False,curinanco,2026-09-27 00:00,120.0,3.0,14.7,11.7,
2026-09-25,determinista,jma_gsm,2026-09-22 00:00,False,islateja,2026-09-27 00:00,120.0,2.4000000953674316,7.699999999999999,5.299999904632568,
2026-09-25,determinista,jma_gsm,2026-09-22 00:00,False,las_lomas,2026-09-27 00:00,120.0,12.59999942779541,0.9,11.69999942779541,
2026-09-25,determinista,jma_gsm,2026-09-22 00:00,False,llancahue,2026-09-27 00:00,120.0,4.800000190734863,13.1,8.299999809265136,
2026-09-25,determinista,jma_gsm,2026-09-22 00:00,False,pichoy,2026-09-27 00:00,120.0,12.59999942779541,0.4,12.19999942779541,
2026-09-25,determinista,jma_gsm,2026-09-22 00:00,False,zona_costa,2026-09-27 00:00,120.0,2.5500001907348633,15.475000000000001,12.924999809265138,
2026-09-25,determinista,jma_gsm,2026-09-22 00:00,False,zona_ciudad,2026-09-27 00:00,120.0,4.0,10.166666666666666,6.166666666666666,
2026-09-25,determinista,jma_gsm,2026-09-22 00:00,False,zona_interior,2026-09-27 00:00,120.0,12.59999942779541,0.65,11.94999942779541,
2026-09-25,determinista,jma_gsm,2026-09-22 12:00,False,austral,2026-09-26 00:00,84.0,1.2000000476837158,0.6,0.6000000476837158,
2026-09-25,determinista,jma_gsm,2026-09-22 12:00,False,chaihuin,2026-09-26 00:00,84.0,1.2000000476837158,0.0,1.2000000476837158,
2026-09-25,determinista,jma_gsm,2026-09-22 12:00,False,corral,2026-09-26 00:00,84.0,1.2000000476837158,0.0,1.2000000476837158,
2026-09-25,determinista,jma_gsm,2026-09-22 12:00,False,corral_essal,2026-09-26 00:00,84.0,1.2000000476837158,0.0,1.2000000476837158,
2026-09-25,determinista,jma_gsm,2026-09-22 12:00,False,curinanco,2026-09-26 00:00,84.0,0.6000000238418579,1.4,0.799999976158142,
2026-09-25,determinista,jma_gsm,2026-09-22 12:00,False,islateja,2026-09-26 00:00,84.0,1.2000000476837158,1.6,0.39999995231628427,
2026-09-25,determinista,jma_gsm,2026-09-22 12:00,False,las_lomas,2026-09-26 00:00,84.0,0.6000000238418579,2.0,1.399999976158142,
2026-09-25,determinista,jma_gsm,2026-09-22 12:00,False,llancahue,2026-09-26 00:00,84.0,1.2000000476837158,1.2,4.768371586472142e-08,
2026-09-25,determinista,jma_gsm,2026-09-22 12:00,False,pichoy,2026-09-26 00:00,84.0,0.6000000238418579,6.4,5.7999999761581424,
2026-09-25,determinista,jma_gsm,2026-09-22 12:00,False,zona_costa,2026-09-26 00:00,84.0,1.0499999523162842,0.35,0.6999999523162842,
2026-09-25,determinista,jma_gsm,2026-09-22 12:00,False,zona_ciudad,2026-09-26 00:00,84.0,1.2000000476837158,1.1333333333333333,0.06666671435038252,
2026-09-25,determinista,jma_gsm,2026-09-22 12:00,False,zona_interior,2026-09-26 00:00,84.0,0.6000000238418579,4.2,3.5999999761581423,
2026-09-25,determinista,jma_gsm,2026-09-22 12:00,False,austral,2026-09-26 06:00,90.0,3.6000001430511475,3.3,0.30000014305114764,
2026-09-25,determinista,jma_gsm,2026-09-22 12:00,False,chaihuin,2026-09-26 06:00,90.0,12.59999942779541,0.0,12.59999942779541,
2026-09-25,determinista,jma_gsm,2026-09-22 12:00,False,corral,2026-09-26 06:00,90.0,12.59999942779541,0.0,12.59999942779541,
2026-09-25,determinista,jma_gsm,2026-09-22 12:00,False,corral_essal,2026-09-26 06:00,90.0,12.59999942779541,2.9000000000000004,9.69999942779541,
2026-09-25,determinista,jma_gsm,2026-09-22 12:00,False,curinanco,2026-09-26 06:00,90.0,3.6000001430511475,1.3,2.3000001430511476,
2026-09-25,determinista,jma_gsm,2026-09-22 12:00,False,islateja,2026-09-26 06:00,90.0,12.59999942779541,2.4000000000000004,10.19999942779541,
2026-09-25,determinista,jma_gsm,2026-09-22 12:00,False,las_lomas,2026-09-26 06:00,90.0,1.2000000476837158,0.6,0.6000000476837158,
2026-09-25,determinista,jma_gsm,2026-09-22 12:00,False,llancahue,2026-09-26 06:00,90.0,3.6000001430511475,2.0,1.6000001430511475,
2026-09-25,determinista,jma_gsm,2026-09-22 12:00,False,pichoy,2026-09-26 06:00,90.0,1.2000000476837158,1.5999999999999999,0.39999995231628405,
2026-09-25,determinista,jma_gsm,2026-09-22 12:00,False,zona_costa,2026-09-26 06:00,90.0,10.34999942779541,1.05,9.29999942779541,
2026-09-25,determinista,jma_gsm,2026-09-22 12:00,False,zona_ciudad,2026-09-26 06:00,90.0,6.599999904632568,2.566666666666667,4.033333237965902,
2026-09-25,determinista,jma_gsm,2026-09-22 12:00,False,zona_interior,2026-09-26 06:00,90.0,1.2000000476837158,1.0999999999999999,0.10000004768371595,
2026-09-25,determinista,jma_gsm,2026-09-22 12:00,False,austral,2026-09-26 12:00,96.0,16.799999237060547,2.2,14.599999237060548,
2026-09-25,determinista,jma_gsm,2026-09-22 12:00,False,chaihuin,2026-09-26 12:00,96.0,7.200000286102295,4.3,2.900000286102295,
2026-09-25,determinista,jma_gsm,2026-09-22 12:00,False,corral,2026-09-26 12:00,96.0,7.200000286102295,8.600000000000001,1.3999997138977065,
2026-09-25,determinista,jma_gsm,2026-09-22 12:00,False,corral_essal,2026-09-26 12:00,96.0,7.200000286102295,30.5,23.299999713897705,
2026-09-25,determinista,jma_gsm,2026-09-22 12:00,False,curinanco,2026-09-26 12:00,96.0,13.200000762939453,2.8,10.400000762939452,
2026-09-25,determinista,jma_gsm,2026-09-22 12:00,False,islateja,2026-09-26 12:00,96.0,7.200000286102295,2.6,4.600000286102295,
2026-09-25,determinista,jma_gsm,2026-09-22 12:00,False,las_lomas,2026-09-26 12:00,96.0,21.0,0.4,20.6,
2026-09-25,determinista,jma_gsm,2026-09-22 12:00,False,llancahue,2026-09-26 12:00,96.0,16.799999237060547,2.5,14.299999237060547,
2026-09-25,determinista,jma_gsm,2026-09-22 12:00,False,pichoy,2026-09-26 12:00,96.0,21.0,0.8,20.2,
2026-09-25,determinista,jma_gsm,2026-09-22 12:00,False,zona_costa,2026-09-26 12:00,96.0,8.700000762939453,11.55,2.8499992370605476,
2026-09-25,determinista,jma_gsm,2026-09-22 12:00,False,zona_ciudad,2026-09-26 12:00,96.0,13.59999942779541,2.433333333333333,11.166666094462077,
2026-09-25,determinista,jma_gsm,2026-09-22 12:00,False,zona_interior,2026-09-26 12:00,96.0,21.0,0.6000000000000001,20.4,
2026-09-25,determinista,jma_gsm,2026-09-22 12:00,False,austral,2026-09-26 18:00,102.0,2.4000000953674316,6.9,4.499999904632569,
2026-09-25,determinista,jma_gsm,2026-09-22 12:00,False,chaihuin,2026-09-26 18:00,102.0,0.6000000238418579,25.3,24.699999976158143,
2026-09-25,determinista,jma_gsm,2026-09-22 12:00,False,corral,2026-09-26 18:00,102.0,0.6000000238418579,31.200000000000003,30.599999976158145,
2026-09-25,determinista,jma_gsm,2026-09-22 12:00,False,corral_essal,2026-09-26 18:00,102.0,0.6000000238418579,16.6,15.999999976158144,
2026-09-25,determinista,jma_gsm,2026-09-22 12:00,False,curinanco,2026-09-26 18:00,102.0,2.4000000953674316,13.100000000000001,10.69999990463257,
2026-09-25,determinista,jma_gsm,2026-09-22 12:00,False,islateja,2026-09-26 18:00,102.0,0.6000000238418579,10.5,9.899999976158142,
2026-09-25,determinista,jma_gsm,2026-09-22 12:00,False,las_lomas,2026-09-26 18:00,102.0,19.200000762939453,1.2000000000000002,18.000000762939454,
2026-09-25,determinista,jma_gsm,2026-09-22 12:00,False,llancahue,2026-09-26 18:00,102.0,2.4000000953674316,13.899999999999999,11.499999904632567,
2026-09-25,determinista,jma_gsm,2026-09-22 12:00,False,pichoy,2026-09-26 18:00,102.0,19.200000762939453,0.8,18.400000762939452,
2026-09-25,determinista,jma_gsm,2026-09-22 12:00,False,zona_costa,2026-09-26 18:00,102.0,1.0499999523162842,21.550000000000004,20.50000004768372,
2026-09-25,determinista,jma_gsm,2026-09-22 12:00,False,zona_ciudad,2026-09-26 18:00,102.0,1.8000000715255737,10.433333333333332,8.633333261807758,
2026-09-25,determinista,jma_gsm,2026-09-22 12:00,False,zona_interior,2026-09-26 18:00,102.0,19.200000762939453,1.0,18.200000762939453,
2026-09-25,determinista,jma_gsm,2026-09-22 12:00,False,austral,2026-09-27 00:00,108.0,3.0,9.7,6.699999999999999,
2026-09-25,determinista,jma_gsm,2026-09-22 12:00,False,chaihuin,2026-09-27 00:00,108.0,0.0,21.3,21.3,
2026-09-25,determinista,jma_gsm,2026-09-22 12:00,False,corral,2026-09-27 00:00,108.0,0.0,19.7,19.7,
2026-09-25,determinista,jma_gsm,2026-09-22 12:00,False,corral_essal,2026-09-27 00:00,108.0,0.0,6.2,6.2,
2026-09-25,determinista,jma_gsm,2026-09-22 12:00,False,curinanco,2026-09-27 00:00,108.0,3.6000001430511475,14.7,11.099999856948852,
2026-09-25,determinista,jma_gsm,2026-09-22 12:00,False,islateja,2026-09-27 00:00,108.0,0.0,7.699999999999999,7.699999999999999,
2026-09-25,determinista,jma_gsm,2026-09-22 12:00,False,las_lomas,2026-09-27 00:00,108.0,7.799999713897705,0.9,6.899999713897705,
2026-09-25,determinista,jma_gsm,2026-09-22 12:00,False,llancahue,2026-09-27 00:00,108.0,3.0,13.1,10.1,
2026-09-25,determinista,jma_gsm,2026-09-22 12:00,False,pichoy,2026-09-27 00:00,108.0,7.799999713897705,0.4,7.399999713897705,
2026-09-25,determinista,jma_gsm,2026-09-22 12:00,False,zona_costa,2026-09-27 00:00,108.0,0.9000000357627869,15.475000000000001,14.574999964237215,
2026-09-25,determinista,jma_gsm,2026-09-22 12:00,False,zona_ciudad,2026-09-27 00:00,108.0,2.0,10.166666666666666,8.166666666666666,
2026-09-25,determinista,jma_gsm,2026-09-22 12:00,False,zona_interior,2026-09-27 00:00,108.0,7.799999713897705,0.65,7.149999713897705,
2026-09-25,determinista,jma_gsm,2026-09-23 00:00,False,austral,2026-09-26 00:00,72.0,1.8000000715255737,0.6,1.2000000715255736,
2026-09-25,determinista,jma_gsm,2026-09-23 00:00,False,chaihuin,2026-09-26 00:00,72.0,6.600000381469727,0.0,6.600000381469727,
2026-09-25,determinista,jma_gsm,2026-09-23 00:00,False,corral,2026-09-26 00:00,72.0,6.600000381469727,0.0,6.600000381469727,
2026-09-25,determinista,jma_gsm,2026-09-23 00:00,False,corral_essal,2026-09-26 00:00,72.0,6.600000381469727,0.0,6.600000381469727,
2026-09-25,determinista,jma_gsm,2026-09-23 00:00,False,curinanco,2026-09-26 00:00,72.0,0.6000000238418579,1.4,0.799999976158142,
2026-09-25,determinista,jma_gsm,2026-09-23 00:00,False,islateja,2026-09-26 00:00,72.0,6.600000381469727,1.6,5.000000381469727,
2026-09-25,determinista,jma_gsm,2026-09-23 00:00,False,las_lomas,2026-09-26 00:00,72.0,0.6000000238418579,2.0,1.399999976158142,
2026-09-25,determinista,jma_gsm,2026-09-23 00:00,False,llancahue,2026-09-26 00:00,72.0,1.8000000715255737,1.2,0.6000000715255738,
2026-09-25,determinista,jma_gsm,2026-09-23 00:00,False,pichoy,2026-09-26 00:00,72.0,0.6000000238418579,6.4,5.7999999761581424,
2026-09-25,determinista,jma_gsm,2026-09-23 00:00,False,zona_costa,2026-09-26 00:00,72.0,5.100000381469727,0.35,4.750000381469727,
2026-09-25,determinista,jma_gsm,2026-09-23 00:00,False,zona_ciudad,2026-09-26 00:00,72.0,3.4000003337860107,1.1333333333333333,2.2666670004526774,
2026-09-25,determinista,jma_gsm,2026-09-23 00:00,False,zona_interior,2026-09-26 00:00,72.0,0.6000000238418579,4.2,3.5999999761581423,
2026-09-25,determinista,jma_gsm,2026-09-23 00:00,False,austral,2026-09-26 06:00,78.0,6.0,3.3,2.7,
2026-09-25,determinista,jma_gsm,2026-09-23 00:00,False,chaihuin,2026-09-26 06:00,78.0,13.799999237060547,0.0,13.799999237060547,
2026-09-25,determinista,jma_gsm,2026-09-23 00:00,False,corral,2026-09-26 06:00,78.0,13.799999237060547,0.0,13.799999237060547,
2026-09-25,determinista,jma_gsm,2026-09-23 00:00,False,corral_essal,2026-09-26 06:00,78.0,13.799999237060547,2.9000000000000004,10.899999237060547,
2026-09-25,determinista,jma_gsm,2026-09-23 00:00,False,curinanco,2026-09-26 06:00,78.0,3.6000001430511475,1.3,2.3000001430511476,
2026-09-25,determinista,jma_gsm,2026-09-23 00:00,False,islateja,2026-09-26 06:00,78.0,13.799999237060547,2.4000000000000004,11.399999237060547,
2026-09-25,determinista,jma_gsm,2026-09-23 00:00,False,las_lomas,2026-09-26 06:00,78.0,2.4000000953674316,0.6,1.8000000953674316,
2026-09-25,determinista,jma_gsm,2026-09-23 00:00,False,llancahue,2026-09-26 06:00,78.0,6.0,2.0,4.0,
2026-09-25,determinista,jma_gsm,2026-09-23 00:00,False,pichoy,2026-09-26 06:00,78.0,2.4000000953674316,1.5999999999999999,0.8000000953674318,
2026-09-25,determinista,jma_gsm,2026-09-23 00:00,False,zona_costa,2026-09-26 06:00,78.0,11.25,1.05,10.2,
2026-09-25,determinista,jma_gsm,2026-09-23 00:00,False,zona_ciudad,2026-09-26 06:00,78.0,8.59999942779541,2.566666666666667,6.033332761128744,
2026-09-25,determinista,jma_gsm,2026-09-23 00:00,False,zona_interior,2026-09-26 06:00,78.0,2.4000000953674316,1.0999999999999999,1.3000000953674318,
2026-09-25,determinista,jma_gsm,2026-09-23 00:00,False,austral,2026-09-26 12:00,84.0,12.59999942779541,2.2,10.39999942779541,
2026-09-25,determinista,jma_gsm,2026-09-23 00:00,False,chaihuin,2026-09-26 12:00,84.0,16.799999237060547,4.3,12.499999237060546,
2026-09-25,determinista,jma_gsm,2026-09-23 00:00,False,corral,2026-09-26 12:00,84.0,16.799999237060547,8.600000000000001,8.199999237060545,
2026-09-25,determinista,jma_gsm,2026-09-23 00:00,False,corral_essal,2026-09-26 12:00,84.0,16.799999237060547,30.5,13.700000762939453,
2026-09-25,determinista,jma_gsm,2026-09-23 00:00,False,curinanco,2026-09-26 12:00,84.0,6.600000381469727,2.8,3.8000003814697267,
2026-09-25,determinista,jma_gsm,2026-09-23 00:00,False,islateja,2026-09-26 12:00,84.0,16.799999237060547,2.6,14.199999237060547,
2026-09-25,determinista,jma_gsm,2026-09-23 00:00,False,las_lomas,2026-09-26 12:00,84.0,7.799999713897705,0.4,7.399999713897705,
2026-09-25,determinista,jma_gsm,2026-09-23 00:00,False,llancahue,2026-09-26 12:00,84.0,12.59999942779541,2.5,10.09999942779541,
2026-09-25,determinista,jma_gsm,2026-09-23 00:00,False,pichoy,2026-09-26 12:00,84.0,7.799999713897705,0.8,6.999999713897705,
2026-09-25,determinista,jma_gsm,2026-09-23 00:00,False,zona_costa,2026-09-26 12:00,84.0,14.249999046325684,11.55,2.699999046325683,
2026-09-25,determinista,jma_gsm,2026-09-23 00:00,False,zona_ciudad,2026-09-26 12:00,84.0,13.999999046325684,2.433333333333333,11.56666571299235,
2026-09-25,determinista,jma_gsm,2026-09-23 00:00,False,zona_interior,2026-09-26 12:00,84.0,7.799999713897705,0.6000000000000001,7.199999713897705,
2026-09-25,determinista,jma_gsm,2026-09-23 00:00,False,austral,2026-09-26 18:00,90.0,1.8000000715255737,6.9,5.099999928474427,
2026-09-25,determinista,jma_gsm,2026-09-23 00:00,False,chaihuin,2026-09-26 18:00,90.0,1.2000000476837158,25.3,24.099999952316285,
2026-09-25,determinista,jma_gsm,2026-09-23 00:00,False,corral,2026-09-26 18:00,90.0,1.2000000476837158,31.200000000000003,29.999999952316287,
2026-09-25,determinista,jma_gsm,2026-09-23 00:00,False,corral_essal,2026-09-26 18:00,90.0,1.2000000476837158,16.6,15.399999952316286,
2026-09-25,determinista,jma_gsm,2026-09-23 00:00,False,curinanco,2026-09-26 18:00,90.0,1.8000000715255737,13.100000000000001,11.299999928474428,
2026-09-25,determinista,jma_gsm,2026-09-23 00:00,False,islateja,2026-09-26 18:00,90.0,1.2000000476837158,10.5,9.299999952316284,
2026-09-25,determinista,jma_gsm,2026-09-23 00:00,False,las_lomas,2026-09-26 18:00,90.0,3.6000001430511475,1.2000000000000002,2.4000001430511473,
2026-09-25,determinista,jma_gsm,2026-09-23 00:00,False,llancahue,2026-09-26 18:00,90.0,1.8000000715255737,13.899999999999999,12.099999928474425,
2026-09-25,determinista,jma_gsm,2026-09-23 00:00,False,pichoy,2026-09-26 18:00,90.0,3.6000001430511475,0.8,2.8000001430511476,
2026-09-25,determinista,jma_gsm,2026-09-23 00:00,False,zona_costa,2026-09-26 18:00,90.0,1.3499999046325684,21.550000000000004,20.200000095367436,
2026-09-25,determinista,jma_gsm,2026-09-23 00:00,False,zona_ciudad,2026-09-26 18:00,90.0,1.600000023841858,10.433333333333332,8.833333309491474,
2026-09-25,determinista,jma_gsm,2026-09-23 00:00,False,zona_interior,2026-09-26 18:00,90.0,3.6000001430511475,1.0,2.6000001430511475,
2026-09-25,determinista,jma_gsm,2026-09-23 00:00,False,austral,2026-09-27 00:00,96.0,0.6000000238418579,9.7,9.099999976158141,
2026-09-25,determinista,jma_gsm,2026-09-23 00:00,False,chaihuin,2026-09-27 00:00,96.0,0.6000000238418579,21.3,20.699999976158143,
2026-09-25,determinista,jma_gsm,2026-09-23 00:00,False,corral,2026-09-27 00:00,96.0,0.6000000238418579,19.7,19.09999997615814,
2026-09-25,determinista,jma_gsm,2026-09-23 00:00,False,corral_essal,2026-09-27 00:00,96.0,0.6000000238418579,6.2,5.599999976158142,
2026-09-25,determinista,jma_gsm,2026-09-23 00:00,False,curinanco,2026-09-27 00:00,96.0,0.6000000238418579,14.7,14.099999976158141,
2026-09-25,determinista,jma_gsm,2026-09-23 00:00,False,islateja,2026-09-27 00:00,96.0,0.6000000238418579,7.699999999999999,7.099999976158141,
2026-09-25,determinista,jma_gsm,2026-09-23 00:00,False,las_lomas,2026-09-27 00:00,96.0,0.6000000238418579,0.9,0.2999999761581421,
2026-09-25,determinista,jma_gsm,2026-09-23 00:00,False,llancahue,2026-09-27 00:00,96.0,0.6000000238418579,13.1,12.499999976158142,
2026-09-25,determinista,jma_gsm,2026-09-23 00:00,False,pichoy,2026-09-27 00:00,96.0,0.6000000238418579,0.4,0.2000000238418579,
2026-09-25,determinista,jma_gsm,2026-09-23 00:00,False,zona_costa,2026-09-27 00:00,96.0,0.6000000238418579,15.475000000000001,14.874999976158144,
2026-09-25,determinista,jma_gsm,2026-09-23 00:00,False,zona_ciudad,2026-09-27 00:00,96.0,0.6000000238418579,10.166666666666666,9.566666642824808,
2026-09-25,determinista,jma_gsm,2026-09-23 00:00,False,zona_interior,2026-09-27 00:00,96.0,0.6000000238418579,0.65,0.04999997615814211,
2026-09-25,determinista,jma_gsm,2026-09-23 12:00,False,austral,2026-09-26 00:00,60.0,1.2000000476837158,0.6,0.6000000476837158,
2026-09-25,determinista,jma_gsm,2026-09-23 12:00,False,chaihuin,2026-09-26 00:00,60.0,2.4000000953674316,0.0,2.4000000953674316,
2026-09-25,determinista,jma_gsm,2026-09-23 12:00,False,corral,2026-09-26 00:00,60.0,2.4000000953674316,0.0,2.4000000953674316,
2026-09-25,determinista,jma_gsm,2026-09-23 12:00,False,corral_essal,2026-09-26 00:00,60.0,2.4000000953674316,0.0,2.4000000953674316,
2026-09-25,determinista,jma_gsm,2026-09-23 12:00,False,curinanco,2026-09-26 00:00,60.0,0.6000000238418579,1.4,0.799999976158142,
2026-09-25,determinista,jma_gsm,2026-09-23 12:00,False,islateja,2026-09-26 00:00,60.0,2.4000000953674316,1.6,0.8000000953674316,
2026-09-25,determinista,jma_gsm,2026-09-23 12:00,False,las_lomas,2026-09-26 00:00,60.0,0.6000000238418579,2.0,1.399999976158142,
2026-09-25,determinista,jma_gsm,2026-09-23 12:00,False,llancahue,2026-09-26 00:00,60.0,1.2000000476837158,1.2,4.768371586472142e-08,
2026-09-25,determinista,jma_gsm,2026-09-23 12:00,False,pichoy,2026-09-26 00:00,60.0,0.6000000238418579,6.4,5.7999999761581424,
2026-09-25,determinista,jma_gsm,2026-09-23 12:00,False,zona_costa,2026-09-26 00:00,60.0,1.9500000476837158,0.35,1.6000000476837157,
2026-09-25,determinista,jma_gsm,2026-09-23 12:00,False,zona_ciudad,2026-09-26 00:00,60.0,1.600000023841858,1.1333333333333333,0.4666666905085246,
2026-09-25,determinista,jma_gsm,2026-09-23 12:00,False,zona_interior,2026-09-26 00:00,60.0,0.6000000238418579,4.2,3.5999999761581423,
2026-09-25,determinista,jma_gsm,2026-09-23 12:00,False,austral,2026-09-26 06:00,66.0,1.8000000715255737,3.3,1.499999928474426,
2026-09-25,determinista,jma_gsm,2026-09-23 12:00,False,chaihuin,2026-09-26 06:00,66.0,3.6000001430511475,0.0,3.6000001430511475,
2026-09-25,determinista,jma_gsm,2026-09-23 12:00,False,corral,2026-09-26 06:00,66.0,3.6000001430511475,0.0,3.6000001430511475,
2026-09-25,determinista,jma_gsm,2026-09-23 12:00,False,corral_essal,2026-09-26 06:00,66.0,3.6000001430511475,2.9000000000000004,0.7000001430511471,
2026-09-25,determinista,jma_gsm,2026-09-23 12:00,False,curinanco,2026-09-26 06:00,66.0,1.8000000715255737,1.3,0.5000000715255737,
2026-09-25,determinista,jma_gsm,2026-09-23 12:00,False,islateja,2026-09-26 06:00,66.0,3.6000001430511475,2.4000000000000004,1.200000143051147,
2026-09-25,determinista,jma_gsm,2026-09-23 12:00,False,las_lomas,2026-09-26 06:00,66.0,0.6000000238418579,0.6,2.384185793236071e-08,
2026-09-25,determinista,jma_gsm,2026-09-23 12:00,False,llancahue,2026-09-26 06:00,66.0,1.8000000715255737,2.0,0.19999992847442627,
2026-09-25,determinista,jma_gsm,2026-09-23 12:00,False,pichoy,2026-09-26 06:00,66.0,0.6000000238418579,1.5999999999999999,0.999999976158142,
2026-09-25,determinista,jma_gsm,2026-09-23 12:00,False,zona_costa,2026-09-26 06:00,66.0,3.1500000953674316,1.05,2.100000095367432,
2026-09-25,determinista,jma_gsm,2026-09-23 12:00,False,zona_ciudad,2026-09-26 06:00,66.0,2.4000000953674316,2.566666666666667,0.16666657129923523,
2026-09-25,determinista,jma_gsm,2026-09-23 12:00,False,zona_interior,2026-09-26 06:00,66.0,0.6000000238418579,1.0999999999999999,0.49999997615814196,
2026-09-25,determinista,jma_gsm,2026-09-23 12:00,False,austral,2026-09-26 12:00,72.0,1.8000000715255737,2.2,0.39999992847442645,
2026-09-25,determinista,jma_gsm,2026-09-23 12:00,False,chaihuin,2026-09-26 12:00,72.0,5.399999618530273,4.3,1.0999996185302736,
2026-09-25,determinista,jma_gsm,2026-09-23 12:00,False,corral,2026-09-26 12:00,72.0,5.399999618530273,8.600000000000001,3.200000381469728,
2026-09-25,determinista,jma_gsm,2026-09-23 12:00,False,corral_essal,2026-09-26 12:00,72.0,5.399999618530273,30.5,25.100000381469727,
2026-09-25,determinista,jma_gsm,2026-09-23 12:00,False,curinanco,2026-09-26 12:00,72.0,1.2000000476837158,2.8,1.599999952316284,
2026-09-25,determinista,jma_gsm,2026-09-23 12:00,False,islateja,2026-09-26 12:00,72.0,5.399999618530273,2.6,2.7999996185302733,
2026-09-25,determinista,jma_gsm,2026-09-23 12:00,False,las_lomas,2026-09-26 12:00,72.0,0.6000000238418579,0.4,0.2000000238418579,
2026-09-25,determinista,jma_gsm,2026-09-23 12:00,False,llancahue,2026-09-26 12:00,72.0,1.8000000715255737,2.5,0.6999999284744263,
2026-09-25,determinista,jma_gsm,2026-09-23 12:00,False,pichoy,2026-09-26 12:00,72.0,0.6000000238418579,0.8,0.19999997615814213,
2026-09-25,determinista,jma_gsm,2026-09-23 12:00,False,zona_costa,2026-09-26 12:00,72.0,4.34999942779541,11.55,7.2000005722045906,
2026-09-25,determinista,jma_gsm,2026-09-23 12:00,False,zona_ciudad,2026-09-26 12:00,72.0,3.0,2.433333333333333,0.5666666666666669,
2026-09-25,determinista,jma_gsm,2026-09-23 12:00,False,zona_interior,2026-09-26 12:00,72.0,0.6000000238418579,0.6000000000000001,2.3841857821338408e-08,
2026-09-25,determinista,jma_gsm,2026-09-23 12:00,False,austral,2026-09-26 18:00,78.0,6.600000381469727,6.9,0.2999996185302738,
2026-09-25,determinista,jma_gsm,2026-09-23 12:00,False,chaihuin,2026-09-26 18:00,78.0,11.399999618530273,25.3,13.900000381469727,
2026-09-25,determinista,jma_gsm,2026-09-23 12:00,False,corral,2026-09-26 18:00,78.0,11.399999618530273,31.200000000000003,19.80000038146973,
2026-09-25,determinista,jma_gsm,2026-09-23 12:00,False,corral_essal,2026-09-26 18:00,78.0,11.399999618530273,16.6,5.200000381469728,
2026-09-25,determinista,jma_gsm,2026-09-23 12:00,False,curinanco,2026-09-26 18:00,78.0,8.399999618530273,13.100000000000001,4.700000381469728,
2026-09-25,determinista,jma_gsm,2026-09-23 12:00,False,islateja,2026-09-26 18:00,78.0,11.399999618530273,10.5,0.8999996185302734,
2026-09-25,determinista,jma_gsm,2026-09-23 12:00,False,las_lomas,2026-09-26 18:00,78.0,4.800000190734863,1.2000000000000002,3.600000190734863,
2026-09-25,determinista,jma_gsm,2026-09-23 12:00,False,llancahue,2026-09-26 18:00,78.0,6.600000381469727,13.899999999999999,7.299999618530272,
2026-09-25,determinista,jma_gsm,2026-09-23 12:00,False,pichoy,2026-09-26 18:00,78.0,4.800000190734863,0.8,4.0000001907348635,
2026-09-25,determinista,jma_gsm,2026-09-23 12:00,False,zona_costa,2026-09-26 18:00,78.0,10.649999618530273,21.550000000000004,10.90000038146973,
2026-09-25,determinista,jma_gsm,2026-09-23 12:00,False,zona_ciudad,2026-09-26 18:00,78.0,8.199999809265137,10.433333333333332,2.233333524068195,
2026-09-25,determinista,jma_gsm,2026-09-23 12:00,False,zona_interior,2026-09-26 18:00,78.0,4.800000190734863,1.0,3.8000001907348633,
2026-09-25,determinista,jma_gsm,2026-09-23 12:00,False,austral,2026-09-27 00:00,84.0,4.199999809265137,9.7,5.500000190734863,
2026-09-25,determinista,jma_gsm,2026-09-23 12:00,False,chaihuin,2026-09-27 00:00,84.0,11.399999618530273,21.3,9.900000381469727,
2026-09-25,determinista,jma_gsm,2026-09-23 12:00,False,corral,2026-09-27 00:00,84.0,11.399999618530273,19.7,8.300000381469726,
2026-09-25,determinista,jma_gsm,2026-09-23 12:00,False,corral_essal,2026-09-27 00:00,84.0,11.399999618530273,6.2,5.199999618530273,
2026-09-25,determinista,jma_gsm,2026-09-23 12:00,False,curinanco,2026-09-27 00:00,84.0,0.6000000238418579,14.7,14.099999976158141,
2026-09-25,determinista,jma_gsm,2026-09-23 12:00,False,islateja,2026-09-27 00:00,84.0,11.399999618530273,7.699999999999999,3.699999618530274,
2026-09-25,determinista,jma_gsm,2026-09-23 12:00,False,las_lomas,2026-09-27 00:00,84.0,3.0,0.9,2.1,
2026-09-25,determinista,jma_gsm,2026-09-23 12:00,False,llancahue,2026-09-27 00:00,84.0,4.199999809265137,13.1,8.900000190734863,
2026-09-25,determinista,jma_gsm,2026-09-23 12:00,False,pichoy,2026-09-27 00:00,84.0,3.0,0.4,2.6,
2026-09-25,determinista,jma_gsm,2026-09-23 12:00,False,zona_costa,2026-09-27 00:00,84.0,8.699999809265137,15.475000000000001,6.775000190734865,
2026-09-25,determinista,jma_gsm,2026-09-23 12:00,False,zona_ciudad,2026-09-27 00:00,84.0,6.599999904632568,10.166666666666666,3.5666667620340977,
2026-09-25,determinista,jma_gsm,2026-09-23 12:00,False,zona_interior,2026-09-27 00:00,84.0,3.0,0.65,2.35,
2026-09-25,determinista,jma_gsm,2026-09-24 00:00,False,austral,2026-09-26 00:00,48.0,0.6000000238418579,0.6,2.384185793236071e-08,
2026-09-25,determinista,jma_gsm,2026-09-24 00:00,False,chaihuin,2026-09-26 00:00,48.0,2.4000000953674316,0.0,2.4000000953674316,
2026-09-25,determinista,jma_gsm,2026-09-24 00:00,False,corral,2026-09-26 00:00,48.0,2.4000000953674316,0.0,2.4000000953674316,
2026-09-25,determinista,jma_gsm,2026-09-24 00:00,False,corral_essal,2026-09-26 00:00,48.0,2.4000000953674316,0.0,2.4000000953674316,
2026-09-25,determinista,jma_gsm,2026-09-24 00:00,False,curinanco,2026-09-26 00:00,48.0,0.6000000238418579,1.4,0.799999976158142,
2026-09-25,determinista,jma_gsm,2026-09-24 00:00,False,islateja,2026-09-26 00:00,48.0,2.4000000953674316,1.6,0.8000000953674316,
2026-09-25,determinista,jma_gsm,2026-09-24 00:00,False,las_lomas,2026-09-26 00:00,48.0,0.0,2.0,2.0,
2026-09-25,determinista,jma_gsm,2026-09-24 00:00,False,llancahue,2026-09-26 00:00,48.0,0.6000000238418579,1.2,0.599999976158142,
2026-09-25,determinista,jma_gsm,2026-09-24 00:00,False,pichoy,2026-09-26 00:00,48.0,0.0,6.4,6.4,
2026-09-25,determinista,jma_gsm,2026-09-24 00:00,False,zona_costa,2026-09-26 00:00,48.0,1.9500000476837158,0.35,1.6000000476837157,
2026-09-25,determinista,jma_gsm,2026-09-24 00:00,False,zona_ciudad,2026-09-26 00:00,48.0,1.1999999284744263,1.1333333333333333,0.06666659514109297,
2026-09-25,determinista,jma_gsm,2026-09-24 00:00,False,zona_interior,2026-09-26 00:00,48.0,0.0,4.2,4.2,
2026-09-25,determinista,jma_gsm,2026-09-24 00:00,False,austral,2026-09-26 06:00,54.0,1.8000000715255737,3.3,1.499999928474426,
2026-09-25,determinista,jma_gsm,2026-09-24 00:00,False,chaihuin,2026-09-26 06:00,54.0,3.6000001430511475,0.0,3.6000001430511475,
2026-09-25,determinista,jma_gsm,2026-09-24 00:00,False,corral,2026-09-26 06:00,54.0,3.6000001430511475,0.0,3.6000001430511475,
2026-09-25,determinista,jma_gsm,2026-09-24 00:00,False,corral_essal,2026-09-26 06:00,54.0,3.6000001430511475,2.9000000000000004,0.7000001430511471,
2026-09-25,determinista,jma_gsm,2026-09-24 00:00,False,curinanco,2026-09-26 06:00,54.0,1.2000000476837158,1.3,0.09999995231628422,
2026-09-25,determinista,jma_gsm,2026-09-24 00:00,False,islateja,2026-09-26 06:00,54.0,3.6000001430511475,2.4000000000000004,1.200000143051147,
2026-09-25,determinista,jma_gsm,2026-09-24 00:00,False,las_lomas,2026-09-26 06:00,54.0,0.6000000238418579,0.6,2.384185793236071e-08,
2026-09-25,determinista,jma_gsm,2026-09-24 00:00,False,llancahue,2026-09-26 06:00,54.0,1.8000000715255737,2.0,0.19999992847442627,
2026-09-25,determinista,jma_gsm,2026-09-24 00:00,False,pichoy,2026-09-26 06:00,54.0,0.6000000238418579,1.5999999999999999,0.999999976158142,
2026-09-25,determinista,jma_gsm,2026-09-24 00:00,False,zona_costa,2026-09-26 06:00,54.0,3.000000238418579,1.05,1.950000238418579,
2026-09-25,determinista,jma_gsm,2026-09-24 00:00,False,zona_ciudad,2026-09-26 06:00,54.0,2.4000000953674316,2.566666666666667,0.16666657129923523,
2026-09-25,determinista,jma_gsm,2026-09-24 00:00,False,zona_interior,2026-09-26 06:00,54.0,0.6000000238418579,1.0999999999999999,0.49999997615814196,
2026-09-25,determinista,jma_gsm,2026-09-24 00:00,False,austral,2026-09-26 12:00,60.0,4.199999809265137,2.2,1.9999998092651365,
2026-09-25,determinista,jma_gsm,2026-09-24 00:00,False,chaihuin,2026-09-26 12:00,60.0,15.0,4.3,10.7,
2026-09-25,determinista,jma_gsm,2026-09-24 00:00,False,corral,2026-09-26 12:00,60.0,15.0,8.600000000000001,6.399999999999999,
2026-09-25,determinista,jma_gsm,2026-09-24 00:00,False,corral_essal,2026-09-26 12:00,60.0,15.0,30.5,15.5,
2026-09-25,determinista,jma_gsm,2026-09-24 00:00,False,curinanco,2026-09-26 12:00,60.0,2.4000000953674316,2.8,0.3999999046325682,
2026-09-25,determinista,jma_gsm,2026-09-24 00:00,False,islateja,2026-09-26 12:00,60.0,15.0,2.6,12.4,
2026-09-25,determinista,jma_gsm,2026-09-24 00:00,False,las_lomas,2026-09-26 12:00,60.0,1.2000000476837158,0.4,0.8000000476837158,
2026-09-25,determinista,jma_gsm,2026-09-24 00:00,False,llancahue,2026-09-26 12:00,60.0,4.199999809265137,2.5,1.6999998092651367,
2026-09-25,determinista,jma_gsm,2026-09-24 00:00,False,pichoy,2026-09-26 12:00,60.0,1.2000000476837158,0.8,0.4000000476837158,
2026-09-25,determinista,jma_gsm,2026-09-24 00:00,False,zona_costa,2026-09-26 12:00,60.0,11.850000381469727,11.55,0.30000038146972585,
2026-09-25,determinista,jma_gsm,2026-09-24 00:00,False,zona_ciudad,2026-09-26 12:00,60.0,7.8000006675720215,2.433333333333333,5.366667334238688,
2026-09-25,determinista,jma_gsm,2026-09-24 00:00,False,zona_interior,2026-09-26 12:00,60.0,1.2000000476837158,0.6000000000000001,0.6000000476837157,
2026-09-25,determinista,jma_gsm,2026-09-24 00:00,False,austral,2026-09-26 18:00,66.0,8.399999618530273,6.9,1.499999618530273,
2026-09-25,determinista,jma_gsm,2026-09-24 00:00,False,chaihuin,2026-09-26 18:00,66.0,13.799999237060547,25.3,11.500000762939454,
2026-09-25,determinista,jma_gsm,2026-09-24 00:00,False,corral,2026-09-26 18:00,66.0,13.799999237060547,31.200000000000003,17.400000762939456,
2026-09-25,determinista,jma_gsm,2026-09-24 00:00,False,corral_essal,2026-09-26 18:00,66.0,13.799999237060547,16.6,2.8000007629394545,
2026-09-25,determinista,jma_gsm,2026-09-24 00:00,False,curinanco,2026-09-26 18:00,66.0,7.799999713897705,13.100000000000001,5.300000286102296,
2026-09-25,determinista,jma_gsm,2026-09-24 00:00,False,islateja,2026-09-26 18:00,66.0,13.799999237060547,10.5,3.299999237060547,
2026-09-25,determinista,jma_gsm,2026-09-24 00:00,False,las_lomas,2026-09-26 18:00,66.0,4.800000190734863,1.2000000000000002,3.600000190734863,
2026-09-25,determinista,jma_gsm,2026-09-24 00:00,False,llancahue,2026-09-26 18:00,66.0,8.399999618530273,13.899999999999999,5.500000381469725,
2026-09-25,determinista,jma_gsm,2026-09-24 00:00,False,pichoy,2026-09-26 18:00,66.0,4.800000190734863,0.8,4.0000001907348635,
2026-09-25,determinista,jma_gsm,2026-09-24 00:00,False,zona_costa,2026-09-26 18:00,66.0,12.299999237060547,21.550000000000004,9.250000762939457,
2026-09-25,determinista,jma_gsm,2026-09-24 00:00,False,zona_ciudad,2026-09-26 18:00,66.0,10.199999809265137,10.433333333333332,0.23333352406819508,
2026-09-25,determinista,jma_gsm,2026-09-24 00:00,False,zona_interior,2026-09-26 18:00,66.0,4.800000190734863,1.0,3.8000001907348633,
2026-09-25,determinista,jma_gsm,2026-09-24 00:00,False,austral,2026-09-27 00:00,72.0,13.799999237060547,9.7,4.099999237060548,
2026-09-25,determinista,jma_gsm,2026-09-24 00:00,False,chaihuin,2026-09-27 00:00,72.0,19.200000762939453,21.3,2.0999992370605476,
2026-09-25,determinista,jma_gsm,2026-09-24 00:00,False,corral,2026-09-27 00:00,72.0,19.200000762939453,19.7,0.49999923706054616,
2026-09-25,determinista,jma_gsm,2026-09-24 00:00,False,corral_essal,2026-09-27 00:00,72.0,19.200000762939453,6.2,13.000000762939454,
2026-09-25,determinista,jma_gsm,2026-09-24 00:00,False,curinanco,2026-09-27 00:00,72.0,10.200000762939453,14.7,4.499999237060546,
2026-09-25,determinista,jma_gsm,2026-09-24 00:00,False,islateja,2026-09-27 00:00,72.0,19.200000762939453,7.699999999999999,11.500000762939454,
2026-09-25,determinista,jma_gsm,2026-09-24 00:00,False,las_lomas,2026-09-27 00:00,72.0,8.399999618530273,0.9,7.499999618530273,
2026-09-25,determinista,jma_gsm,2026-09-24 00:00,False,llancahue,2026-09-27 00:00,72.0,13.799999237060547,13.1,0.6999992370605472,
2026-09-25,determinista,jma_gsm,2026-09-24 00:00,False,pichoy,2026-09-27 00:00,72.0,8.399999618530273,0.4,7.999999618530273,
2026-09-25,determinista,jma_gsm,2026-09-24 00:00,False,zona_costa,2026-09-27 00:00,72.0,16.950000762939453,15.475000000000001,1.4750007629394517,
2026-09-25,determinista,jma_gsm,2026-09-24 00:00,False,zona_ciudad,2026-09-27 00:00,72.0,15.59999942779541,10.166666666666666,5.433332761128744,
2026-09-25,determinista,jma_gsm,2026-09-24 00:00,False,zona_interior,2026-09-27 00:00,72.0,8.399999618530273,0.65,7.749999618530273,
2026-09-25,determinista,jma_gsm,2026-09-24 12:00,False,austral,2026-09-26 00:00,36.0,1.2000000476837158,0.6,0.6000000476837158,
2026-09-25,determinista,jma_gsm,2026-09-24 12:00,False,chaihuin,2026-09-26 00:00,36.0,2.4000000953674316,0.0,2.4000000953674316,
2026-09-25,determinista,jma_gsm,2026-09-24 12:00,False,corral,2026-09-26 00:00,36.0,2.4000000953674316,0.0,2.4000000953674316,
2026-09-25,determinista,jma_gsm,2026-09-24 12:00,False,corral_essal,2026-09-26 00:00,36.0,2.4000000953674316,0.0,2.4000000953674316,
2026-09-25,determinista,jma_gsm,2026-09-24 12:00,False,curinanco,2026-09-26 00:00,36.0,0.6000000238418579,1.4,0.799999976158142,
2026-09-25,determinista,jma_gsm,2026-09-24 12:00,False,islateja,2026-09-26 00:00,36.0,2.4000000953674316,1.6,0.8000000953674316,
2026-09-25,determinista,jma_gsm,2026-09-24 12:00,False,las_lomas,2026-09-26 00:00,36.0,0.0,2.0,2.0,
2026-09-25,determinista,jma_gsm,2026-09-24 12:00,False,llancahue,2026-09-26 00:00,36.0,1.2000000476837158,1.2,4.768371586472142e-08,
2026-09-25,determinista,jma_gsm,2026-09-24 12:00,False,pichoy,2026-09-26 00:00,36.0,0.0,6.4,6.4,
2026-09-25,determinista,jma_gsm,2026-09-24 12:00,False,zona_costa,2026-09-26 00:00,36.0,1.9500000476837158,0.35,1.6000000476837157,
2026-09-25,determinista,jma_gsm,2026-09-24 12:00,False,zona_ciudad,2026-09-26 00:00,36.0,1.600000023841858,1.1333333333333333,0.4666666905085246,
2026-09-25,determinista,jma_gsm,2026-09-24 12:00,False,zona_interior,2026-09-26 00:00,36.0,0.0,4.2,4.2,
2026-09-25,determinista,jma_gsm,2026-09-24 12:00,False,austral,2026-09-26 06:00,42.0,0.6000000238418579,3.3,2.699999976158142,
2026-09-25,determinista,jma_gsm,2026-09-24 12:00,False,chaihuin,2026-09-26 06:00,42.0,1.8000000715255737,0.0,1.8000000715255737,
2026-09-25,determinista,jma_gsm,2026-09-24 12:00,False,corral,2026-09-26 06:00,42.0,1.8000000715255737,0.0,1.8000000715255737,
2026-09-25,determinista,jma_gsm,2026-09-24 12:00,False,corral_essal,2026-09-26 06:00,42.0,1.8000000715255737,2.9000000000000004,1.0999999284744266,
2026-09-25,determinista,jma_gsm,2026-09-24 12:00,False,curinanco,2026-09-26 06:00,42.0,0.6000000238418579,1.3,0.6999999761581421,
2026-09-25,determinista,jma_gsm,2026-09-24 12:00,False,islateja,2026-09-26 06:00,42.0,1.8000000715255737,2.4000000000000004,0.5999999284744266,
2026-09-25,determinista,jma_gsm,2026-09-24 12:00,False,las_lomas,2026-09-26 06:00,42.0,0.0,0.6,0.6,
2026-09-25,determinista,jma_gsm,2026-09-24 12:00,False,llancahue,2026-09-26 06:00,42.0,0.6000000238418579,2.0,1.399999976158142,
2026-09-25,determinista,jma_gsm,2026-09-24 12:00,False,pichoy,2026-09-26 06:00,42.0,0.0,1.5999999999999999,1.5999999999999999,
2026-09-25,determinista,jma_gsm,2026-09-24 12:00,False,zona_costa,2026-09-26 06:00,42.0,1.5000001192092896,1.05,0.4500001192092895,
2026-09-25,determinista,jma_gsm,2026-09-24 12:00,False,zona_ciudad,2026-09-26 06:00,42.0,1.0,2.566666666666667,1.5666666666666669,
2026-09-25,determinista,jma_gsm,2026-09-24 12:00,False,zona_interior,2026-09-26 06:00,42.0,0.0,1.0999999999999999,1.0999999999999999,
2026-09-25,determinista,jma_gsm,2026-09-24 12:00,False,austral,2026-09-26 12:00,48.0,3.6000001430511475,2.2,1.4000001430511473,
2026-09-25,determinista,jma_gsm,2026-09-24 12:00,False,chaihuin,2026-09-26 12:00,48.0,13.799999237060547,4.3,9.499999237060546,
2026-09-25,determinista,jma_gsm,2026-09-24 12:00,False,corral,2026-09-26 12:00,48.0,13.799999237060547,8.600000000000001,5.1999992370605455,
2026-09-25,determinista,jma_gsm,2026-09-24 12:00,False,corral_essal,2026-09-26 12:00,48.0,13.799999237060547,30.5,16.700000762939453,
2026-09-25,determinista,jma_gsm,2026-09-24 12:00,False,curinanco,2026-09-26 12:00,48.0,6.0,2.8,3.2,
2026-09-25,determinista,jma_gsm,2026-09-24 12:00,False,islateja,2026-09-26 12:00,48.0,13.799999237060547,2.6,11.199999237060547,
2026-09-25,determinista,jma_gsm,2026-09-24 12:00,False,las_lomas,2026-09-26 12:00,48.0,1.8000000715255737,0.4,1.4000000715255738,
2026-09-25,determinista,jma_gsm,2026-09-24 12:00,False,llancahue,2026-09-26 12:00,48.0,3.6000001430511475,2.5,1.1000001430511475,
2026-09-25,determinista,jma_gsm,2026-09-24 12:00,False,pichoy,2026-09-26 12:00,48.0,1.8000000715255737,0.8,1.0000000715255737,
2026-09-25,determinista,jma_gsm,2026-09-24 12:00,False,zona_costa,2026-09-26 12:00,48.0,11.84999942779541,11.55,0.29999942779540945,
2026-09-25,determinista,jma_gsm,2026-09-24 12:00,False,zona_ciudad,2026-09-26 12:00,48.0,7.0,2.433333333333333,4.566666666666666,
2026-09-25,determinista,jma_gsm,2026-09-24 12:00,False,zona_interior,2026-09-26 12:00,48.0,1.8000000715255737,0.6000000000000001,1.2000000715255736,
2026-09-25,determinista,jma_gsm,2026-09-24 12:00,False,austral,2026-09-26 18:00,54.0,13.799999237060547,6.9,6.8999992370605465,
2026-09-25,determinista,jma_gsm,2026-09-24 12:00,False,chaihuin,2026-09-26 18:00,54.0,9.0,25.3,16.3,
2026-09-25,determinista,jma_gsm,2026-09-24 12:00,False,corral,2026-09-26 18:00,54.0,9.0,31.200000000000003,22.200000000000003,
2026-09-25,determinista,jma_gsm,2026-09-24 12:00,False,corral_essal,2026-09-26 18:00,54.0,9.0,16.6,7.600000000000001,
2026-09-25,determinista,jma_gsm,2026-09-24 12:00,False,curinanco,2026-09-26 18:00,54.0,5.399999618530273,13.100000000000001,7.700000381469728,
2026-09-25,determinista,jma_gsm,2026-09-24 12:00,False,islateja,2026-09-26 18:00,54.0,9.0,10.5,1.5,
2026-09-25,determinista,jma_gsm,2026-09-24 12:00,False,las_lomas,2026-09-26 18:00,54.0,6.0,1.2000000000000002,4.8,
2026-09-25,determinista,jma_gsm,2026-09-24 12:00,False,llancahue,2026-09-26 18:00,54.0,13.799999237060547,13.899999999999999,0.1000007629394517,
2026-09-25,determinista,jma_gsm,2026-09-24 12:00,False,pichoy,2026-09-26 18:00,54.0,6.0,0.8,5.2,
2026-09-25,determinista,jma_gsm,2026-09-24 12:00,False,zona_costa,2026-09-26 18:00,54.0,8.100000381469727,21.550000000000004,13.449999618530278,
2026-09-25,determinista,jma_gsm,2026-09-24 12:00,False,zona_ciudad,2026-09-26 18:00,54.0,12.199999809265137,10.433333333333332,1.766666475931805,
2026-09-25,determinista,jma_gsm,2026-09-24 12:00,False,zona_interior,2026-09-26 18:00,54.0,6.0,1.0,5.0,
2026-09-25,determinista,jma_gsm,2026-09-24 12:00,False,austral,2026-09-27 00:00,60.0,1.2000000476837158,9.7,8.499999952316283,
2026-09-25,determinista,jma_gsm,2026-09-24 12:00,False,chaihuin,2026-09-27 00:00,60.0,0.0,21.3,21.3,
2026-09-25,determinista,jma_gsm,2026-09-24 12:00,False,corral,2026-09-27 00:00,60.0,0.0,19.7,19.7,
2026-09-25,determinista,jma_gsm,2026-09-24 12:00,False,corral_essal,2026-09-27 00:00,60.0,0.0,6.2,6.2,
2026-09-25,determinista,jma_gsm,2026-09-24 12:00,False,curinanco,2026-09-27 00:00,60.0,0.6000000238418579,14.7,14.099999976158141,
2026-09-25,determinista,jma_gsm,2026-09-24 12:00,False,islateja,2026-09-27 00:00,60.0,0.0,7.699999999999999,7.699999999999999,
2026-09-25,determinista,jma_gsm,2026-09-24 12:00,False,las_lomas,2026-09-27 00:00,60.0,7.799999713897705,0.9,6.899999713897705,
2026-09-25,determinista,jma_gsm,2026-09-24 12:00,False,llancahue,2026-09-27 00:00,60.0,1.2000000476837158,13.1,11.899999952316284,
2026-09-25,determinista,jma_gsm,2026-09-24 12:00,False,pichoy,2026-09-27 00:00,60.0,7.799999713897705,0.4,7.399999713897705,
2026-09-25,determinista,jma_gsm,2026-09-24 12:00,False,zona_costa,2026-09-27 00:00,60.0,0.15000000596046448,15.475000000000001,15.324999994039537,
2026-09-25,determinista,jma_gsm,2026-09-24 12:00,False,zona_ciudad,2026-09-27 00:00,60.0,0.800000011920929,10.166666666666666,9.366666654745737,
2026-09-25,determinista,jma_gsm,2026-09-24 12:00,False,zona_interior,2026-09-27 00:00,60.0,7.799999713897705,0.65,7.149999713897705,
2026-09-25,determinista,jma_gsm,2026-09-25 00:00,False,austral,2026-09-26 00:00,24.0,2.4000000953674316,0.6,1.8000000953674316,
2026-09-25,determinista,jma_gsm,2026-09-25 00:00,False,chaihuin,2026-09-26 00:00,24.0,3.0,0.0,3.0,
2026-09-25,determinista,jma_gsm,2026-09-25 00:00,False,corral,2026-09-26 00:00,24.0,3.0,0.0,3.0,
2026-09-25,determinista,jma_gsm,2026-09-25 00:00,False,corral_essal,2026-09-26 00:00,24.0,3.0,0.0,3.0,
2026-09-25,determinista,jma_gsm,2026-09-25 00:00,False,curinanco,2026-09-26 00:00,24.0,1.2000000476837158,1.4,0.1999999523162841,
2026-09-25,determinista,jma_gsm,2026-09-25 00:00,False,islateja,2026-09-26 00:00,24.0,3.0,1.6,1.4,
2026-09-25,determinista,jma_gsm,2026-09-25 00:00,False,las_lomas,2026-09-26 00:00,24.0,0.6000000238418579,2.0,1.399999976158142,
2026-09-25,determinista,jma_gsm,2026-09-25 00:00,False,llancahue,2026-09-26 00:00,24.0,2.4000000953674316,1.2,1.2000000953674317,
2026-09-25,determinista,jma_gsm,2026-09-25 00:00,False,pichoy,2026-09-26 00:00,24.0,0.6000000238418579,6.4,5.7999999761581424,
2026-09-25,determinista,jma_gsm,2026-09-25 00:00,False,zona_costa,2026-09-26 00:00,24.0,2.549999952316284,0.35,2.199999952316284,
2026-09-25,determinista,jma_gsm,2026-09-25 00:00,False,zona_ciudad,2026-09-26 00:00,24.0,2.6000001430511475,1.1333333333333333,1.4666668097178142,
2026-09-25,determinista,jma_gsm,2026-09-25 00:00,False,zona_interior,2026-09-26 00:00,24.0,0.6000000238418579,4.2,3.5999999761581423,
2026-09-25,determinista,jma_gsm,2026-09-25 00:00,False,austral,2026-09-26 06:00,30.0,3.6000001430511475,3.3,0.30000014305114764,
2026-09-25,determinista,jma_gsm,2026-09-25 00:00,False,chaihuin,2026-09-26 06:00,30.0,4.199999809265137,0.0,4.199999809265137,
2026-09-25,determinista,jma_gsm,2026-09-25 00:00,False,corral,2026-09-26 06:00,30.0,4.199999809265137,0.0,4.199999809265137,
2026-09-25,determinista,jma_gsm,2026-09-25 00:00,False,corral_essal,2026-09-26 06:00,30.0,4.199999809265137,2.9000000000000004,1.2999998092651364,
2026-09-25,determinista,jma_gsm,2026-09-25 00:00,False,curinanco,2026-09-26 06:00,30.0,0.6000000238418579,1.3,0.6999999761581421,
2026-09-25,determinista,jma_gsm,2026-09-25 00:00,False,islateja,2026-09-26 06:00,30.0,4.199999809265137,2.4000000000000004,1.7999998092651364,
2026-09-25,determinista,jma_gsm,2026-09-25 00:00,False,las_lomas,2026-09-26 06:00,30.0,0.6000000238418579,0.6,2.384185793236071e-08,
2026-09-25,determinista,jma_gsm,2026-09-25 00:00,False,llancahue,2026-09-26 06:00,30.0,3.6000001430511475,2.0,1.6000001430511475,
2026-09-25,determinista,jma_gsm,2026-09-25 00:00,False,pichoy,2026-09-26 06:00,30.0,0.6000000238418579,1.5999999999999999,0.999999976158142,
2026-09-25,determinista,jma_gsm,2026-09-25 00:00,False,zona_costa,2026-09-26 06:00,30.0,3.299999952316284,1.05,2.2499999523162844,
2026-09-25,determinista,jma_gsm,2026-09-25 00:00,False,zona_ciudad,2026-09-26 06:00,30.0,3.8000001907348633,2.566666666666667,1.2333335240681964,
2026-09-25,determinista,jma_gsm,2026-09-25 00:00,False,zona_interior,2026-09-26 06:00,30.0,0.6000000238418579,1.0999999999999999,0.49999997615814196,
2026-09-25,determinista,jma_gsm,2026-09-25 00:00,False,austral,2026-09-26 12:00,36.0,1.2000000476837158,2.2,0.9999999523162844,
2026-09-25,determinista,jma_gsm,2026-09-25 00:00,False,chaihuin,2026-09-26 12:00,36.0,7.200000286102295,4.3,2.900000286102295,
2026-09-25,determinista,jma_gsm,2026-09-25 00:00,False,corral,2026-09-26 12:00,36.0,7.200000286102295,8.600000000000001,1.3999997138977065,
2026-09-25,determinista,jma_gsm,2026-09-25 00:00,False,corral_essal,2026-09-26 12:00,36.0,7.200000286102295,30.5,23.299999713897705,
2026-09-25,determinista,jma_gsm,2026-09-25 00:00,False,curinanco,2026-09-26 12:00,36.0,1.2000000476837158,2.8,1.599999952316284,
2026-09-25,determinista,jma_gsm,2026-09-25 00:00,False,islateja,2026-09-26 12:00,36.0,7.200000286102295,2.6,4.600000286102295,
2026-09-25,determinista,jma_gsm,2026-09-25 00:00,False,las_lomas,2026-09-26 12:00,36.0,0.6000000238418579,0.4,0.2000000238418579,
2026-09-25,determinista,jma_gsm,2026-09-25 00:00,False,llancahue,2026-09-26 12:00,36.0,1.2000000476837158,2.5,1.2999999523162842,
2026-09-25,determinista,jma_gsm,2026-09-25 00:00,False,pichoy,2026-09-26 12:00,36.0,0.6000000238418579,0.8,0.19999997615814213,
2026-09-25,determinista,jma_gsm,2026-09-25 00:00,False,zona_costa,2026-09-26 12:00,36.0,5.700000286102295,11.55,5.849999713897706,
2026-09-25,determinista,jma_gsm,2026-09-25 00:00,False,zona_ciudad,2026-09-26 12:00,36.0,3.200000047683716,2.433333333333333,0.7666667143503827,
2026-09-25,determinista,jma_gsm,2026-09-25 00:00,False,zona_interior,2026-09-26 12:00,36.0,0.6000000238418579,0.6000000000000001,2.3841857821338408e-08,
2026-09-25,determinista,jma_gsm,2026-09-25 00:00,False,austral,2026-09-26 18:00,42.0,3.0,6.9,3.9000000000000004,
2026-09-25,determinista,jma_gsm,2026-09-25 00:00,False,chaihuin,2026-09-26 18:00,42.0,9.0,25.3,16.3,
2026-09-25,determinista,jma_gsm,2026-09-25 00:00,False,corral,2026-09-26 18:00,42.0,9.0,31.200000000000003,22.200000000000003,
2026-09-25,determinista,jma_gsm,2026-09-25 00:00,False,corral_essal,2026-09-26 18:00,42.0,9.0,16.6,7.600000000000001,
2026-09-25,determinista,jma_gsm,2026-09-25 00:00,False,curinanco,2026-09-26 18:00,42.0,5.399999618530273,13.100000000000001,7.700000381469728,
2026-09-25,determinista,jma_gsm,2026-09-25 00:00,False,islateja,2026-09-26 18:00,42.0,9.0,10.5,1.5,
2026-09-25,determinista,jma_gsm,2026-09-25 00:00,False,las_lomas,2026-09-26 18:00,42.0,3.6000001430511475,1.2000000000000002,2.4000001430511473,
2026-09-25,determinista,jma_gsm,2026-09-25 00:00,False,llancahue,2026-09-26 18:00,42.0,3.0,13.899999999999999,10.899999999999999,
2026-09-25,determinista,jma_gsm,2026-09-25 00:00,False,pichoy,2026-09-26 18:00,42.0,3.6000001430511475,0.8,2.8000001430511476,
2026-09-25,determinista,jma_gsm,2026-09-25 00:00,False,zona_costa,2026-09-26 18:00,42.0,8.100000381469727,21.550000000000004,13.449999618530278,
2026-09-25,determinista,jma_gsm,2026-09-25 00:00,False,zona_ciudad,2026-09-26 18:00,42.0,5.0,10.433333333333332,5.433333333333332,
2026-09-25,determinista,jma_gsm,2026-09-25 00:00,False,zona_interior,2026-09-26 18:00,42.0,3.6000001430511475,1.0,2.6000001430511475,
2026-09-25,determinista,jma_gsm,2026-09-25 00:00,False,austral,2026-09-27 00:00,48.0,9.0,9.7,0.6999999999999993,
2026-09-25,determinista,jma_gsm,2026-09-25 00:00,False,chaihuin,2026-09-27 00:00,48.0,16.200000762939453,21.3,5.099999237060548,
2026-09-25,determinista,jma_gsm,2026-09-25 00:00,False,corral,2026-09-27 00:00,48.0,16.200000762939453,19.7,3.499999237060546,
2026-09-25,determinista,jma_gsm,2026-09-25 00:00,False,corral_essal,2026-09-27 00:00,48.0,16.200000762939453,6.2,10.000000762939454,
2026-09-25,determinista,jma_gsm,2026-09-25 00:00,False,curinanco,2026-09-27 00:00,48.0,7.799999713897705,14.7,6.900000286102294,
2026-09-25,determinista,jma_gsm,2026-09-25 00:00,False,islateja,2026-09-27 00:00,48.0,16.200000762939453,7.699999999999999,8.500000762939454,
2026-09-25,determinista,jma_gsm,2026-09-25 00:00,False,las_lomas,2026-09-27 00:00,48.0,7.799999713897705,0.9,6.899999713897705,
2026-09-25,determinista,jma_gsm,2026-09-25 00:00,False,llancahue,2026-09-27 00:00,48.0,9.0,13.1,4.1,
2026-09-25,determinista,jma_gsm,2026-09-25 00:00,False,pichoy,2026-09-27 00:00,48.0,7.799999713897705,0.4,7.399999713897705,
2026-09-25,determinista,jma_gsm,2026-09-25 00:00,False,zona_costa,2026-09-27 00:00,48.0,14.100000381469727,15.475000000000001,1.3749996185302749,
2026-09-25,determinista,jma_gsm,2026-09-25 00:00,False,zona_ciudad,2026-09-27 00:00,48.0,11.40000057220459,10.166666666666666,1.2333339055379238,
2026-09-25,determinista,jma_gsm,2026-09-25 00:00,False,zona_interior,2026-09-27 00:00,48.0,7.799999713897705,0.65,7.149999713897705,
2026-09-25,determinista,jma_gsm,2026-09-25 12:00,False,austral,2026-09-26 00:00,12.0,2.4000000953674316,0.6,1.8000000953674316,
2026-09-25,determinista,jma_gsm,2026-09-25 12:00,False,chaihuin,2026-09-26 00:00,12.0,3.6000001430511475,0.0,3.6000001430511475,
2026-09-25,determinista,jma_gsm,2026-09-25 12:00,False,corral,2026-09-26 00:00,12.0,3.6000001430511475,0.0,3.6000001430511475,
2026-09-25,determinista,jma_gsm,2026-09-25 12:00,False,corral_essal,2026-09-26 00:00,12.0,3.6000001430511475,0.0,3.6000001430511475,
2026-09-25,determinista,jma_gsm,2026-09-25 12:00,False,curinanco,2026-09-26 00:00,12.0,0.6000000238418579,1.4,0.799999976158142,
2026-09-25,determinista,jma_gsm,2026-09-25 12:00,False,islateja,2026-09-26 00:00,12.0,3.6000001430511475,1.6,2.0000001430511474,
2026-09-25,determinista,jma_gsm,2026-09-25 12:00,False,las_lomas,2026-09-26 00:00,12.0,0.6000000238418579,2.0,1.399999976158142,
2026-09-25,determinista,jma_gsm,2026-09-25 12:00,False,llancahue,2026-09-26 00:00,12.0,2.4000000953674316,1.2,1.2000000953674317,
2026-09-25,determinista,jma_gsm,2026-09-25 12:00,False,pichoy,2026-09-26 00:00,12.0,0.6000000238418579,6.4,5.7999999761581424,
2026-09-25,determinista,jma_gsm,2026-09-25 12:00,False,zona_costa,2026-09-26 00:00,12.0,2.8500001430511475,0.35,2.5000001430511474,
2026-09-25,determinista,jma_gsm,2026-09-25 12:00,False,zona_ciudad,2026-09-26 00:00,12.0,2.799999952316284,1.1333333333333333,1.6666666189829509,
2026-09-25,determinista,jma_gsm,2026-09-25 12:00,False,zona_interior,2026-09-26 00:00,12.0,0.6000000238418579,4.2,3.5999999761581423,
2026-09-25,determinista,jma_gsm,2026-09-25 12:00,False,austral,2026-09-26 06:00,18.0,1.8000000715255737,3.3,1.499999928474426,
2026-09-25,determinista,jma_gsm,2026-09-25 12:00,False,chaihuin,2026-09-26 06:00,18.0,3.0,0.0,3.0,
2026-09-25,determinista,jma_gsm,2026-09-25 12:00,False,corral,2026-09-26 06:00,18.0,3.0,0.0,3.0,
2026-09-25,determinista,jma_gsm,2026-09-25 12:00,False,corral_essal,2026-09-26 06:00,18.0,3.0,2.9000000000000004,0.09999999999999964,
2026-09-25,determinista,jma_gsm,2026-09-25 12:00,False,curinanco,2026-09-26 06:00,18.0,0.6000000238418579,1.3,0.6999999761581421,
2026-09-25,determinista,jma_gsm,2026-09-25 12:00,False,islateja,2026-09-26 06:00,18.0,3.0,2.4000000000000004,0.5999999999999996,
2026-09-25,determinista,jma_gsm,2026-09-25 12:00,False,las_lomas,2026-09-26 06:00,18.0,0.0,0.6,0.6,
2026-09-25,determinista,jma_gsm,2026-09-25 12:00,False,llancahue,2026-09-26 06:00,18.0,1.8000000715255737,2.0,0.19999992847442627,
2026-09-25,determinista,jma_gsm,2026-09-25 12:00,False,pichoy,2026-09-26 06:00,18.0,0.0,1.5999999999999999,1.5999999999999999,
2026-09-25,determinista,jma_gsm,2026-09-25 12:00,False,zona_costa,2026-09-26 06:00,18.0,2.4000000953674316,1.05,1.3500000953674316,
2026-09-25,determinista,jma_gsm,2026-09-25 12:00,False,zona_ciudad,2026-09-26 06:00,18.0,2.200000047683716,2.566666666666667,0.36666661898295105,
2026-09-25,determinista,jma_gsm,2026-09-25 12:00,False,zona_interior,2026-09-26 06:00,18.0,0.0,1.0999999999999999,1.0999999999999999,
2026-09-25,determinista,jma_gsm,2026-09-25 12:00,False,austral,2026-09-26 12:00,24.0,4.199999809265137,2.2,1.9999998092651365,
2026-09-25,determinista,jma_gsm,2026-09-25 12:00,False,chaihuin,2026-09-26 12:00,24.0,12.0,4.3,7.7,
2026-09-25,determinista,jma_gsm,2026-09-25 12:00,False,corral,2026-09-26 12:00,24.0,12.0,8.600000000000001,3.3999999999999986,
2026-09-25,determinista,jma_gsm,2026-09-25 12:00,False,corral_essal,2026-09-26 12:00,24.0,12.0,30.5,18.5,
2026-09-25,determinista,jma_gsm,2026-09-25 12:00,False,curinanco,2026-09-26 12:00,24.0,4.199999809265137,2.8,1.399999809265137,
2026-09-25,determinista,jma_gsm,2026-09-25 12:00,False,islateja,2026-09-26 12:00,24.0,12.0,2.6,9.4,
2026-09-25,determinista,jma_gsm,2026-09-25 12:00,False,las_lomas,2026-09-26 12:00,24.0,1.2000000476837158,0.4,0.8000000476837158,
2026-09-25,determinista,jma_gsm,2026-09-25 12:00,False,llancahue,2026-09-26 12:00,24.0,4.199999809265137,2.5,1.6999998092651367,
2026-09-25,determinista,jma_gsm,2026-09-25 12:00,False,pichoy,2026-09-26 12:00,24.0,1.2000000476837158,0.8,0.4000000476837158,
2026-09-25,determinista,jma_gsm,2026-09-25 12:00,False,zona_costa,2026-09-26 12:00,24.0,10.050000190734863,11.55,1.4999998092651374,
2026-09-25,determinista,jma_gsm,2026-09-25 12:00,False,zona_ciudad,2026-09-26 12:00,24.0,6.8000006675720215,2.433333333333333,4.366667334238688,
2026-09-25,determinista,jma_gsm,2026-09-25 12:00,False,zona_interior,2026-09-26 12:00,24.0,1.2000000476837158,0.6000000000000001,0.6000000476837157,
2026-09-25,determinista,jma_gsm,2026-09-25 12:00,False,austral,2026-09-26 18:00,30.0,6.0,6.9,0.9000000000000004,
2026-09-25,determinista,jma_gsm,2026-09-25 12:00,False,chaihuin,2026-09-26 18:00,30.0,15.0,25.3,10.3,
2026-09-25,determinista,jma_gsm,2026-09-25 12:00,False,corral,2026-09-26 18:00,30.0,15.0,31.200000000000003,16.200000000000003,
2026-09-25,determinista,jma_gsm,2026-09-25 12:00,False,corral_essal,2026-09-26 18:00,30.0,15.0,16.6,1.6000000000000014,
2026-09-25,determinista,jma_gsm,2026-09-25 12:00,False,curinanco,2026-09-26 18:00,30.0,8.399999618530273,13.100000000000001,4.700000381469728,
2026-09-25,determinista,jma_gsm,2026-09-25 12:00,False,islateja,2026-09-26 18:00,30.0,15.0,10.5,4.5,
2026-09-25,determinista,jma_gsm,2026-09-25 12:00,False,las_lomas,2026-09-26 18:00,30.0,4.199999809265137,1.2000000000000002,2.9999998092651365,
2026-09-25,determinista,jma_gsm,2026-09-25 12:00,False,llancahue,2026-09-26 18:00,30.0,6.0,13.899999999999999,7.899999999999999,
2026-09-25,determinista,jma_gsm,2026-09-25 12:00,False,pichoy,2026-09-26 18:00,30.0,4.199999809265137,0.8,3.399999809265137,
2026-09-25,determinista,jma_gsm,2026-09-25 12:00,False,zona_costa,2026-09-26 18:00,30.0,13.350000381469727,21.550000000000004,8.199999618530278,
2026-09-25,determinista,jma_gsm,2026-09-25 12:00,False,zona_ciudad,2026-09-26 18:00,30.0,9.0,10.433333333333332,1.4333333333333318,
2026-09-25,determinista,jma_gsm,2026-09-25 12:00,False,zona_interior,2026-09-26 18:00,30.0,4.199999809265137,1.0,3.1999998092651367,
2026-09-25,determinista,jma_gsm,2026-09-25 12:00,False,austral,2026-09-27 00:00,36.0,14.40000057220459,9.7,4.7000005722045906,
2026-09-25,determinista,jma_gsm,2026-09-25 12:00,False,chaihuin,2026-09-27 00:00,36.0,13.799999237060547,21.3,7.500000762939454,
2026-09-25,determinista,jma_gsm,2026-09-25 12:00,False,corral,2026-09-27 00:00,36.0,13.799999237060547,19.7,5.900000762939452,
2026-09-25,determinista,jma_gsm,2026-09-25 12:00,False,corral_essal,2026-09-27 00:00,36.0,13.799999237060547,6.2,7.599999237060547,
2026-09-25,determinista,jma_gsm,2026-09-25 12:00,False,curinanco,2026-09-27 00:00,36.0,12.59999942779541,14.7,2.100000572204589,
2026-09-25,determinista,jma_gsm,2026-09-25 12:00,False,islateja,2026-09-27 00:00,36.0,13.799999237060547,7.699999999999999,6.099999237060548,
2026-09-25,determinista,jma_gsm,2026-09-25 12:00,False,las_lomas,2026-09-27 00:00,36.0,6.600000381469727,0.9,5.700000381469726,
2026-09-25,determinista,jma_gsm,2026-09-25 12:00,False,llancahue,2026-09-27 00:00,36.0,14.40000057220459,13.1,1.3000005722045902,
2026-09-25,determinista,jma_gsm,2026-09-25 12:00,False,pichoy,2026-09-27 00:00,36.0,6.600000381469727,0.4,6.200000381469726,
2026-09-25,determinista,jma_gsm,2026-09-25 12:00,False,zona_costa,2026-09-27 00:00,36.0,13.499999046325684,15.475000000000001,1.9750009536743178,
2026-09-25,determinista,jma_gsm,2026-09-25 12:00,False,zona_ciudad,2026-09-27 00:00,36.0,14.200000762939453,10.166666666666666,4.033334096272787,
2026-09-25,determinista,jma_gsm,2026-09-25 12:00,False,zona_interior,2026-09-27 00:00,36.0,6.600000381469727,0.65,5.950000381469726,
2026-09-25,determinista,jma_gsm,2026-09-26 00:00,False,austral,2026-09-26 06:00,6.0,2.4000000953674316,3.3,0.8999999046325682,
2026-09-25,determinista,jma_gsm,2026-09-26 00:00,False,chaihuin,2026-09-26 06:00,6.0,3.0,0.0,3.0,
2026-09-25,determinista,jma_gsm,2026-09-26 00:00,False,corral,2026-09-26 06:00,6.0,3.0,0.0,3.0,
2026-09-25,determinista,jma_gsm,2026-09-26 00:00,False,corral_essal,2026-09-26 06:00,6.0,3.0,2.9000000000000004,0.09999999999999964,
2026-09-25,determinista,jma_gsm,2026-09-26 00:00,False,curinanco,2026-09-26 06:00,6.0,1.2000000476837158,1.3,0.09999995231628422,
2026-09-25,determinista,jma_gsm,2026-09-26 00:00,False,islateja,2026-09-26 06:00,6.0,3.0,2.4000000000000004,0.5999999999999996,
2026-09-25,determinista,jma_gsm,2026-09-26 00:00,False,las_lomas,2026-09-26 06:00,6.0,0.6000000238418579,0.6,2.384185793236071e-08,
2026-09-25,determinista,jma_gsm,2026-09-26 00:00,False,llancahue,2026-09-26 06:00,6.0,2.4000000953674316,2.0,0.40000009536743164,
2026-09-25,determinista,jma_gsm,2026-09-26 00:00,False,pichoy,2026-09-26 06:00,6.0,0.6000000238418579,1.5999999999999999,0.999999976158142,
2026-09-25,determinista,jma_gsm,2026-09-26 00:00,False,zona_costa,2026-09-26 06:00,6.0,2.549999952316284,1.05,1.4999999523162841,
2026-09-25,determinista,jma_gsm,2026-09-26 00:00,False,zona_ciudad,2026-09-26 06:00,6.0,2.6000001430511475,2.566666666666667,0.03333347638448059,
2026-09-25,determinista,jma_gsm,2026-09-26 00:00,False,zona_interior,2026-09-26 06:00,6.0,0.6000000238418579,1.0999999999999999,0.49999997615814196,
2026-09-25,determinista,jma_gsm,2026-09-26 00:00,False,austral,2026-09-26 12:00,12.0,1.2000000476837158,2.2,0.9999999523162844,
2026-09-25,determinista,jma_gsm,2026-09-26 00:00,False,chaihuin,2026-09-26 12:00,12.0,4.800000190734863,4.3,0.5000001907348635,
2026-09-25,determinista,jma_gsm,2026-09-26 00:00,False,corral,2026-09-26 12:00,12.0,4.800000190734863,8.600000000000001,3.799999809265138,
2026-09-25,determinista,jma_gsm,2026-09-26 00:00,False,corral_essal,2026-09-26 12:00,12.0,4.800000190734863,30.5,25.699999809265137,
2026-09-25,determinista,jma_gsm,2026-09-26 00:00,False,curinanco,2026-09-26 12:00,12.0,3.0,2.8,0.20000000000000018,
2026-09-25,determinista,jma_gsm,2026-09-26 00:00,False,islateja,2026-09-26 12:00,12.0,4.800000190734863,2.6,2.200000190734863,
2026-09-25,determinista,jma_gsm,2026-09-26 00:00,False,las_lomas,2026-09-26 12:00,12.0,1.8000000715255737,0.4,1.4000000715255738,
2026-09-25,determinista,jma_gsm,2026-09-26 00:00,False,llancahue,2026-09-26 12:00,12.0,1.2000000476837158,2.5,1.2999999523162842,
2026-09-25,determinista,jma_gsm,2026-09-26 00:00,False,pichoy,2026-09-26 12:00,12.0,1.8000000715255737,0.8,1.0000000715255737,
2026-09-25,determinista,jma_gsm,2026-09-26 00:00,False,zona_costa,2026-09-26 12:00,12.0,4.350000381469727,11.55,7.199999618530274,
2026-09-25,determinista,jma_gsm,2026-09-26 00:00,False,zona_ciudad,2026-09-26 12:00,12.0,2.3999998569488525,2.433333333333333,0.03333347638448059,
2026-09-25,determinista,jma_gsm,2026-09-26 00:00,False,zona_interior,2026-09-26 12:00,12.0,1.8000000715255737,0.6000000000000001,1.2000000715255736,
2026-09-25,determinista,jma_gsm,2026-09-26 00:00,False,austral,2026-09-26 18:00,18.0,1.2000000476837158,6.9,5.6999999523162845,
2026-09-25,determinista,jma_gsm,2026-09-26 00:00,False,chaihuin,2026-09-26 18:00,18.0,6.600000381469727,25.3,18.699999618530274,
2026-09-25,determinista,jma_gsm,2026-09-26 00:00,False,corral,2026-09-26 18:00,18.0,6.600000381469727,31.200000000000003,24.599999618530276,
2026-09-25,determinista,jma_gsm,2026-09-26 00:00,False,corral_essal,2026-09-26 18:00,18.0,6.600000381469727,16.6,9.999999618530275,
2026-09-25,determinista,jma_gsm,2026-09-26 00:00,False,curinanco,2026-09-26 18:00,18.0,2.4000000953674316,13.100000000000001,10.69999990463257,
2026-09-25,determinista,jma_gsm,2026-09-26 00:00,False,islateja,2026-09-26 18:00,18.0,6.600000381469727,10.5,3.8999996185302734,
2026-09-25,determinista,jma_gsm,2026-09-26 00:00,False,las_lomas,2026-09-26 18:00,18.0,2.4000000953674316,1.2000000000000002,1.2000000953674315,
2026-09-25,determinista,jma_gsm,2026-09-26 00:00,False,llancahue,2026-09-26 18:00,18.0,1.2000000476837158,13.899999999999999,12.699999952316283,
2026-09-25,determinista,jma_gsm,2026-09-26 00:00,False,pichoy,2026-09-26 18:00,18.0,2.4000000953674316,0.8,1.6000000953674316,
2026-09-25,determinista,jma_gsm,2026-09-26 00:00,False,zona_costa,2026-09-26 18:00,18.0,5.550000190734863,21.550000000000004,15.999999809265141,
2026-09-25,determinista,jma_gsm,2026-09-26 00:00,False,zona_ciudad,2026-09-26 18:00,18.0,3.0,10.433333333333332,7.433333333333332,
2026-09-25,determinista,jma_gsm,2026-09-26 00:00,False,zona_interior,2026-09-26 18:00,18.0,2.4000000953674316,1.0,1.4000000953674316,
2026-09-25,determinista,jma_gsm,2026-09-26 00:00,False,austral,2026-09-27 00:00,24.0,4.800000190734863,9.7,4.899999809265136,
2026-09-25,determinista,jma_gsm,2026-09-26 00:00,False,chaihuin,2026-09-27 00:00,24.0,13.799999237060547,21.3,7.500000762939454,
2026-09-25,determinista,jma_gsm,2026-09-26 00:00,False,corral,2026-09-27 00:00,24.0,13.799999237060547,19.7,5.900000762939452,
2026-09-25,determinista,jma_gsm,2026-09-26 00:00,False,corral_essal,2026-09-27 00:00,24.0,13.799999237060547,6.2,7.599999237060547,
2026-09-25,determinista,jma_gsm,2026-09-26 00:00,False,curinanco,2026-09-27 00:00,24.0,4.199999809265137,14.7,10.500000190734863,
2026-09-25,determinista,jma_gsm,2026-09-26 00:00,False,islateja,2026-09-27 00:00,24.0,13.799999237060547,7.699999999999999,6.099999237060548,
2026-09-25,determinista,jma_gsm,2026-09-26 00:00,False,las_lomas,2026-09-27 00:00,24.0,4.199999809265137,0.9,3.299999809265137,
2026-09-25,determinista,jma_gsm,2026-09-26 00:00,False,llancahue,2026-09-27 00:00,24.0,4.800000190734863,13.1,8.299999809265136,
2026-09-25,determinista,jma_gsm,2026-09-26 00:00,False,pichoy,2026-09-27 00:00,24.0,4.199999809265137,0.4,3.799999809265137,
2026-09-25,determinista,jma_gsm,2026-09-26 00:00,False,zona_costa,2026-09-27 00:00,24.0,11.399999618530273,15.475000000000001,4.075000381469728,
2026-09-25,determinista,jma_gsm,2026-09-26 00:00,False,zona_ciudad,2026-09-27 00:00,24.0,7.799999237060547,10.166666666666666,2.366667429606119,
2026-09-25,determinista,jma_gsm,2026-09-26 00:00,False,zona_interior,2026-09-27 00:00,24.0,4.199999809265137,0.65,3.549999809265137,
2026-09-25,determinista,jma_gsm,2026-09-26 12:00,False,austral,2026-09-26 18:00,6.0,9.0,6.9,2.0999999999999996,
2026-09-25,determinista,jma_gsm,2026-09-26 12:00,False,chaihuin,2026-09-26 18:00,6.0,10.200000762939453,25.3,15.099999237060548,
2026-09-25,determinista,jma_gsm,2026-09-26 12:00,False,corral,2026-09-26 18:00,6.0,10.200000762939453,31.200000000000003,20.99999923706055,
2026-09-25,determinista,jma_gsm,2026-09-26 12:00,False,corral_essal,2026-09-26 18:00,6.0,10.200000762939453,16.6,6.399999237060548,
2026-09-25,determinista,jma_gsm,2026-09-26 12:00,False,curinanco,2026-09-26 18:00,6.0,6.0,13.100000000000001,7.100000000000001,
2026-09-25,determinista,jma_gsm,2026-09-26 12:00,False,islateja,2026-09-26 18:00,6.0,10.200000762939453,10.5,0.2999992370605469,
2026-09-25,determinista,jma_gsm,2026-09-26 12:00,False,las_lomas,2026-09-26 18:00,6.0,3.0,1.2000000000000002,1.7999999999999998,
2026-09-25,determinista,jma_gsm,2026-09-26 12:00,False,llancahue,2026-09-26 18:00,6.0,9.0,13.899999999999999,4.899999999999999,
2026-09-25,determinista,jma_gsm,2026-09-26 12:00,False,pichoy,2026-09-26 18:00,6.0,3.0,0.8,2.2,
2026-09-25,determinista,jma_gsm,2026-09-26 12:00,False,zona_costa,2026-09-26 18:00,6.0,9.15000057220459,21.550000000000004,12.399999427795414,
2026-09-25,determinista,jma_gsm,2026-09-26 12:00,False,zona_ciudad,2026-09-26 18:00,6.0,9.40000057220459,10.433333333333332,1.033332761128742,
2026-09-25,determinista,jma_gsm,2026-09-26 12:00,False,zona_interior,2026-09-26 18:00,6.0,3.0,1.0,2.0,
2026-09-25,determinista,jma_gsm,2026-09-26 12:00,False,austral,2026-09-27 00:00,12.0,7.799999713897705,9.7,1.9000002861022942,
2026-09-25,determinista,jma_gsm,2026-09-26 12:00,False,chaihuin,2026-09-27 00:00,12.0,9.0,21.3,12.3,
2026-09-25,determinista,jma_gsm,2026-09-26 12:00,False,corral,2026-09-27 00:00,12.0,9.0,19.7,10.7,
2026-09-25,determinista,jma_gsm,2026-09-26 12:00,False,corral_essal,2026-09-27 00:00,12.0,9.0,6.2,2.8,
2026-09-25,determinista,jma_gsm,2026-09-26 12:00,False,curinanco,2026-09-27 00:00,12.0,8.399999618530273,14.7,6.300000381469726,
2026-09-25,determinista,jma_gsm,2026-09-26 12:00,False,islateja,2026-09-27 00:00,12.0,9.0,7.699999999999999,1.3000000000000007,
2026-09-25,determinista,jma_gsm,2026-09-26 12:00,False,las_lomas,2026-09-27 00:00,12.0,8.399999618530273,0.9,7.499999618530273,
2026-09-25,determinista,jma_gsm,2026-09-26 12:00,False,llancahue,2026-09-27 00:00,12.0,7.799999713897705,13.1,5.300000286102295,
2026-09-25,determinista,jma_gsm,2026-09-26 12:00,False,pichoy,2026-09-27 00:00,12.0,8.399999618530273,0.4,7.999999618530273,
2026-09-25,determinista,jma_gsm,2026-09-26 12:00,False,zona_costa,2026-09-27 00:00,12.0,8.850000381469727,15.475000000000001,6.624999618530275,
2026-09-25,determinista,jma_gsm,2026-09-26 12:00,False,zona_ciudad,2026-09-27 00:00,12.0,8.199999809265137,10.166666666666666,1.9666668574015294,
2026-09-25,determinista,jma_gsm,2026-09-26 12:00,False,zona_interior,2026-09-27 00:00,12.0,8.399999618530273,0.65,7.749999618530273,
2026-09-25,determinista,meteofrance_arpege_world,2026-09-21 12:00,False,austral,2026-09-26 00:00,108.0,,0.6,,
2026-09-25,determinista,meteofrance_arpege_world,2026-09-21 12:00,False,chaihuin,2026-09-26 00:00,108.0,,0.0,,
2026-09-25,determinista,meteofrance_arpege_world,2026-09-21 12:00,False,corral,2026-09-26 00:00,108.0,,0.0,,
2026-09-25,determinista,meteofrance_arpege_world,2026-09-21 12:00,False,corral_essal,2026-09-26 00:00,108.0,,0.0,,
2026-09-25,determinista,meteofrance_arpege_world,2026-09-21 12:00,False,curinanco,2026-09-26 00:00,108.0,,1.4,,
2026-09-25,determinista,meteofrance_arpege_world,2026-09-21 12:00,False,islateja,2026-09-26 00:00,108.0,,1.6,,
2026-09-25,determinista,meteofrance_arpege_world,2026-09-21 12:00,False,las_lomas,2026-09-26 00:00,108.0,,2.0,,
2026-09-25,determinista,meteofrance_arpege_world,2026-09-21 12:00,False,llancahue,2026-09-26 00:00,108.0,,1.2,,
2026-09-25,determinista,meteofrance_arpege_world,2026-09-21 12:00,False,pichoy,2026-09-26 00:00,108.0,,6.4,,
2026-09-25,determinista,meteofrance_arpege_world,2026-09-21 12:00,False,zona_costa,2026-09-26 00:00,108.0,,0.35,,
2026-09-25,determinista,meteofrance_arpege_world,2026-09-21 12:00,False,zona_ciudad,2026-09-26 00:00,108.0,,1.1333333333333333,,
2026-09-25,determinista,meteofrance_arpege_world,2026-09-21 12:00,False,zona_interior,2026-09-26 00:00,108.0,,4.2,,
2026-09-25,determinista,meteofrance_arpege_world,2026-09-21 12:00,False,austral,2026-09-26 06:00,114.0,,3.3,,
2026-09-25,determinista,meteofrance_arpege_world,2026-09-21 12:00,False,chaihuin,2026-09-26 06:00,114.0,,0.0,,
2026-09-25,determinista,meteofrance_arpege_world,2026-09-21 12:00,False,corral,2026-09-26 06:00,114.0,,0.0,,
2026-09-25,determinista,meteofrance_arpege_world,2026-09-21 12:00,False,corral_essal,2026-09-26 06:00,114.0,,2.9000000000000004,,
2026-09-25,determinista,meteofrance_arpege_world,2026-09-21 12:00,False,curinanco,2026-09-26 06:00,114.0,,1.3,,
2026-09-25,determinista,meteofrance_arpege_world,2026-09-21 12:00,False,islateja,2026-09-26 06:00,114.0,,2.4000000000000004,,
2026-09-25,determinista,meteofrance_arpege_world,2026-09-21 12:00,False,las_lomas,2026-09-26 06:00,114.0,,0.6,,
2026-09-25,determinista,meteofrance_arpege_world,2026-09-21 12:00,False,llancahue,2026-09-26 06:00,114.0,,2.0,,
2026-09-25,determinista,meteofrance_arpege_world,2026-09-21 12:00,False,pichoy,2026-09-26 06:00,114.0,,1.5999999999999999,,
2026-09-25,determinista,meteofrance_arpege_world,2026-09-21 12:00,False,zona_costa,2026-09-26 06:00,114.0,,1.05,,
2026-09-25,determinista,meteofrance_arpege_world,2026-09-21 12:00,False,zona_ciudad,2026-09-26 06:00,114.0,,2.566666666666667,,
2026-09-25,determinista,meteofrance_arpege_world,2026-09-21 12:00,False,zona_interior,2026-09-26 06:00,114.0,,1.0999999999999999,,
2026-09-25,determinista,meteofrance_arpege_world,2026-09-21 12:00,False,austral,2026-09-26 12:00,120.0,,2.2,,
2026-09-25,determinista,meteofrance_arpege_world,2026-09-21 12:00,False,chaihuin,2026-09-26 12:00,120.0,,4.3,,
2026-09-25,determinista,meteofrance_arpege_world,2026-09-21 12:00,False,corral,2026-09-26 12:00,120.0,,8.600000000000001,,
2026-09-25,determinista,meteofrance_arpege_world,2026-09-21 12:00,False,corral_essal,2026-09-26 12:00,120.0,,30.5,,
2026-09-25,determinista,meteofrance_arpege_world,2026-09-21 12:00,False,curinanco,2026-09-26 12:00,120.0,,2.8,,
2026-09-25,determinista,meteofrance_arpege_world,2026-09-21 12:00,False,islateja,2026-09-26 12:00,120.0,,2.6,,
2026-09-25,determinista,meteofrance_arpege_world,2026-09-21 12:00,False,las_lomas,2026-09-26 12:00,120.0,,0.4,,
2026-09-25,determinista,meteofrance_arpege_world,2026-09-21 12:00,False,llancahue,2026-09-26 12:00,120.0,,2.5,,
2026-09-25,determinista,meteofrance_arpege_world,2026-09-21 12:00,False,pichoy,2026-09-26 12:00,120.0,,0.8,,
2026-09-25,determinista,meteofrance_arpege_world,2026-09-21 12:00,False,zona_costa,2026-09-26 12:00,120.0,,11.55,,
2026-09-25,determinista,meteofrance_arpege_world,2026-09-21 12:00,False,zona_ciudad,2026-09-26 12:00,120.0,,2.433333333333333,,
2026-09-25,determinista,meteofrance_arpege_world,2026-09-21 12:00,False,zona_interior,2026-09-26 12:00,120.0,,0.6000000000000001,,
2026-09-25,determinista,meteofrance_arpege_world,2026-09-21 12:00,False,austral,2026-09-26 18:00,126.0,,6.9,,
2026-09-25,determinista,meteofrance_arpege_world,2026-09-21 12:00,False,chaihuin,2026-09-26 18:00,126.0,,25.3,,
2026-09-25,determinista,meteofrance_arpege_world,2026-09-21 12:00,False,corral,2026-09-26 18:00,126.0,,31.200000000000003,,
2026-09-25,determinista,meteofrance_arpege_world,2026-09-21 12:00,False,corral_essal,2026-09-26 18:00,126.0,,16.6,,
2026-09-25,determinista,meteofrance_arpege_world,2026-09-21 12:00,False,curinanco,2026-09-26 18:00,126.0,,13.100000000000001,,
2026-09-25,determinista,meteofrance_arpege_world,2026-09-21 12:00,False,islateja,2026-09-26 18:00,126.0,,10.5,,
2026-09-25,determinista,meteofrance_arpege_world,2026-09-21 12:00,False,las_lomas,2026-09-26 18:00,126.0,,1.2000000000000002,,
2026-09-25,determinista,meteofrance_arpege_world,2026-09-21 12:00,False,llancahue,2026-09-26 18:00,126.0,,13.899999999999999,,
2026-09-25,determinista,meteofrance_arpege_world,2026-09-21 12:00,False,pichoy,2026-09-26 18:00,126.0,,0.8,,
2026-09-25,determinista,meteofrance_arpege_world,2026-09-21 12:00,False,zona_costa,2026-09-26 18:00,126.0,,21.550000000000004,,
2026-09-25,determinista,meteofrance_arpege_world,2026-09-21 12:00,False,zona_ciudad,2026-09-26 18:00,126.0,,10.433333333333332,,
2026-09-25,determinista,meteofrance_arpege_world,2026-09-21 12:00,False,zona_interior,2026-09-26 18:00,126.0,,1.0,,
2026-09-25,determinista,meteofrance_arpege_world,2026-09-21 12:00,False,austral,2026-09-27 00:00,132.0,,9.7,,
2026-09-25,determinista,meteofrance_arpege_world,2026-09-21 12:00,False,chaihuin,2026-09-27 00:00,132.0,,21.3,,
2026-09-25,determinista,meteofrance_arpege_world,2026-09-21 12:00,False,corral,2026-09-27 00:00,132.0,,19.7,,
2026-09-25,determinista,meteofrance_arpege_world,2026-09-21 12:00,False,corral_essal,2026-09-27 00:00,132.0,,6.2,,
2026-09-25,determinista,meteofrance_arpege_world,2026-09-21 12:00,False,curinanco,2026-09-27 00:00,132.0,,14.7,,
2026-09-25,determinista,meteofrance_arpege_world,2026-09-21 12:00,False,islateja,2026-09-27 00:00,132.0,,7.699999999999999,,
2026-09-25,determinista,meteofrance_arpege_world,2026-09-21 12:00,False,las_lomas,2026-09-27 00:00,132.0,,0.9,,
2026-09-25,determinista,meteofrance_arpege_world,2026-09-21 12:00,False,llancahue,2026-09-27 00:00,132.0,,13.1,,
2026-09-25,determinista,meteofrance_arpege_world,2026-09-21 12:00,False,pichoy,2026-09-27 00:00,132.0,,0.4,,
2026-09-25,determinista,meteofrance_arpege_world,2026-09-21 12:00,False,zona_costa,2026-09-27 00:00,132.0,,15.475000000000001,,
2026-09-25,determinista,meteofrance_arpege_world,2026-09-21 12:00,False,zona_ciudad,2026-09-27 00:00,132.0,,10.166666666666666,,
2026-09-25,determinista,meteofrance_arpege_world,2026-09-21 12:00,False,zona_interior,2026-09-27 00:00,132.0,,0.65,,
2026-09-25,determinista,meteofrance_arpege_world,2026-09-22 00:00,False,austral,2026-09-26 00:00,96.0,0.5099999904632568,0.6,0.09000000953674314,
2026-09-25,determinista,meteofrance_arpege_world,2026-09-22 00:00,False,chaihuin,2026-09-26 00:00,96.0,1.590000033378601,0.0,1.590000033378601,
2026-09-25,determinista,meteofrance_arpege_world,2026-09-22 00:00,False,corral,2026-09-26 00:00,96.0,1.590000033378601,0.0,1.590000033378601,
2026-09-25,determinista,meteofrance_arpege_world,2026-09-22 00:00,False,corral_essal,2026-09-26 00:00,96.0,1.590000033378601,0.0,1.590000033378601,
2026-09-25,determinista,meteofrance_arpege_world,2026-09-22 00:00,False,curinanco,2026-09-26 00:00,96.0,0.9000000357627869,1.4,0.49999996423721305,
2026-09-25,determinista,meteofrance_arpege_world,2026-09-22 00:00,False,islateja,2026-09-26 00:00,96.0,0.5099999904632568,1.6,1.0900000095367433,
2026-09-25,determinista,meteofrance_arpege_world,2026-09-22 00:00,False,las_lomas,2026-09-26 00:00,96.0,0.38999998569488525,2.0,1.6100000143051147,
2026-09-25,determinista,meteofrance_arpege_world,2026-09-22 00:00,False,llancahue,2026-09-26 00:00,96.0,0.5099999904632568,1.2,0.6900000095367431,
2026-09-25,determinista,meteofrance_arpege_world,2026-09-22 00:00,False,pichoy,2026-09-26 00:00,96.0,0.38999998569488525,6.4,6.010000014305115,
2026-09-25,determinista,meteofrance_arpege_world,2026-09-22 00:00,False,zona_costa,2026-09-26 00:00,96.0,1.4175000190734863,0.35,1.0675000190734862,
2026-09-25,determinista,meteofrance_arpege_world,2026-09-22 00:00,False,zona_ciudad,2026-09-26 00:00,96.0,0.5099999904632568,1.1333333333333333,0.6233333428700765,
2026-09-25,determinista,meteofrance_arpege_world,2026-09-22 00:00,False,zona_interior,2026-09-26 00:00,96.0,0.38999998569488525,4.2,3.810000014305115,
2026-09-25,determinista,meteofrance_arpege_world,2026-09-22 00:00,False,austral,2026-09-26 06:00,102.0,0.0,3.3,3.3,
2026-09-25,determinista,meteofrance_arpege_world,2026-09-22 00:00,False,chaihuin,2026-09-26 06:00,102.0,0.0,0.0,0.0,
2026-09-25,determinista,meteofrance_arpege_world,2026-09-22 00:00,False,corral,2026-09-26 06:00,102.0,0.0,0.0,0.0,
2026-09-25,determinista,meteofrance_arpege_world,2026-09-22 00:00,False,corral_essal,2026-09-26 06:00,102.0,0.0,2.9000000000000004,2.9000000000000004,
2026-09-25,determinista,meteofrance_arpege_world,2026-09-22 00:00,False,curinanco,2026-09-26 06:00,102.0,0.0,1.3,1.3,
2026-09-25,determinista,meteofrance_arpege_world,2026-09-22 00:00,False,islateja,2026-09-26 06:00,102.0,0.0,2.4000000000000004,2.4000000000000004,
2026-09-25,determinista,meteofrance_arpege_world,2026-09-22 00:00,False,las_lomas,2026-09-26 06:00,102.0,0.0,0.6,0.6,
2026-09-25,determinista,meteofrance_arpege_world,2026-09-22 00:00,False,llancahue,2026-09-26 06:00,102.0,0.0,2.0,2.0,
2026-09-25,determinista,meteofrance_arpege_world,2026-09-22 00:00,False,pichoy,2026-09-26 06:00,102.0,0.0,1.5999999999999999,1.5999999999999999,
2026-09-25,determinista,meteofrance_arpege_world,2026-09-22 00:00,False,zona_costa,2026-09-26 06:00,102.0,0.0,1.05,1.05,
2026-09-25,determinista,meteofrance_arpege_world,2026-09-22 00:00,False,zona_ciudad,2026-09-26 06:00,102.0,0.0,2.566666666666667,2.566666666666667,
2026-09-25,determinista,meteofrance_arpege_world,2026-09-22 00:00,False,zona_interior,2026-09-26 06:00,102.0,0.0,1.0999999999999999,1.0999999999999999,
2026-09-25,determinista,meteofrance_arpege_world,2026-09-22 00:00,False,austral,2026-09-26 12:00,108.0,,2.2,,
2026-09-25,determinista,meteofrance_arpege_world,2026-09-22 00:00,False,chaihuin,2026-09-26 12:00,108.0,,4.3,,
2026-09-25,determinista,meteofrance_arpege_world,2026-09-22 00:00,False,corral,2026-09-26 12:00,108.0,,8.600000000000001,,
2026-09-25,determinista,meteofrance_arpege_world,2026-09-22 00:00,False,corral_essal,2026-09-26 12:00,108.0,,30.5,,
2026-09-25,determinista,meteofrance_arpege_world,2026-09-22 00:00,False,curinanco,2026-09-26 12:00,108.0,,2.8,,
2026-09-25,determinista,meteofrance_arpege_world,2026-09-22 00:00,False,islateja,2026-09-26 12:00,108.0,,2.6,,
2026-09-25,determinista,meteofrance_arpege_world,2026-09-22 00:00,False,las_lomas,2026-09-26 12:00,108.0,,0.4,,
2026-09-25,determinista,meteofrance_arpege_world,2026-09-22 00:00,False,llancahue,2026-09-26 12:00,108.0,,2.5,,
2026-09-25,determinista,meteofrance_arpege_world,2026-09-22 00:00,False,pichoy,2026-09-26 12:00,108.0,,0.8,,
2026-09-25,determinista,meteofrance_arpege_world,2026-09-22 00:00,False,zona_costa,2026-09-26 12:00,108.0,,11.55,,
2026-09-25,determinista,meteofrance_arpege_world,2026-09-22 00:00,False,zona_ciudad,2026-09-26 12:00,108.0,,2.433333333333333,,
2026-09-25,determinista,meteofrance_arpege_world,2026-09-22 00:00,False,zona_interior,2026-09-26 12:00,108.0,,0.6000000000000001,,
2026-09-25,determinista,meteofrance_arpege_world,2026-09-22 00:00,False,austral,2026-09-26 18:00,114.0,,6.9,,
2026-09-25,determinista,meteofrance_arpege_world,2026-09-22 00:00,False,chaihuin,2026-09-26 18:00,114.0,,25.3,,
2026-09-25,determinista,meteofrance_arpege_world,2026-09-22 00:00,False,corral,2026-09-26 18:00,114.0,,31.200000000000003,,
2026-09-25,determinista,meteofrance_arpege_world,2026-09-22 00:00,False,corral_essal,2026-09-26 18:00,114.0,,16.6,,
2026-09-25,determinista,meteofrance_arpege_world,2026-09-22 00:00,False,curinanco,2026-09-26 18:00,114.0,,13.100000000000001,,
2026-09-25,determinista,meteofrance_arpege_world,2026-09-22 00:00,False,islateja,2026-09-26 18:00,114.0,,10.5,,
2026-09-25,determinista,meteofrance_arpege_world,2026-09-22 00:00,False,las_lomas,2026-09-26 18:00,114.0,,1.2000000000000002,,
2026-09-25,determinista,meteofrance_arpege_world,2026-09-22 00:00,False,llancahue,2026-09-26 18:00,114.0,,13.899999999999999,,
2026-09-25,determinista,meteofrance_arpege_world,2026-09-22 00:00,False,pichoy,2026-09-26 18:00,114.0,,0.8,,
2026-09-25,determinista,meteofrance_arpege_world,2026-09-22 00:00,False,zona_costa,2026-09-26 18:00,114.0,,21.550000000000004,,
2026-09-25,determinista,meteofrance_arpege_world,2026-09-22 00:00,False,zona_ciudad,2026-09-26 18:00,114.0,,10.433333333333332,,
2026-09-25,determinista,meteofrance_arpege_world,2026-09-22 00:00,False,zona_interior,2026-09-26 18:00,114.0,,1.0,,
2026-09-25,determinista,meteofrance_arpege_world,2026-09-22 00:00,False,austral,2026-09-27 00:00,120.0,,9.7,,
2026-09-25,determinista,meteofrance_arpege_world,2026-09-22 00:00,False,chaihuin,2026-09-27 00:00,120.0,,21.3,,
2026-09-25,determinista,meteofrance_arpege_world,2026-09-22 00:00,False,corral,2026-09-27 00:00,120.0,,19.7,,
2026-09-25,determinista,meteofrance_arpege_world,2026-09-22 00:00,False,corral_essal,2026-09-27 00:00,120.0,,6.2,,
2026-09-25,determinista,meteofrance_arpege_world,2026-09-22 00:00,False,curinanco,2026-09-27 00:00,120.0,,14.7,,
2026-09-25,determinista,meteofrance_arpege_world,2026-09-22 00:00,False,islateja,2026-09-27 00:00,120.0,,7.699999999999999,,
2026-09-25,determinista,meteofrance_arpege_world,2026-09-22 00:00,False,las_lomas,2026-09-27 00:00,120.0,,0.9,,
2026-09-25,determinista,meteofrance_arpege_world,2026-09-22 00:00,False,llancahue,2026-09-27 00:00,120.0,,13.1,,
2026-09-25,determinista,meteofrance_arpege_world,2026-09-22 00:00,False,pichoy,2026-09-27 00:00,120.0,,0.4,,
2026-09-25,determinista,meteofrance_arpege_world,2026-09-22 00:00,False,zona_costa,2026-09-27 00:00,120.0,,15.475000000000001,,
2026-09-25,determinista,meteofrance_arpege_world,2026-09-22 00:00,False,zona_ciudad,2026-09-27 00:00,120.0,,10.166666666666666,,
2026-09-25,determinista,meteofrance_arpege_world,2026-09-22 00:00,False,zona_interior,2026-09-27 00:00,120.0,,0.65,,
2026-09-25,determinista,meteofrance_arpege_world,2026-09-22 12:00,False,austral,2026-09-26 00:00,84.0,2.0999999046325684,0.6,1.4999999046325683,
2026-09-25,determinista,meteofrance_arpege_world,2026-09-22 12:00,False,chaihuin,2026-09-26 00:00,84.0,0.8100000619888306,0.0,0.8100000619888306,
2026-09-25,determinista,meteofrance_arpege_world,2026-09-22 12:00,False,corral,2026-09-26 00:00,84.0,0.8100000619888306,0.0,0.8100000619888306,
2026-09-25,determinista,meteofrance_arpege_world,2026-09-22 12:00,False,corral_essal,2026-09-26 00:00,84.0,0.8100000619888306,0.0,0.8100000619888306,
2026-09-25,determinista,meteofrance_arpege_world,2026-09-22 12:00,False,curinanco,2026-09-26 00:00,84.0,1.5,1.4,0.10000000000000009,
2026-09-25,determinista,meteofrance_arpege_world,2026-09-22 12:00,False,islateja,2026-09-26 00:00,84.0,2.0999999046325684,1.6,0.49999990463256827,
2026-09-25,determinista,meteofrance_arpege_world,2026-09-22 12:00,False,las_lomas,2026-09-26 00:00,84.0,1.4100000858306885,2.0,0.5899999141693115,
2026-09-25,determinista,meteofrance_arpege_world,2026-09-22 12:00,False,llancahue,2026-09-26 00:00,84.0,2.0999999046325684,1.2,0.8999999046325684,
2026-09-25,determinista,meteofrance_arpege_world,2026-09-22 12:00,False,pichoy,2026-09-26 00:00,84.0,1.4100000858306885,6.4,4.989999914169312,
2026-09-25,determinista,meteofrance_arpege_world,2026-09-22 12:00,False,zona_costa,2026-09-26 00:00,84.0,0.9824999570846558,0.35,0.6324999570846558,
2026-09-25,determinista,meteofrance_arpege_world,2026-09-22 12:00,False,zona_ciudad,2026-09-26 00:00,84.0,2.0999999046325684,1.1333333333333333,0.9666665712992351,
2026-09-25,determinista,meteofrance_arpege_world,2026-09-22 12:00,False,zona_interior,2026-09-26 00:00,84.0,1.4100000858306885,4.2,2.7899999141693117,
2026-09-25,determinista,meteofrance_arpege_world,2026-09-22 12:00,False,austral,2026-09-26 06:00,90.0,0.08999999612569809,3.3,3.2100000038743017,
2026-09-25,determinista,meteofrance_arpege_world,2026-09-22 12:00,False,chaihuin,2026-09-26 06:00,90.0,0.21000000834465027,0.0,0.21000000834465027,
2026-09-25,determinista,meteofrance_arpege_world,2026-09-22 12:00,False,corral,2026-09-26 06:00,90.0,0.21000000834465027,0.0,0.21000000834465027,
2026-09-25,determinista,meteofrance_arpege_world,2026-09-22 12:00,False,corral_essal,2026-09-26 06:00,90.0,0.21000000834465027,2.9000000000000004,2.68999999165535,
2026-09-25,determinista,meteofrance_arpege_world,2026-09-22 12:00,False,curinanco,2026-09-26 06:00,90.0,0.08999999612569809,1.3,1.210000003874302,
2026-09-25,determinista,meteofrance_arpege_world,2026-09-22 12:00,False,islateja,2026-09-26 06:00,90.0,0.08999999612569809,2.4000000000000004,2.3100000038743023,
2026-09-25,determinista,meteofrance_arpege_world,2026-09-22 12:00,False,las_lomas,2026-09-26 06:00,90.0,0.21000000834465027,0.6,0.3899999916553497,
2026-09-25,determinista,meteofrance_arpege_world,2026-09-22 12:00,False,llancahue,2026-09-26 06:00,90.0,0.08999999612569809,2.0,1.910000003874302,
2026-09-25,determinista,meteofrance_arpege_world,2026-09-22 12:00,False,pichoy,2026-09-26 06:00,90.0,0.21000000834465027,1.5999999999999999,1.3899999916553496,
2026-09-25,determinista,meteofrance_arpege_world,2026-09-22 12:00,False,zona_costa,2026-09-26 06:00,90.0,0.18000000715255737,1.05,0.8699999928474427,
2026-09-25,determinista,meteofrance_arpege_world,2026-09-22 12:00,False,zona_ciudad,2026-09-26 06:00,90.0,0.08999999612569809,2.566666666666667,2.476666670540969,
2026-09-25,determinista,meteofrance_arpege_world,2026-09-22 12:00,False,zona_interior,2026-09-26 06:00,90.0,0.21000000834465027,1.0999999999999999,0.8899999916553496,
2026-09-25,determinista,meteofrance_arpege_world,2026-09-22 12:00,False,austral,2026-09-26 12:00,96.0,2.2200000286102295,2.2,0.020000028610229315,
2026-09-25,determinista,meteofrance_arpege_world,2026-09-22 12:00,False,chaihuin,2026-09-26 12:00,96.0,0.8999999761581421,4.3,3.4000000238418577,
2026-09-25,determinista,meteofrance_arpege_world,2026-09-22 12:00,False,corral,2026-09-26 12:00,96.0,0.8999999761581421,8.600000000000001,7.700000023841859,
2026-09-25,determinista,meteofrance_arpege_world,2026-09-22 12:00,False,corral_essal,2026-09-26 12:00,96.0,0.8999999761581421,30.5,29.600000023841858,
2026-09-25,determinista,meteofrance_arpege_world,2026-09-22 12:00,False,curinanco,2026-09-26 12:00,96.0,0.9000000357627869,2.8,1.899999964237213,
2026-09-25,determinista,meteofrance_arpege_world,2026-09-22 12:00,False,islateja,2026-09-26 12:00,96.0,2.2200000286102295,2.6,0.3799999713897706,
2026-09-25,determinista,meteofrance_arpege_world,2026-09-22 12:00,False,las_lomas,2026-09-26 12:00,96.0,4.289999961853027,0.4,3.8899999618530274,
2026-09-25,determinista,meteofrance_arpege_world,2026-09-22 12:00,False,llancahue,2026-09-26 12:00,96.0,2.2200000286102295,2.5,0.2799999713897705,
2026-09-25,determinista,meteofrance_arpege_world,2026-09-22 12:00,False,pichoy,2026-09-26 12:00,96.0,4.289999961853027,0.8,3.4899999618530275,
2026-09-25,determinista,meteofrance_arpege_world,2026-09-22 12:00,False,zona_costa,2026-09-26 12:00,96.0,0.8999999761581421,11.55,10.650000023841859,
2026-09-25,determinista,meteofrance_arpege_world,2026-09-22 12:00,False,zona_ciudad,2026-09-26 12:00,96.0,2.2200000286102295,2.433333333333333,0.21333330472310363,
2026-09-25,determinista,meteofrance_arpege_world,2026-09-22 12:00,False,zona_interior,2026-09-26 12:00,96.0,4.289999961853027,0.6000000000000001,3.6899999618530273,
2026-09-25,determinista,meteofrance_arpege_world,2026-09-22 12:00,False,austral,2026-09-26 18:00,102.0,0.6899999976158142,6.9,6.210000002384186,
2026-09-25,determinista,meteofrance_arpege_world,2026-09-22 12:00,False,chaihuin,2026-09-26 18:00,102.0,0.30000001192092896,25.3,24.99999998807907,
2026-09-25,determinista,meteofrance_arpege_world,2026-09-22 12:00,False,corral,2026-09-26 18:00,102.0,0.30000001192092896,31.200000000000003,30.899999988079074,
2026-09-25,determinista,meteofrance_arpege_world,2026-09-22 12:00,False,corral_essal,2026-09-26 18:00,102.0,0.30000001192092896,16.6,16.299999988079072,
2026-09-25,determinista,meteofrance_arpege_world,2026-09-22 12:00,False,curinanco,2026-09-26 18:00,102.0,0.9900000095367432,13.100000000000001,12.109999990463258,
2026-09-25,determinista,meteofrance_arpege_world,2026-09-22 12:00,False,islateja,2026-09-26 18:00,102.0,0.6899999976158142,10.5,9.810000002384186,
2026-09-25,determinista,meteofrance_arpege_world,2026-09-22 12:00,False,las_lomas,2026-09-26 18:00,102.0,1.5,1.2000000000000002,0.2999999999999998,
2026-09-25,determinista,meteofrance_arpege_world,2026-09-22 12:00,False,llancahue,2026-09-26 18:00,102.0,0.6899999976158142,13.899999999999999,13.210000002384184,
2026-09-25,determinista,meteofrance_arpege_world,2026-09-22 12:00,False,pichoy,2026-09-26 18:00,102.0,1.5,0.8,0.7,
2026-09-25,determinista,meteofrance_arpege_world,2026-09-22 12:00,False,zona_costa,2026-09-26 18:00,102.0,0.4724999666213989,21.550000000000004,21.077500033378605,
2026-09-25,determinista,meteofrance_arpege_world,2026-09-22 12:00,False,zona_ciudad,2026-09-26 18:00,102.0,0.6899999976158142,10.433333333333332,9.743333335717518,
2026-09-25,determinista,meteofrance_arpege_world,2026-09-22 12:00,False,zona_interior,2026-09-26 18:00,102.0,1.5,1.0,0.5,
2026-09-25,determinista,meteofrance_arpege_world,2026-09-22 12:00,False,austral,2026-09-27 00:00,108.0,,9.7,,
2026-09-25,determinista,meteofrance_arpege_world,2026-09-22 12:00,False,chaihuin,2026-09-27 00:00,108.0,,21.3,,
2026-09-25,determinista,meteofrance_arpege_world,2026-09-22 12:00,False,corral,2026-09-27 00:00,108.0,,19.7,,
2026-09-25,determinista,meteofrance_arpege_world,2026-09-22 12:00,False,corral_essal,2026-09-27 00:00,108.0,,6.2,,
2026-09-25,determinista,meteofrance_arpege_world,2026-09-22 12:00,False,curinanco,2026-09-27 00:00,108.0,,14.7,,
2026-09-25,determinista,meteofrance_arpege_world,2026-09-22 12:00,False,islateja,2026-09-27 00:00,108.0,,7.699999999999999,,
2026-09-25,determinista,meteofrance_arpege_world,2026-09-22 12:00,False,las_lomas,2026-09-27 00:00,108.0,,0.9,,
2026-09-25,determinista,meteofrance_arpege_world,2026-09-22 12:00,False,llancahue,2026-09-27 00:00,108.0,,13.1,,
2026-09-25,determinista,meteofrance_arpege_world,2026-09-22 12:00,False,pichoy,2026-09-27 00:00,108.0,,0.4,,
2026-09-25,determinista,meteofrance_arpege_world,2026-09-22 12:00,False,zona_costa,2026-09-27 00:00,108.0,,15.475000000000001,,
2026-09-25,determinista,meteofrance_arpege_world,2026-09-22 12:00,False,zona_ciudad,2026-09-27 00:00,108.0,,10.166666666666666,,
2026-09-25,determinista,meteofrance_arpege_world,2026-09-22 12:00,False,zona_interior,2026-09-27 00:00,108.0,,0.65,,
2026-09-25,determinista,meteofrance_arpege_world,2026-09-23 00:00,False,austral,2026-09-26 00:00,72.0,0.0,0.6,0.6,
2026-09-25,determinista,meteofrance_arpege_world,2026-09-23 00:00,False,chaihuin,2026-09-26 00:00,72.0,0.0,0.0,0.0,
2026-09-25,determinista,meteofrance_arpege_world,2026-09-23 00:00,False,corral,2026-09-26 00:00,72.0,0.0,0.0,0.0,
2026-09-25,determinista,meteofrance_arpege_world,2026-09-23 00:00,False,corral_essal,2026-09-26 00:00,72.0,0.0,0.0,0.0,
2026-09-25,determinista,meteofrance_arpege_world,2026-09-23 00:00,False,curinanco,2026-09-26 00:00,72.0,0.0,1.4,1.4,
2026-09-25,determinista,meteofrance_arpege_world,2026-09-23 00:00,False,islateja,2026-09-26 00:00,72.0,0.0,1.6,1.6,
2026-09-25,determinista,meteofrance_arpege_world,2026-09-23 00:00,False,las_lomas,2026-09-26 00:00,72.0,0.30000001192092896,2.0,1.699999988079071,
2026-09-25,determinista,meteofrance_arpege_world,2026-09-23 00:00,False,llancahue,2026-09-26 00:00,72.0,0.0,1.2,1.2,
2026-09-25,determinista,meteofrance_arpege_world,2026-09-23 00:00,False,pichoy,2026-09-26 00:00,72.0,0.30000001192092896,6.4,6.099999988079071,
2026-09-25,determinista,meteofrance_arpege_world,2026-09-23 00:00,False,zona_costa,2026-09-26 00:00,72.0,0.0,0.35,0.35,
2026-09-25,determinista,meteofrance_arpege_world,2026-09-23 00:00,False,zona_ciudad,2026-09-26 00:00,72.0,0.0,1.1333333333333333,1.1333333333333333,
2026-09-25,determinista,meteofrance_arpege_world,2026-09-23 00:00,False,zona_interior,2026-09-26 00:00,72.0,0.30000001192092896,4.2,3.8999999880790712,
2026-09-25,determinista,meteofrance_arpege_world,2026-09-23 00:00,False,austral,2026-09-26 06:00,78.0,0.0,3.3,3.3,
2026-09-25,determinista,meteofrance_arpege_world,2026-09-23 00:00,False,chaihuin,2026-09-26 06:00,78.0,0.08999999612569809,0.0,0.08999999612569809,
2026-09-25,determinista,meteofrance_arpege_world,2026-09-23 00:00,False,corral,2026-09-26 06:00,78.0,0.08999999612569809,0.0,0.08999999612569809,
2026-09-25,determinista,meteofrance_arpege_world,2026-09-23 00:00,False,corral_essal,2026-09-26 06:00,78.0,0.08999999612569809,2.9000000000000004,2.8100000038743023,
2026-09-25,determinista,meteofrance_arpege_world,2026-09-23 00:00,False,curinanco,2026-09-26 06:00,78.0,0.0,1.3,1.3,
2026-09-25,determinista,meteofrance_arpege_world,2026-09-23 00:00,False,islateja,2026-09-26 06:00,78.0,0.0,2.4000000000000004,2.4000000000000004,
2026-09-25,determinista,meteofrance_arpege_world,2026-09-23 00:00,False,las_lomas,2026-09-26 06:00,78.0,0.0,0.6,0.6,
2026-09-25,determinista,meteofrance_arpege_world,2026-09-23 00:00,False,llancahue,2026-09-26 06:00,78.0,0.0,2.0,2.0,
2026-09-25,determinista,meteofrance_arpege_world,2026-09-23 00:00,False,pichoy,2026-09-26 06:00,78.0,0.0,1.5999999999999999,1.5999999999999999,
2026-09-25,determinista,meteofrance_arpege_world,2026-09-23 00:00,False,zona_costa,2026-09-26 06:00,78.0,0.06749999523162842,1.05,0.9825000047683716,
2026-09-25,determinista,meteofrance_arpege_world,2026-09-23 00:00,False,zona_ciudad,2026-09-26 06:00,78.0,0.0,2.566666666666667,2.566666666666667,
2026-09-25,determinista,meteofrance_arpege_world,2026-09-23 00:00,False,zona_interior,2026-09-26 06:00,78.0,0.0,1.0999999999999999,1.0999999999999999,
2026-09-25,determinista,meteofrance_arpege_world,2026-09-23 00:00,False,austral,2026-09-26 12:00,84.0,0.0,2.2,2.2,
2026-09-25,determinista,meteofrance_arpege_world,2026-09-23 00:00,False,chaihuin,2026-09-26 12:00,84.0,0.21000000834465027,4.3,4.0899999916553496,
2026-09-25,determinista,meteofrance_arpege_world,2026-09-23 00:00,False,corral,2026-09-26 12:00,84.0,0.21000000834465027,8.600000000000001,8.389999991655351,
2026-09-25,determinista,meteofrance_arpege_world,2026-09-23 00:00,False,corral_essal,2026-09-26 12:00,84.0,0.21000000834465027,30.5,30.28999999165535,
2026-09-25,determinista,meteofrance_arpege_world,2026-09-23 00:00,False,curinanco,2026-09-26 12:00,84.0,0.0,2.8,2.8,
2026-09-25,determinista,meteofrance_arpege_world,2026-09-23 00:00,False,islateja,2026-09-26 12:00,84.0,0.0,2.6,2.6,
2026-09-25,determinista,meteofrance_arpege_world,2026-09-23 00:00,False,las_lomas,2026-09-26 12:00,84.0,0.0,0.4,0.4,
2026-09-25,determinista,meteofrance_arpege_world,2026-09-23 00:00,False,llancahue,2026-09-26 12:00,84.0,0.0,2.5,2.5,
2026-09-25,determinista,meteofrance_arpege_world,2026-09-23 00:00,False,pichoy,2026-09-26 12:00,84.0,0.0,0.8,0.8,
2026-09-25,determinista,meteofrance_arpege_world,2026-09-23 00:00,False,zona_costa,2026-09-26 12:00,84.0,0.1574999988079071,11.55,11.392500001192094,
2026-09-25,determinista,meteofrance_arpege_world,2026-09-23 00:00,False,zona_ciudad,2026-09-26 12:00,84.0,0.0,2.433333333333333,2.433333333333333,
2026-09-25,determinista,meteofrance_arpege_world,2026-09-23 00:00,False,zona_interior,2026-09-26 12:00,84.0,0.0,0.6000000000000001,0.6000000000000001,
2026-09-25,determinista,meteofrance_arpege_world,2026-09-23 00:00,False,austral,2026-09-26 18:00,90.0,0.21000000834465027,6.9,6.68999999165535,
2026-09-25,determinista,meteofrance_arpege_world,2026-09-23 00:00,False,chaihuin,2026-09-26 18:00,90.0,0.8100000023841858,25.3,24.489999997615815,
2026-09-25,determinista,meteofrance_arpege_world,2026-09-23 00:00,False,corral,2026-09-26 18:00,90.0,0.8100000023841858,31.200000000000003,30.389999997615817,
2026-09-25,determinista,meteofrance_arpege_world,2026-09-23 00:00,False,corral_essal,2026-09-26 18:00,90.0,0.8100000023841858,16.6,15.789999997615816,
2026-09-25,determinista,meteofrance_arpege_world,2026-09-23 00:00,False,curinanco,2026-09-26 18:00,90.0,0.30000001192092896,13.100000000000001,12.799999988079072,
2026-09-25,determinista,meteofrance_arpege_world,2026-09-23 00:00,False,islateja,2026-09-26 18:00,90.0,0.21000000834465027,10.5,10.28999999165535,
2026-09-25,determinista,meteofrance_arpege_world,2026-09-23 00:00,False,las_lomas,2026-09-26 18:00,90.0,0.38999998569488525,1.2000000000000002,0.8100000143051149,
2026-09-25,determinista,meteofrance_arpege_world,2026-09-23 00:00,False,llancahue,2026-09-26 18:00,90.0,0.21000000834465027,13.899999999999999,13.689999991655348,
2026-09-25,determinista,meteofrance_arpege_world,2026-09-23 00:00,False,pichoy,2026-09-26 18:00,90.0,0.38999998569488525,0.8,0.4100000143051148,
2026-09-25,determinista,meteofrance_arpege_world,2026-09-23 00:00,False,zona_costa,2026-09-26 18:00,90.0,0.6825000047683716,21.550000000000004,20.867499995231633,
2026-09-25,determinista,meteofrance_arpege_world,2026-09-23 00:00,False,zona_ciudad,2026-09-26 18:00,90.0,0.20999999344348907,10.433333333333332,10.223333339889843,
2026-09-25,determinista,meteofrance_arpege_world,2026-09-23 00:00,False,zona_interior,2026-09-26 18:00,90.0,0.38999998569488525,1.0,0.6100000143051147,
2026-09-25,determinista,meteofrance_arpege_world,2026-09-23 00:00,False,austral,2026-09-27 00:00,96.0,4.590000152587891,9.7,5.109999847412109,
2026-09-25,determinista,meteofrance_arpege_world,2026-09-23 00:00,False,chaihuin,2026-09-27 00:00,96.0,5.699999809265137,21.3,15.600000190734864,
2026-09-25,determinista,meteofrance_arpege_world,2026-09-23 00:00,False,corral,2026-09-27 00:00,96.0,5.699999809265137,19.7,14.000000190734863,
2026-09-25,determinista,meteofrance_arpege_world,2026-09-23 00:00,False,corral_essal,2026-09-27 00:00,96.0,5.699999809265137,6.2,0.5000001907348635,
2026-09-25,determinista,meteofrance_arpege_world,2026-09-23 00:00,False,curinanco,2026-09-27 00:00,96.0,5.309999942779541,14.7,9.390000057220458,
2026-09-25,determinista,meteofrance_arpege_world,2026-09-23 00:00,False,islateja,2026-09-27 00:00,96.0,4.590000152587891,7.699999999999999,3.1099998474121087,
2026-09-25,determinista,meteofrance_arpege_world,2026-09-23 00:00,False,las_lomas,2026-09-27 00:00,96.0,3.3899998664855957,0.9,2.489999866485596,
2026-09-25,determinista,meteofrance_arpege_world,2026-09-23 00:00,False,llancahue,2026-09-27 00:00,96.0,4.590000152587891,13.1,8.509999847412109,
2026-09-25,determinista,meteofrance_arpege_world,2026-09-23 00:00,False,pichoy,2026-09-27 00:00,96.0,3.3899998664855957,0.4,2.989999866485596,
2026-09-25,determinista,meteofrance_arpege_world,2026-09-23 00:00,False,zona_costa,2026-09-27 00:00,96.0,5.602499961853027,15.475000000000001,9.872500038146974,
2026-09-25,determinista,meteofrance_arpege_world,2026-09-23 00:00,False,zona_ciudad,2026-09-27 00:00,96.0,4.590000152587891,10.166666666666666,5.5766665140787754,
2026-09-25,determinista,meteofrance_arpege_world,2026-09-23 00:00,False,zona_interior,2026-09-27 00:00,96.0,3.3899998664855957,0.65,2.739999866485596,
2026-09-25,determinista,meteofrance_arpege_world,2026-09-23 12:00,False,austral,2026-09-26 00:00,60.0,0.39000001549720764,0.6,0.20999998450279234,
2026-09-25,determinista,meteofrance_arpege_world,2026-09-23 12:00,False,chaihuin,2026-09-26 00:00,60.0,1.2000000476837158,0.0,1.2000000476837158,
2026-09-25,determinista,meteofrance_arpege_world,2026-09-23 12:00,False,corral,2026-09-26 00:00,60.0,1.2000000476837158,0.0,1.2000000476837158,
2026-09-25,determinista,meteofrance_arpege_world,2026-09-23 12:00,False,corral_essal,2026-09-26 00:00,60.0,1.2000000476837158,0.0,1.2000000476837158,
2026-09-25,determinista,meteofrance_arpege_world,2026-09-23 12:00,False,curinanco,2026-09-26 00:00,60.0,0.6000000238418579,1.4,0.799999976158142,
2026-09-25,determinista,meteofrance_arpege_world,2026-09-23 12:00,False,islateja,2026-09-26 00:00,60.0,0.39000001549720764,1.6,1.2099999845027924,
2026-09-25,determinista,meteofrance_arpege_world,2026-09-23 12:00,False,las_lomas,2026-09-26 00:00,60.0,0.6000000238418579,2.0,1.399999976158142,
2026-09-25,determinista,meteofrance_arpege_world,2026-09-23 12:00,False,llancahue,2026-09-26 00:00,60.0,0.39000001549720764,1.2,0.8099999845027923,
2026-09-25,determinista,meteofrance_arpege_world,2026-09-23 12:00,False,pichoy,2026-09-26 00:00,60.0,0.6000000238418579,6.4,5.7999999761581424,
2026-09-25,determinista,meteofrance_arpege_world,2026-09-23 12:00,False,zona_costa,2026-09-26 00:00,60.0,1.0499999523162842,0.35,0.6999999523162842,
2026-09-25,determinista,meteofrance_arpege_world,2026-09-23 12:00,False,zona_ciudad,2026-09-26 00:00,60.0,0.39000001549720764,1.1333333333333333,0.7433333178361257,
2026-09-25,determinista,meteofrance_arpege_world,2026-09-23 12:00,False,zona_interior,2026-09-26 00:00,60.0,0.6000000238418579,4.2,3.5999999761581423,
2026-09-25,determinista,meteofrance_arpege_world,2026-09-23 12:00,False,austral,2026-09-26 06:00,66.0,0.0,3.3,3.3,
2026-09-25,determinista,meteofrance_arpege_world,2026-09-23 12:00,False,chaihuin,2026-09-26 06:00,66.0,0.0,0.0,0.0,
2026-09-25,determinista,meteofrance_arpege_world,2026-09-23 12:00,False,corral,2026-09-26 06:00,66.0,0.0,0.0,0.0,
2026-09-25,determinista,meteofrance_arpege_world,2026-09-23 12:00,False,corral_essal,2026-09-26 06:00,66.0,0.0,2.9000000000000004,2.9000000000000004,
2026-09-25,determinista,meteofrance_arpege_world,2026-09-23 12:00,False,curinanco,2026-09-26 06:00,66.0,0.30000001192092896,1.3,0.9999999880790711,
2026-09-25,determinista,meteofrance_arpege_world,2026-09-23 12:00,False,islateja,2026-09-26 06:00,66.0,0.0,2.4000000000000004,2.4000000000000004,
2026-09-25,determinista,meteofrance_arpege_world,2026-09-23 12:00,False,las_lomas,2026-09-26 06:00,66.0,0.0,0.6,0.6,
2026-09-25,determinista,meteofrance_arpege_world,2026-09-23 12:00,False,llancahue,2026-09-26 06:00,66.0,0.0,2.0,2.0,
2026-09-25,determinista,meteofrance_arpege_world,2026-09-23 12:00,False,pichoy,2026-09-26 06:00,66.0,0.0,1.5999999999999999,1.5999999999999999,
2026-09-25,determinista,meteofrance_arpege_world,2026-09-23 12:00,False,zona_costa,2026-09-26 06:00,66.0,0.07500000298023224,1.05,0.9749999970197678,
2026-09-25,determinista,meteofrance_arpege_world,2026-09-23 12:00,False,zona_ciudad,2026-09-26 06:00,66.0,0.0,2.566666666666667,2.566666666666667,
2026-09-25,determinista,meteofrance_arpege_world,2026-09-23 12:00,False,zona_interior,2026-09-26 06:00,66.0,0.0,1.0999999999999999,1.0999999999999999,
2026-09-25,determinista,meteofrance_arpege_world,2026-09-23 12:00,False,austral,2026-09-26 12:00,72.0,1.2000000476837158,2.2,0.9999999523162844,
2026-09-25,determinista,meteofrance_arpege_world,2026-09-23 12:00,False,chaihuin,2026-09-26 12:00,72.0,4.590000152587891,4.3,0.2900001525878908,
2026-09-25,determinista,meteofrance_arpege_world,2026-09-23 12:00,False,corral,2026-09-26 12:00,72.0,4.590000152587891,8.600000000000001,4.009999847412111,
2026-09-25,determinista,meteofrance_arpege_world,2026-09-23 12:00,False,corral_essal,2026-09-26 12:00,72.0,4.590000152587891,30.5,25.90999984741211,
2026-09-25,determinista,meteofrance_arpege_world,2026-09-23 12:00,False,curinanco,2026-09-26 12:00,72.0,3.2100000381469727,2.8,0.41000003814697283,
2026-09-25,determinista,meteofrance_arpege_world,2026-09-23 12:00,False,islateja,2026-09-26 12:00,72.0,1.2000000476837158,2.6,1.3999999523162843,
2026-09-25,determinista,meteofrance_arpege_world,2026-09-23 12:00,False,las_lomas,2026-09-26 12:00,72.0,1.3200000524520874,0.4,0.9200000524520874,
2026-09-25,determinista,meteofrance_arpege_world,2026-09-23 12:00,False,llancahue,2026-09-26 12:00,72.0,1.2000000476837158,2.5,1.2999999523162842,
2026-09-25,determinista,meteofrance_arpege_world,2026-09-23 12:00,False,pichoy,2026-09-26 12:00,72.0,1.3200000524520874,0.8,0.5200000524520874,
2026-09-25,determinista,meteofrance_arpege_world,2026-09-23 12:00,False,zona_costa,2026-09-26 12:00,72.0,4.244999885559082,11.55,7.305000114440919,
2026-09-25,determinista,meteofrance_arpege_world,2026-09-23 12:00,False,zona_ciudad,2026-09-26 12:00,72.0,1.2000000476837158,2.433333333333333,1.2333332856496173,
2026-09-25,determinista,meteofrance_arpege_world,2026-09-23 12:00,False,zona_interior,2026-09-26 12:00,72.0,1.3200000524520874,0.6000000000000001,0.7200000524520873,
2026-09-25,determinista,meteofrance_arpege_world,2026-09-23 12:00,False,austral,2026-09-26 18:00,78.0,1.4100000858306885,6.9,5.489999914169312,
2026-09-25,determinista,meteofrance_arpege_world,2026-09-23 12:00,False,chaihuin,2026-09-26 18:00,78.0,5.789999961853027,25.3,19.510000038146973,
2026-09-25,determinista,meteofrance_arpege_world,2026-09-23 12:00,False,corral,2026-09-26 18:00,78.0,5.789999961853027,31.200000000000003,25.410000038146975,
2026-09-25,determinista,meteofrance_arpege_world,2026-09-23 12:00,False,corral_essal,2026-09-26 18:00,78.0,5.789999961853027,16.6,10.810000038146974,
2026-09-25,determinista,meteofrance_arpege_world,2026-09-23 12:00,False,curinanco,2026-09-26 18:00,78.0,3.179999828338623,13.100000000000001,9.920000171661378,
2026-09-25,determinista,meteofrance_arpege_world,2026-09-23 12:00,False,islateja,2026-09-26 18:00,78.0,1.4100000858306885,10.5,9.089999914169312,
2026-09-25,determinista,meteofrance_arpege_world,2026-09-23 12:00,False,las_lomas,2026-09-26 18:00,78.0,0.21000000834465027,1.2000000000000002,0.9899999916553499,
2026-09-25,determinista,meteofrance_arpege_world,2026-09-23 12:00,False,llancahue,2026-09-26 18:00,78.0,1.4100000858306885,13.899999999999999,12.48999991416931,
2026-09-25,determinista,meteofrance_arpege_world,2026-09-23 12:00,False,pichoy,2026-09-26 18:00,78.0,0.21000000834465027,0.8,0.5899999916553498,
2026-09-25,determinista,meteofrance_arpege_world,2026-09-23 12:00,False,zona_costa,2026-09-26 18:00,78.0,5.137499809265137,21.550000000000004,16.412500190734868,
2026-09-25,determinista,meteofrance_arpege_world,2026-09-23 12:00,False,zona_ciudad,2026-09-26 18:00,78.0,1.410000205039978,10.433333333333332,9.023333128293354,
2026-09-25,determinista,meteofrance_arpege_world,2026-09-23 12:00,False,zona_interior,2026-09-26 18:00,78.0,0.21000000834465027,1.0,0.7899999916553497,
2026-09-25,determinista,meteofrance_arpege_world,2026-09-23 12:00,False,austral,2026-09-27 00:00,84.0,5.579999923706055,9.7,4.120000076293945,
2026-09-25,determinista,meteofrance_arpege_world,2026-09-23 12:00,False,chaihuin,2026-09-27 00:00,84.0,10.619999885559082,21.3,10.680000114440919,
2026-09-25,determinista,meteofrance_arpege_world,2026-09-23 12:00,False,corral,2026-09-27 00:00,84.0,10.619999885559082,19.7,9.080000114440917,
2026-09-25,determinista,meteofrance_arpege_world,2026-09-23 12:00,False,corral_essal,2026-09-27 00:00,84.0,10.619999885559082,6.2,4.419999885559082,
2026-09-25,determinista,meteofrance_arpege_world,2026-09-23 12:00,False,curinanco,2026-09-27 00:00,84.0,9.0,14.7,5.699999999999999,
2026-09-25,determinista,meteofrance_arpege_world,2026-09-23 12:00,False,islateja,2026-09-27 00:00,84.0,5.579999923706055,7.699999999999999,2.1200000762939446,
2026-09-25,determinista,meteofrance_arpege_world,2026-09-23 12:00,False,las_lomas,2026-09-27 00:00,84.0,3.509999990463257,0.9,2.609999990463257,
2026-09-25,determinista,meteofrance_arpege_world,2026-09-23 12:00,False,llancahue,2026-09-27 00:00,84.0,5.579999923706055,13.1,7.520000076293945,
2026-09-25,determinista,meteofrance_arpege_world,2026-09-23 12:00,False,pichoy,2026-09-27 00:00,84.0,3.509999990463257,0.4,3.109999990463257,
2026-09-25,determinista,meteofrance_arpege_world,2026-09-23 12:00,False,zona_costa,2026-09-27 00:00,84.0,10.214999198913574,15.475000000000001,5.260000801086427,
2026-09-25,determinista,meteofrance_arpege_world,2026-09-23 12:00,False,zona_ciudad,2026-09-27 00:00,84.0,5.579999923706055,10.166666666666666,4.586666742960611,
2026-09-25,determinista,meteofrance_arpege_world,2026-09-23 12:00,False,zona_interior,2026-09-27 00:00,84.0,3.509999990463257,0.65,2.859999990463257,
2026-09-25,determinista,meteofrance_arpege_world,2026-09-24 00:00,False,austral,2026-09-26 00:00,48.0,0.20000000298023224,0.6,0.39999999701976774,
2026-09-25,determinista,meteofrance_arpege_world,2026-09-24 00:00,False,chaihuin,2026-09-26 00:00,48.0,1.2000000476837158,0.0,1.2000000476837158,
2026-09-25,determinista,meteofrance_arpege_world,2026-09-24 00:00,False,corral,2026-09-26 00:00,48.0,1.2000000476837158,0.0,1.2000000476837158,
2026-09-25,determinista,meteofrance_arpege_world,2026-09-24 00:00,False,corral_essal,2026-09-26 00:00,48.0,1.2000000476837158,0.0,1.2000000476837158,
2026-09-25,determinista,meteofrance_arpege_world,2026-09-24 00:00,False,curinanco,2026-09-26 00:00,48.0,0.5,1.4,0.8999999999999999,
2026-09-25,determinista,meteofrance_arpege_world,2026-09-24 00:00,False,islateja,2026-09-26 00:00,48.0,0.20000000298023224,1.6,1.3999999970197679,
2026-09-25,determinista,meteofrance_arpege_world,2026-09-24 00:00,False,las_lomas,2026-09-26 00:00,48.0,0.4000000059604645,2.0,1.5999999940395355,
2026-09-25,determinista,meteofrance_arpege_world,2026-09-24 00:00,False,llancahue,2026-09-26 00:00,48.0,0.20000000298023224,1.2,0.9999999970197677,
2026-09-25,determinista,meteofrance_arpege_world,2026-09-24 00:00,False,pichoy,2026-09-26 00:00,48.0,0.4000000059604645,6.4,5.999999994039536,
2026-09-25,determinista,meteofrance_arpege_world,2026-09-24 00:00,False,zona_costa,2026-09-26 00:00,48.0,1.0250000953674316,0.35,0.6750000953674317,
2026-09-25,determinista,meteofrance_arpege_world,2026-09-24 00:00,False,zona_ciudad,2026-09-26 00:00,48.0,0.20000000298023224,1.1333333333333333,0.9333333303531011,
2026-09-25,determinista,meteofrance_arpege_world,2026-09-24 00:00,False,zona_interior,2026-09-26 00:00,48.0,0.4000000059604645,4.2,3.7999999940395357,
2026-09-25,determinista,meteofrance_arpege_world,2026-09-24 00:00,False,austral,2026-09-26 06:00,54.0,0.0,3.3,3.3,
2026-09-25,determinista,meteofrance_arpege_world,2026-09-24 00:00,False,chaihuin,2026-09-26 06:00,54.0,0.17999999225139618,0.0,0.17999999225139618,
2026-09-25,determinista,meteofrance_arpege_world,2026-09-24 00:00,False,corral,2026-09-26 06:00,54.0,0.17999999225139618,0.0,0.17999999225139618,
2026-09-25,determinista,meteofrance_arpege_world,2026-09-24 00:00,False,corral_essal,2026-09-26 06:00,54.0,0.17999999225139618,2.9000000000000004,2.720000007748604,
2026-09-25,determinista,meteofrance_arpege_world,2026-09-24 00:00,False,curinanco,2026-09-26 06:00,54.0,0.0,1.3,1.3,
2026-09-25,determinista,meteofrance_arpege_world,2026-09-24 00:00,False,islateja,2026-09-26 06:00,54.0,0.0,2.4000000000000004,2.4000000000000004,
2026-09-25,determinista,meteofrance_arpege_world,2026-09-24 00:00,False,las_lomas,2026-09-26 06:00,54.0,0.0,0.6,0.6,
2026-09-25,determinista,meteofrance_arpege_world,2026-09-24 00:00,False,llancahue,2026-09-26 06:00,54.0,0.0,2.0,2.0,
2026-09-25,determinista,meteofrance_arpege_world,2026-09-24 00:00,False,pichoy,2026-09-26 06:00,54.0,0.0,1.5999999999999999,1.5999999999999999,
2026-09-25,determinista,meteofrance_arpege_world,2026-09-24 00:00,False,zona_costa,2026-09-26 06:00,54.0,0.13499999046325684,1.05,0.9150000095367432,
2026-09-25,determinista,meteofrance_arpege_world,2026-09-24 00:00,False,zona_ciudad,2026-09-26 06:00,54.0,0.0,2.566666666666667,2.566666666666667,
2026-09-25,determinista,meteofrance_arpege_world,2026-09-24 00:00,False,zona_interior,2026-09-26 06:00,54.0,0.0,1.0999999999999999,1.0999999999999999,
2026-09-25,determinista,meteofrance_arpege_world,2026-09-24 00:00,False,austral,2026-09-26 12:00,60.0,0.0,2.2,2.2,
2026-09-25,determinista,meteofrance_arpege_world,2026-09-24 00:00,False,chaihuin,2026-09-26 12:00,60.0,0.08999999612569809,4.3,4.210000003874302,
2026-09-25,determinista,meteofrance_arpege_world,2026-09-24 00:00,False,corral,2026-09-26 12:00,60.0,0.08999999612569809,8.600000000000001,8.510000003874303,
2026-09-25,determinista,meteofrance_arpege_world,2026-09-24 00:00,False,corral_essal,2026-09-26 12:00,60.0,0.08999999612569809,30.5,30.410000003874302,
2026-09-25,determinista,meteofrance_arpege_world,2026-09-24 00:00,False,curinanco,2026-09-26 12:00,60.0,0.0,2.8,2.8,
2026-09-25,determinista,meteofrance_arpege_world,2026-09-24 00:00,False,islateja,2026-09-26 12:00,60.0,0.0,2.6,2.6,
2026-09-25,determinista,meteofrance_arpege_world,2026-09-24 00:00,False,las_lomas,2026-09-26 12:00,60.0,0.0,0.4,0.4,
2026-09-25,determinista,meteofrance_arpege_world,2026-09-24 00:00,False,llancahue,2026-09-26 12:00,60.0,0.0,2.5,2.5,
2026-09-25,determinista,meteofrance_arpege_world,2026-09-24 00:00,False,pichoy,2026-09-26 12:00,60.0,0.0,0.8,0.8,
2026-09-25,determinista,meteofrance_arpege_world,2026-09-24 00:00,False,zona_costa,2026-09-26 12:00,60.0,0.06749999523162842,11.55,11.482500004768372,
2026-09-25,determinista,meteofrance_arpege_world,2026-09-24 00:00,False,zona_ciudad,2026-09-26 12:00,60.0,0.0,2.433333333333333,2.433333333333333,
2026-09-25,determinista,meteofrance_arpege_world,2026-09-24 00:00,False,zona_interior,2026-09-26 12:00,60.0,0.0,0.6000000000000001,0.6000000000000001,
2026-09-25,determinista,meteofrance_arpege_world,2026-09-24 00:00,False,austral,2026-09-26 18:00,66.0,0.30000001192092896,6.9,6.599999988079071,
2026-09-25,determinista,meteofrance_arpege_world,2026-09-24 00:00,False,chaihuin,2026-09-26 18:00,66.0,3.3899998664855957,25.3,21.910000133514405,
2026-09-25,determinista,meteofrance_arpege_world,2026-09-24 00:00,False,corral,2026-09-26 18:00,66.0,3.3899998664855957,31.200000000000003,27.810000133514407,
2026-09-25,determinista,meteofrance_arpege_world,2026-09-24 00:00,False,corral_essal,2026-09-26 18:00,66.0,3.3899998664855957,16.6,13.210000133514406,
2026-09-25,determinista,meteofrance_arpege_world,2026-09-24 00:00,False,curinanco,2026-09-26 18:00,66.0,1.4100000858306885,13.100000000000001,11.689999914169313,
2026-09-25,determinista,meteofrance_arpege_world,2026-09-24 00:00,False,islateja,2026-09-26 18:00,66.0,0.30000001192092896,10.5,10.199999988079071,
2026-09-25,determinista,meteofrance_arpege_world,2026-09-24 00:00,False,las_lomas,2026-09-26 18:00,66.0,0.0,1.2000000000000002,1.2000000000000002,
2026-09-25,determinista,meteofrance_arpege_world,2026-09-24 00:00,False,llancahue,2026-09-26 18:00,66.0,0.30000001192092896,13.899999999999999,13.59999998807907,
2026-09-25,determinista,meteofrance_arpege_world,2026-09-24 00:00,False,pichoy,2026-09-26 18:00,66.0,0.0,0.8,0.8,
2026-09-25,determinista,meteofrance_arpege_world,2026-09-24 00:00,False,zona_costa,2026-09-26 18:00,66.0,2.8949999809265137,21.550000000000004,18.65500001907349,
2026-09-25,determinista,meteofrance_arpege_world,2026-09-24 00:00,False,zona_ciudad,2026-09-26 18:00,66.0,0.30000001192092896,10.433333333333332,10.133333321412403,
2026-09-25,determinista,meteofrance_arpege_world,2026-09-24 00:00,False,zona_interior,2026-09-26 18:00,66.0,0.0,1.0,1.0,
2026-09-25,determinista,meteofrance_arpege_world,2026-09-24 00:00,False,austral,2026-09-27 00:00,72.0,4.380000114440918,9.7,5.319999885559081,
2026-09-25,determinista,meteofrance_arpege_world,2026-09-24 00:00,False,chaihuin,2026-09-27 00:00,72.0,8.90999984741211,21.3,12.390000152587891,
2026-09-25,determinista,meteofrance_arpege_world,2026-09-24 00:00,False,corral,2026-09-27 00:00,72.0,8.90999984741211,19.7,10.79000015258789,
2026-09-25,determinista,meteofrance_arpege_world,2026-09-24 00:00,False,corral_essal,2026-09-27 00:00,72.0,8.90999984741211,6.2,2.709999847412109,
2026-09-25,determinista,meteofrance_arpege_world,2026-09-24 00:00,False,curinanco,2026-09-27 00:00,72.0,6.690000057220459,14.7,8.00999994277954,
2026-09-25,determinista,meteofrance_arpege_world,2026-09-24 00:00,False,islateja,2026-09-27 00:00,72.0,4.380000114440918,7.699999999999999,3.3199998855590813,
2026-09-25,determinista,meteofrance_arpege_world,2026-09-24 00:00,False,las_lomas,2026-09-27 00:00,72.0,2.700000047683716,0.9,1.800000047683716,
2026-09-25,determinista,meteofrance_arpege_world,2026-09-24 00:00,False,llancahue,2026-09-27 00:00,72.0,4.380000114440918,13.1,8.719999885559082,
2026-09-25,determinista,meteofrance_arpege_world,2026-09-24 00:00,False,pichoy,2026-09-27 00:00,72.0,2.700000047683716,0.4,2.300000047683716,
2026-09-25,determinista,meteofrance_arpege_world,2026-09-24 00:00,False,zona_costa,2026-09-27 00:00,72.0,8.354999542236328,15.475000000000001,7.120000457763673,
2026-09-25,determinista,meteofrance_arpege_world,2026-09-24 00:00,False,zona_ciudad,2026-09-27 00:00,72.0,4.380000114440918,10.166666666666666,5.786666552225748,
2026-09-25,determinista,meteofrance_arpege_world,2026-09-24 00:00,False,zona_interior,2026-09-27 00:00,72.0,2.700000047683716,0.65,2.050000047683716,
2026-09-25,determinista,meteofrance_arpege_world,2026-09-24 12:00,False,austral,2026-09-26 00:00,36.0,0.699999988079071,0.6,0.09999998807907107,
2026-09-25,determinista,meteofrance_arpege_world,2026-09-24 12:00,False,chaihuin,2026-09-26 00:00,36.0,2.0,0.0,2.0,
2026-09-25,determinista,meteofrance_arpege_world,2026-09-24 12:00,False,corral,2026-09-26 00:00,36.0,2.0,0.0,2.0,
2026-09-25,determinista,meteofrance_arpege_world,2026-09-24 12:00,False,corral_essal,2026-09-26 00:00,36.0,2.0,0.0,2.0,
2026-09-25,determinista,meteofrance_arpege_world,2026-09-24 12:00,False,curinanco,2026-09-26 00:00,36.0,2.0,1.4,0.6000000000000001,
2026-09-25,determinista,meteofrance_arpege_world,2026-09-24 12:00,False,islateja,2026-09-26 00:00,36.0,0.699999988079071,1.6,0.900000011920929,
2026-09-25,determinista,meteofrance_arpege_world,2026-09-24 12:00,False,las_lomas,2026-09-26 00:00,36.0,1.3000000715255737,2.0,0.6999999284744263,
2026-09-25,determinista,meteofrance_arpege_world,2026-09-24 12:00,False,llancahue,2026-09-26 00:00,36.0,0.699999988079071,1.2,0.5000000119209289,
2026-09-25,determinista,meteofrance_arpege_world,2026-09-24 12:00,False,pichoy,2026-09-26 00:00,36.0,1.3000000715255737,6.4,5.099999928474427,
2026-09-25,determinista,meteofrance_arpege_world,2026-09-24 12:00,False,zona_costa,2026-09-26 00:00,36.0,2.0,0.35,1.65,
2026-09-25,determinista,meteofrance_arpege_world,2026-09-24 12:00,False,zona_ciudad,2026-09-26 00:00,36.0,0.699999988079071,1.1333333333333333,0.43333334525426226,
2026-09-25,determinista,meteofrance_arpege_world,2026-09-24 12:00,False,zona_interior,2026-09-26 00:00,36.0,1.3000000715255737,4.2,2.8999999284744264,
2026-09-25,determinista,meteofrance_arpege_world,2026-09-24 12:00,False,austral,2026-09-26 06:00,42.0,0.30000001192092896,3.3,2.999999988079071,
2026-09-25,determinista,meteofrance_arpege_world,2026-09-24 12:00,False,chaihuin,2026-09-26 06:00,42.0,0.699999988079071,0.0,0.699999988079071,
2026-09-25,determinista,meteofrance_arpege_world,2026-09-24 12:00,False,corral,2026-09-26 06:00,42.0,0.699999988079071,0.0,0.699999988079071,
2026-09-25,determinista,meteofrance_arpege_world,2026-09-24 12:00,False,corral_essal,2026-09-26 06:00,42.0,0.699999988079071,2.9000000000000004,2.2000000119209293,
2026-09-25,determinista,meteofrance_arpege_world,2026-09-24 12:00,False,curinanco,2026-09-26 06:00,42.0,0.800000011920929,1.3,0.4999999880790711,
2026-09-25,determinista,meteofrance_arpege_world,2026-09-24 12:00,False,islateja,2026-09-26 06:00,42.0,0.30000001192092896,2.4000000000000004,2.0999999880790714,
2026-09-25,determinista,meteofrance_arpege_world,2026-09-24 12:00,False,las_lomas,2026-09-26 06:00,42.0,0.20000000298023224,0.6,0.39999999701976774,
2026-09-25,determinista,meteofrance_arpege_world,2026-09-24 12:00,False,llancahue,2026-09-26 06:00,42.0,0.30000001192092896,2.0,1.699999988079071,
2026-09-25,determinista,meteofrance_arpege_world,2026-09-24 12:00,False,pichoy,2026-09-26 06:00,42.0,0.20000000298023224,1.5999999999999999,1.3999999970197676,
2026-09-25,determinista,meteofrance_arpege_world,2026-09-24 12:00,False,zona_costa,2026-09-26 06:00,42.0,0.7250000238418579,1.05,0.32499997615814213,
2026-09-25,determinista,meteofrance_arpege_world,2026-09-24 12:00,False,zona_ciudad,2026-09-26 06:00,42.0,0.30000001192092896,2.566666666666667,2.266666654745738,
2026-09-25,determinista,meteofrance_arpege_world,2026-09-24 12:00,False,zona_interior,2026-09-26 06:00,42.0,0.20000000298023224,1.0999999999999999,0.8999999970197676,
2026-09-25,determinista,meteofrance_arpege_world,2026-09-24 12:00,False,austral,2026-09-26 12:00,48.0,0.800000011920929,2.2,1.3999999880790712,
2026-09-25,determinista,meteofrance_arpege_world,2026-09-24 12:00,False,chaihuin,2026-09-26 12:00,48.0,0.4000000059604645,4.3,3.8999999940395353,
2026-09-25,determinista,meteofrance_arpege_world,2026-09-24 12:00,False,corral,2026-09-26 12:00,48.0,0.4000000059604645,8.600000000000001,8.199999994039537,
2026-09-25,determinista,meteofrance_arpege_world,2026-09-24 12:00,False,corral_essal,2026-09-26 12:00,48.0,0.4000000059604645,30.5,30.099999994039536,
2026-09-25,determinista,meteofrance_arpege_world,2026-09-24 12:00,False,curinanco,2026-09-26 12:00,48.0,0.5,2.8,2.3,
2026-09-25,determinista,meteofrance_arpege_world,2026-09-24 12:00,False,islateja,2026-09-26 12:00,48.0,0.800000011920929,2.6,1.7999999880790711,
2026-09-25,determinista,meteofrance_arpege_world,2026-09-24 12:00,False,las_lomas,2026-09-26 12:00,48.0,1.3000000715255737,0.4,0.9000000715255737,
2026-09-25,determinista,meteofrance_arpege_world,2026-09-24 12:00,False,llancahue,2026-09-26 12:00,48.0,0.800000011920929,2.5,1.699999988079071,
2026-09-25,determinista,meteofrance_arpege_world,2026-09-24 12:00,False,pichoy,2026-09-26 12:00,48.0,1.3000000715255737,0.8,0.5000000715255737,
2026-09-25,determinista,meteofrance_arpege_world,2026-09-24 12:00,False,zona_costa,2026-09-26 12:00,48.0,0.42499998211860657,11.55,11.125000017881394,
2026-09-25,determinista,meteofrance_arpege_world,2026-09-24 12:00,False,zona_ciudad,2026-09-26 12:00,48.0,0.800000011920929,2.433333333333333,1.6333333214124042,
2026-09-25,determinista,meteofrance_arpege_world,2026-09-24 12:00,False,zona_interior,2026-09-26 12:00,48.0,1.3000000715255737,0.6000000000000001,0.7000000715255736,
2026-09-25,determinista,meteofrance_arpege_world,2026-09-24 12:00,False,austral,2026-09-26 18:00,54.0,0.30000001192092896,6.9,6.599999988079071,
2026-09-25,determinista,meteofrance_arpege_world,2026-09-24 12:00,False,chaihuin,2026-09-26 18:00,54.0,1.7100000381469727,25.3,23.589999961853028,
2026-09-25,determinista,meteofrance_arpege_world,2026-09-24 12:00,False,corral,2026-09-26 18:00,54.0,1.7100000381469727,31.200000000000003,29.48999996185303,
2026-09-25,determinista,meteofrance_arpege_world,2026-09-24 12:00,False,corral_essal,2026-09-26 18:00,54.0,1.7100000381469727,16.6,14.889999961853029,
2026-09-25,determinista,meteofrance_arpege_world,2026-09-24 12:00,False,curinanco,2026-09-26 18:00,54.0,0.47999998927116394,13.100000000000001,12.620000010728837,
2026-09-25,determinista,meteofrance_arpege_world,2026-09-24 12:00,False,islateja,2026-09-26 18:00,54.0,0.30000001192092896,10.5,10.199999988079071,
2026-09-25,determinista,meteofrance_arpege_world,2026-09-24 12:00,False,las_lomas,2026-09-26 18:00,54.0,0.6000000238418579,1.2000000000000002,0.5999999761581423,
2026-09-25,determinista,meteofrance_arpege_world,2026-09-24 12:00,False,llancahue,2026-09-26 18:00,54.0,0.30000001192092896,13.899999999999999,13.59999998807907,
2026-09-25,determinista,meteofrance_arpege_world,2026-09-24 12:00,False,pichoy,2026-09-26 18:00,54.0,0.6000000238418579,0.8,0.19999997615814213,
2026-09-25,determinista,meteofrance_arpege_world,2026-09-24 12:00,False,zona_costa,2026-09-26 18:00,54.0,1.402500033378601,21.550000000000004,20.147499966621403,
2026-09-25,determinista,meteofrance_arpege_world,2026-09-24 12:00,False,zona_ciudad,2026-09-26 18:00,54.0,0.30000001192092896,10.433333333333332,10.133333321412403,
2026-09-25,determinista,meteofrance_arpege_world,2026-09-24 12:00,False,zona_interior,2026-09-26 18:00,54.0,0.6000000238418579,1.0,0.3999999761581421,
2026-09-25,determinista,meteofrance_arpege_world,2026-09-24 12:00,False,austral,2026-09-27 00:00,60.0,1.679999828338623,9.7,8.020000171661376,
2026-09-25,determinista,meteofrance_arpege_world,2026-09-24 12:00,False,chaihuin,2026-09-27 00:00,60.0,4.710000038146973,21.3,16.589999961853028,
2026-09-25,determinista,meteofrance_arpege_world,2026-09-24 12:00,False,corral,2026-09-27 00:00,60.0,4.710000038146973,19.7,14.989999961853027,
2026-09-25,determinista,meteofrance_arpege_world,2026-09-24 12:00,False,corral_essal,2026-09-27 00:00,60.0,4.710000038146973,6.2,1.4899999618530275,
2026-09-25,determinista,meteofrance_arpege_world,2026-09-24 12:00,False,curinanco,2026-09-27 00:00,60.0,3.509999990463257,14.7,11.190000009536742,
2026-09-25,determinista,meteofrance_arpege_world,2026-09-24 12:00,False,islateja,2026-09-27 00:00,60.0,1.679999828338623,7.699999999999999,6.020000171661376,
2026-09-25,determinista,meteofrance_arpege_world,2026-09-24 12:00,False,las_lomas,2026-09-27 00:00,60.0,1.6200000047683716,0.9,0.7200000047683716,
2026-09-25,determinista,meteofrance_arpege_world,2026-09-24 12:00,False,llancahue,2026-09-27 00:00,60.0,1.679999828338623,13.1,11.420000171661377,
2026-09-25,determinista,meteofrance_arpege_world,2026-09-24 12:00,False,pichoy,2026-09-27 00:00,60.0,1.6200000047683716,0.4,1.2200000047683717,
2026-09-25,determinista,meteofrance_arpege_world,2026-09-24 12:00,False,zona_costa,2026-09-27 00:00,60.0,4.409999847412109,15.475000000000001,11.065000152587892,
2026-09-25,determinista,meteofrance_arpege_world,2026-09-24 12:00,False,zona_ciudad,2026-09-27 00:00,60.0,1.679999828338623,10.166666666666666,8.486666838328043,
2026-09-25,determinista,meteofrance_arpege_world,2026-09-24 12:00,False,zona_interior,2026-09-27 00:00,60.0,1.6200000047683716,0.65,0.9700000047683716,
2026-09-25,determinista,meteofrance_arpege_world,2026-09-25 00:00,False,austral,2026-09-26 00:00,24.0,0.699999988079071,0.6,0.09999998807907107,
2026-09-25,determinista,meteofrance_arpege_world,2026-09-25 00:00,False,chaihuin,2026-09-26 00:00,24.0,1.5,0.0,1.5,
2026-09-25,determinista,meteofrance_arpege_world,2026-09-25 00:00,False,corral,2026-09-26 00:00,24.0,1.5,0.0,1.5,
2026-09-25,determinista,meteofrance_arpege_world,2026-09-25 00:00,False,corral_essal,2026-09-26 00:00,24.0,1.5,0.0,1.5,
2026-09-25,determinista,meteofrance_arpege_world,2026-09-25 00:00,False,curinanco,2026-09-26 00:00,24.0,1.7000000476837158,1.4,0.3000000476837159,
2026-09-25,determinista,meteofrance_arpege_world,2026-09-25 00:00,False,islateja,2026-09-26 00:00,24.0,0.699999988079071,1.6,0.900000011920929,
2026-09-25,determinista,meteofrance_arpege_world,2026-09-25 00:00,False,las_lomas,2026-09-26 00:00,24.0,1.2000000476837158,2.0,0.7999999523162842,
2026-09-25,determinista,meteofrance_arpege_world,2026-09-25 00:00,False,llancahue,2026-09-26 00:00,24.0,0.699999988079071,1.2,0.5000000119209289,
2026-09-25,determinista,meteofrance_arpege_world,2026-09-25 00:00,False,pichoy,2026-09-26 00:00,24.0,1.2000000476837158,6.4,5.1999999523162845,
2026-09-25,determinista,meteofrance_arpege_world,2026-09-25 00:00,False,zona_costa,2026-09-26 00:00,24.0,1.5499999523162842,0.35,1.199999952316284,
2026-09-25,determinista,meteofrance_arpege_world,2026-09-25 00:00,False,zona_ciudad,2026-09-26 00:00,24.0,0.699999988079071,1.1333333333333333,0.43333334525426226,
2026-09-25,determinista,meteofrance_arpege_world,2026-09-25 00:00,False,zona_interior,2026-09-26 00:00,24.0,1.2000000476837158,4.2,2.9999999523162844,
2026-09-25,determinista,meteofrance_arpege_world,2026-09-25 00:00,False,austral,2026-09-26 06:00,30.0,0.20000000298023224,3.3,3.0999999970197676,
2026-09-25,determinista,meteofrance_arpege_world,2026-09-25 00:00,False,chaihuin,2026-09-26 06:00,30.0,0.4000000059604645,0.0,0.4000000059604645,
2026-09-25,determinista,meteofrance_arpege_world,2026-09-25 00:00,False,corral,2026-09-26 06:00,30.0,0.4000000059604645,0.0,0.4000000059604645,
2026-09-25,determinista,meteofrance_arpege_world,2026-09-25 00:00,False,corral_essal,2026-09-26 06:00,30.0,0.4000000059604645,2.9000000000000004,2.499999994039536,
2026-09-25,determinista,meteofrance_arpege_world,2026-09-25 00:00,False,curinanco,2026-09-26 06:00,30.0,0.10000000149011612,1.3,1.199999998509884,
2026-09-25,determinista,meteofrance_arpege_world,2026-09-25 00:00,False,islateja,2026-09-26 06:00,30.0,0.20000000298023224,2.4000000000000004,2.199999997019768,
2026-09-25,determinista,meteofrance_arpege_world,2026-09-25 00:00,False,las_lomas,2026-09-26 06:00,30.0,0.5,0.6,0.09999999999999998,
2026-09-25,determinista,meteofrance_arpege_world,2026-09-25 00:00,False,llancahue,2026-09-26 06:00,30.0,0.20000000298023224,2.0,1.7999999970197678,
2026-09-25,determinista,meteofrance_arpege_world,2026-09-25 00:00,False,pichoy,2026-09-26 06:00,30.0,0.5,1.5999999999999999,1.0999999999999999,
2026-09-25,determinista,meteofrance_arpege_world,2026-09-25 00:00,False,zona_costa,2026-09-26 06:00,30.0,0.32499998807907104,1.05,0.725000011920929,
2026-09-25,determinista,meteofrance_arpege_world,2026-09-25 00:00,False,zona_ciudad,2026-09-26 06:00,30.0,0.20000000298023224,2.566666666666667,2.3666666636864346,
2026-09-25,determinista,meteofrance_arpege_world,2026-09-25 00:00,False,zona_interior,2026-09-26 06:00,30.0,0.5,1.0999999999999999,0.5999999999999999,
2026-09-25,determinista,meteofrance_arpege_world,2026-09-25 00:00,False,austral,2026-09-26 12:00,36.0,0.7000000476837158,2.2,1.4999999523162844,
2026-09-25,determinista,meteofrance_arpege_world,2026-09-25 00:00,False,chaihuin,2026-09-26 12:00,36.0,2.0,4.3,2.3,
2026-09-25,determinista,meteofrance_arpege_world,2026-09-25 00:00,False,corral,2026-09-26 12:00,36.0,2.0,8.600000000000001,6.600000000000001,
2026-09-25,determinista,meteofrance_arpege_world,2026-09-25 00:00,False,corral_essal,2026-09-26 12:00,36.0,2.0,30.5,28.5,
2026-09-25,determinista,meteofrance_arpege_world,2026-09-25 00:00,False,curinanco,2026-09-26 12:00,36.0,0.9000000357627869,2.8,1.899999964237213,
2026-09-25,determinista,meteofrance_arpege_world,2026-09-25 00:00,False,islateja,2026-09-26 12:00,36.0,0.7000000476837158,2.6,1.8999999523162843,
2026-09-25,determinista,meteofrance_arpege_world,2026-09-25 00:00,False,las_lomas,2026-09-26 12:00,36.0,0.6000000238418579,0.4,0.2000000238418579,
2026-09-25,determinista,meteofrance_arpege_world,2026-09-25 00:00,False,llancahue,2026-09-26 12:00,36.0,0.7000000476837158,2.5,1.7999999523162842,
2026-09-25,determinista,meteofrance_arpege_world,2026-09-25 00:00,False,pichoy,2026-09-26 12:00,36.0,0.6000000238418579,0.8,0.19999997615814213,
2026-09-25,determinista,meteofrance_arpege_world,2026-09-25 00:00,False,zona_costa,2026-09-26 12:00,36.0,1.725000023841858,11.55,9.824999976158143,
2026-09-25,determinista,meteofrance_arpege_world,2026-09-25 00:00,False,zona_ciudad,2026-09-26 12:00,36.0,0.7000000476837158,2.433333333333333,1.7333332856496173,
2026-09-25,determinista,meteofrance_arpege_world,2026-09-25 00:00,False,zona_interior,2026-09-26 12:00,36.0,0.6000000238418579,0.6000000000000001,2.3841857821338408e-08,
2026-09-25,determinista,meteofrance_arpege_world,2026-09-25 00:00,False,austral,2026-09-26 18:00,42.0,2.6000001430511475,6.9,4.299999856948853,
2026-09-25,determinista,meteofrance_arpege_world,2026-09-25 00:00,False,chaihuin,2026-09-26 18:00,42.0,2.299999952316284,25.3,23.000000047683717,
2026-09-25,determinista,meteofrance_arpege_world,2026-09-25 00:00,False,corral,2026-09-26 18:00,42.0,2.299999952316284,31.200000000000003,28.90000004768372,
2026-09-25,determinista,meteofrance_arpege_world,2026-09-25 00:00,False,corral_essal,2026-09-26 18:00,42.0,2.299999952316284,16.6,14.300000047683717,
2026-09-25,determinista,meteofrance_arpege_world,2026-09-25 00:00,False,curinanco,2026-09-26 18:00,42.0,2.200000047683716,13.100000000000001,10.899999952316286,
2026-09-25,determinista,meteofrance_arpege_world,2026-09-25 00:00,False,islateja,2026-09-26 18:00,42.0,2.6000001430511475,10.5,7.8999998569488525,
2026-09-25,determinista,meteofrance_arpege_world,2026-09-25 00:00,False,las_lomas,2026-09-26 18:00,42.0,2.299999952316284,1.2000000000000002,1.099999952316284,
2026-09-25,determinista,meteofrance_arpege_world,2026-09-25 00:00,False,llancahue,2026-09-26 18:00,42.0,2.6000001430511475,13.899999999999999,11.299999856948851,
2026-09-25,determinista,meteofrance_arpege_world,2026-09-25 00:00,False,pichoy,2026-09-26 18:00,42.0,2.299999952316284,0.8,1.4999999523162841,
2026-09-25,determinista,meteofrance_arpege_world,2026-09-25 00:00,False,zona_costa,2026-09-26 18:00,42.0,2.2750000953674316,21.550000000000004,19.274999904632573,
2026-09-25,determinista,meteofrance_arpege_world,2026-09-25 00:00,False,zona_ciudad,2026-09-26 18:00,42.0,2.6000001430511475,10.433333333333332,7.833333190282184,
2026-09-25,determinista,meteofrance_arpege_world,2026-09-25 00:00,False,zona_interior,2026-09-26 18:00,42.0,2.299999952316284,1.0,1.2999999523162842,
2026-09-25,determinista,meteofrance_arpege_world,2026-09-25 00:00,False,austral,2026-09-27 00:00,48.0,1.8000000715255737,9.7,7.899999928474426,
2026-09-25,determinista,meteofrance_arpege_world,2026-09-25 00:00,False,chaihuin,2026-09-27 00:00,48.0,1.7000000476837158,21.3,19.599999952316285,
2026-09-25,determinista,meteofrance_arpege_world,2026-09-25 00:00,False,corral,2026-09-27 00:00,48.0,1.7000000476837158,19.7,17.999999952316283,
2026-09-25,determinista,meteofrance_arpege_world,2026-09-25 00:00,False,corral_essal,2026-09-27 00:00,48.0,1.7000000476837158,6.2,4.499999952316284,
2026-09-25,determinista,meteofrance_arpege_world,2026-09-25 00:00,False,curinanco,2026-09-27 00:00,48.0,2.0,14.7,12.7,
2026-09-25,determinista,meteofrance_arpege_world,2026-09-25 00:00,False,islateja,2026-09-27 00:00,48.0,1.8000000715255737,7.699999999999999,5.899999928474426,
2026-09-25,determinista,meteofrance_arpege_world,2026-09-25 00:00,False,las_lomas,2026-09-27 00:00,48.0,2.799999952316284,0.9,1.8999999523162843,
2026-09-25,determinista,meteofrance_arpege_world,2026-09-25 00:00,False,llancahue,2026-09-27 00:00,48.0,1.8000000715255737,13.1,11.299999928474426,
2026-09-25,determinista,meteofrance_arpege_world,2026-09-25 00:00,False,pichoy,2026-09-27 00:00,48.0,2.799999952316284,0.4,2.3999999523162843,
2026-09-25,determinista,meteofrance_arpege_world,2026-09-25 00:00,False,zona_costa,2026-09-27 00:00,48.0,1.7750000953674316,15.475000000000001,13.69999990463257,
2026-09-25,determinista,meteofrance_arpege_world,2026-09-25 00:00,False,zona_ciudad,2026-09-27 00:00,48.0,1.8000000715255737,10.166666666666666,8.366666595141092,
2026-09-25,determinista,meteofrance_arpege_world,2026-09-25 00:00,False,zona_interior,2026-09-27 00:00,48.0,2.799999952316284,0.65,2.1499999523162843,
2026-09-25,determinista,meteofrance_arpege_world,2026-09-25 12:00,False,austral,2026-09-26 00:00,12.0,0.4000000059604645,0.6,0.1999999940395355,
2026-09-25,determinista,meteofrance_arpege_world,2026-09-25 12:00,False,chaihuin,2026-09-26 00:00,12.0,1.7000000476837158,0.0,1.7000000476837158,
2026-09-25,determinista,meteofrance_arpege_world,2026-09-25 12:00,False,corral,2026-09-26 00:00,12.0,1.7000000476837158,0.0,1.7000000476837158,
2026-09-25,determinista,meteofrance_arpege_world,2026-09-25 12:00,False,corral_essal,2026-09-26 00:00,12.0,1.7000000476837158,0.0,1.7000000476837158,
2026-09-25,determinista,meteofrance_arpege_world,2026-09-25 12:00,False,curinanco,2026-09-26 00:00,12.0,1.7000000476837158,1.4,0.3000000476837159,
2026-09-25,determinista,meteofrance_arpege_world,2026-09-25 12:00,False,islateja,2026-09-26 00:00,12.0,0.4000000059604645,1.6,1.1999999940395356,
2026-09-25,determinista,meteofrance_arpege_world,2026-09-25 12:00,False,las_lomas,2026-09-26 00:00,12.0,0.6000000238418579,2.0,1.399999976158142,
2026-09-25,determinista,meteofrance_arpege_world,2026-09-25 12:00,False,llancahue,2026-09-26 00:00,12.0,0.4000000059604645,1.2,0.7999999940395355,
2026-09-25,determinista,meteofrance_arpege_world,2026-09-25 12:00,False,pichoy,2026-09-26 00:00,12.0,0.6000000238418579,6.4,5.7999999761581424,
2026-09-25,determinista,meteofrance_arpege_world,2026-09-25 12:00,False,zona_costa,2026-09-26 00:00,12.0,1.7000000476837158,0.35,1.3500000476837157,
2026-09-25,determinista,meteofrance_arpege_world,2026-09-25 12:00,False,zona_ciudad,2026-09-26 00:00,12.0,0.4000000059604645,1.1333333333333333,0.7333333273728688,
2026-09-25,determinista,meteofrance_arpege_world,2026-09-25 12:00,False,zona_interior,2026-09-26 00:00,12.0,0.6000000238418579,4.2,3.5999999761581423,
2026-09-25,determinista,meteofrance_arpege_world,2026-09-25 12:00,False,austral,2026-09-26 06:00,18.0,0.20000000298023224,3.3,3.0999999970197676,
2026-09-25,determinista,meteofrance_arpege_world,2026-09-25 12:00,False,chaihuin,2026-09-26 06:00,18.0,0.699999988079071,0.0,0.699999988079071,
2026-09-25,determinista,meteofrance_arpege_world,2026-09-25 12:00,False,corral,2026-09-26 06:00,18.0,0.699999988079071,0.0,0.699999988079071,
2026-09-25,determinista,meteofrance_arpege_world,2026-09-25 12:00,False,corral_essal,2026-09-26 06:00,18.0,0.699999988079071,2.9000000000000004,2.2000000119209293,
2026-09-25,determinista,meteofrance_arpege_world,2026-09-25 12:00,False,curinanco,2026-09-26 06:00,18.0,0.4000000059604645,1.3,0.8999999940395356,
2026-09-25,determinista,meteofrance_arpege_world,2026-09-25 12:00,False,islateja,2026-09-26 06:00,18.0,0.20000000298023224,2.4000000000000004,2.199999997019768,
2026-09-25,determinista,meteofrance_arpege_world,2026-09-25 12:00,False,las_lomas,2026-09-26 06:00,18.0,0.5,0.6,0.09999999999999998,
2026-09-25,determinista,meteofrance_arpege_world,2026-09-25 12:00,False,llancahue,2026-09-26 06:00,18.0,0.20000000298023224,2.0,1.7999999970197678,
2026-09-25,determinista,meteofrance_arpege_world,2026-09-25 12:00,False,pichoy,2026-09-26 06:00,18.0,0.5,1.5999999999999999,1.0999999999999999,
2026-09-25,determinista,meteofrance_arpege_world,2026-09-25 12:00,False,zona_costa,2026-09-26 06:00,18.0,0.625,1.05,0.42500000000000004,
2026-09-25,determinista,meteofrance_arpege_world,2026-09-25 12:00,False,zona_ciudad,2026-09-26 06:00,18.0,0.20000000298023224,2.566666666666667,2.3666666636864346,
2026-09-25,determinista,meteofrance_arpege_world,2026-09-25 12:00,False,zona_interior,2026-09-26 06:00,18.0,0.5,1.0999999999999999,0.5999999999999999,
2026-09-25,determinista,meteofrance_arpege_world,2026-09-25 12:00,False,austral,2026-09-26 12:00,24.0,0.5,2.2,1.7000000000000002,
2026-09-25,determinista,meteofrance_arpege_world,2026-09-25 12:00,False,chaihuin,2026-09-26 12:00,24.0,0.6000000238418579,4.3,3.699999976158142,
2026-09-25,determinista,meteofrance_arpege_world,2026-09-25 12:00,False,corral,2026-09-26 12:00,24.0,0.6000000238418579,8.600000000000001,7.9999999761581435,
2026-09-25,determinista,meteofrance_arpege_world,2026-09-25 12:00,False,corral_essal,2026-09-26 12:00,24.0,0.6000000238418579,30.5,29.899999976158142,
2026-09-25,determinista,meteofrance_arpege_world,2026-09-25 12:00,False,curinanco,2026-09-26 12:00,24.0,0.7000000476837158,2.8,2.099999952316284,
2026-09-25,determinista,meteofrance_arpege_world,2026-09-25 12:00,False,islateja,2026-09-26 12:00,24.0,0.5,2.6,2.1,
2026-09-25,determinista,meteofrance_arpege_world,2026-09-25 12:00,False,las_lomas,2026-09-26 12:00,24.0,0.20000000298023224,0.4,0.19999999701976778,
2026-09-25,determinista,meteofrance_arpege_world,2026-09-25 12:00,False,llancahue,2026-09-26 12:00,24.0,0.5,2.5,2.0,
2026-09-25,determinista,meteofrance_arpege_world,2026-09-25 12:00,False,pichoy,2026-09-26 12:00,24.0,0.20000000298023224,0.8,0.5999999970197678,
2026-09-25,determinista,meteofrance_arpege_world,2026-09-25 12:00,False,zona_costa,2026-09-26 12:00,24.0,0.625,11.55,10.925,
2026-09-25,determinista,meteofrance_arpege_world,2026-09-25 12:00,False,zona_ciudad,2026-09-26 12:00,24.0,0.5,2.433333333333333,1.9333333333333331,
2026-09-25,determinista,meteofrance_arpege_world,2026-09-25 12:00,False,zona_interior,2026-09-26 12:00,24.0,0.20000000298023224,0.6000000000000001,0.39999999701976785,
2026-09-25,determinista,meteofrance_arpege_world,2026-09-25 12:00,False,austral,2026-09-26 18:00,30.0,4.400000095367432,6.9,2.4999999046325687,
2026-09-25,determinista,meteofrance_arpege_world,2026-09-25 12:00,False,chaihuin,2026-09-26 18:00,30.0,4.099999904632568,25.3,21.200000095367432,
2026-09-25,determinista,meteofrance_arpege_world,2026-09-25 12:00,False,corral,2026-09-26 18:00,30.0,4.099999904632568,31.200000000000003,27.100000095367434,
2026-09-25,determinista,meteofrance_arpege_world,2026-09-25 12:00,False,corral_essal,2026-09-26 18:00,30.0,4.099999904632568,16.6,12.500000095367433,
2026-09-25,determinista,meteofrance_arpege_world,2026-09-25 12:00,False,curinanco,2026-09-26 18:00,30.0,5.800000190734863,13.100000000000001,7.299999809265138,
2026-09-25,determinista,meteofrance_arpege_world,2026-09-25 12:00,False,islateja,2026-09-26 18:00,30.0,4.400000095367432,10.5,6.099999904632568,
2026-09-25,determinista,meteofrance_arpege_world,2026-09-25 12:00,False,las_lomas,2026-09-26 18:00,30.0,3.5999999046325684,1.2000000000000002,2.399999904632568,
2026-09-25,determinista,meteofrance_arpege_world,2026-09-25 12:00,False,llancahue,2026-09-26 18:00,30.0,4.400000095367432,13.899999999999999,9.499999904632567,
2026-09-25,determinista,meteofrance_arpege_world,2026-09-25 12:00,False,pichoy,2026-09-26 18:00,30.0,3.5999999046325684,0.8,2.7999999046325685,
2026-09-25,determinista,meteofrance_arpege_world,2026-09-25 12:00,False,zona_costa,2026-09-26 18:00,30.0,4.525000095367432,21.550000000000004,17.024999904632573,
2026-09-25,determinista,meteofrance_arpege_world,2026-09-25 12:00,False,zona_ciudad,2026-09-26 18:00,30.0,4.400000095367432,10.433333333333332,6.0333332379659,
2026-09-25,determinista,meteofrance_arpege_world,2026-09-25 12:00,False,zona_interior,2026-09-26 18:00,30.0,3.5999999046325684,1.0,2.5999999046325684,
2026-09-25,determinista,meteofrance_arpege_world,2026-09-25 12:00,False,austral,2026-09-27 00:00,36.0,4.199999809265137,9.7,5.500000190734863,
2026-09-25,determinista,meteofrance_arpege_world,2026-09-25 12:00,False,chaihuin,2026-09-27 00:00,36.0,5.900000095367432,21.3,15.399999904632569,
2026-09-25,determinista,meteofrance_arpege_world,2026-09-25 12:00,False,corral,2026-09-27 00:00,36.0,5.900000095367432,19.7,13.799999904632568,
2026-09-25,determinista,meteofrance_arpege_world,2026-09-25 12:00,False,corral_essal,2026-09-27 00:00,36.0,5.900000095367432,6.2,0.29999990463256854,
2026-09-25,determinista,meteofrance_arpege_world,2026-09-25 12:00,False,curinanco,2026-09-27 00:00,36.0,5.199999809265137,14.7,9.500000190734863,
2026-09-25,determinista,meteofrance_arpege_world,2026-09-25 12:00,False,islateja,2026-09-27 00:00,36.0,4.199999809265137,7.699999999999999,3.5000001907348626,
2026-09-25,determinista,meteofrance_arpege_world,2026-09-25 12:00,False,las_lomas,2026-09-27 00:00,36.0,2.299999952316284,0.9,1.3999999523162843,
2026-09-25,determinista,meteofrance_arpege_world,2026-09-25 12:00,False,llancahue,2026-09-27 00:00,36.0,4.199999809265137,13.1,8.900000190734863,
2026-09-25,determinista,meteofrance_arpege_world,2026-09-25 12:00,False,pichoy,2026-09-27 00:00,36.0,2.299999952316284,0.4,1.8999999523162843,
2026-09-25,determinista,meteofrance_arpege_world,2026-09-25 12:00,False,zona_costa,2026-09-27 00:00,36.0,5.724999904632568,15.475000000000001,9.750000095367433,
2026-09-25,determinista,meteofrance_arpege_world,2026-09-25 12:00,False,zona_ciudad,2026-09-27 00:00,36.0,4.199999809265137,10.166666666666666,5.966666857401529,
2026-09-25,determinista,meteofrance_arpege_world,2026-09-25 12:00,False,zona_interior,2026-09-27 00:00,36.0,2.299999952316284,0.65,1.6499999523162843,
2026-09-25,determinista,meteofrance_arpege_world,2026-09-26 00:00,False,austral,2026-09-26 06:00,6.0,0.6000000238418579,3.3,2.699999976158142,
2026-09-25,determinista,meteofrance_arpege_world,2026-09-26 00:00,False,chaihuin,2026-09-26 06:00,6.0,0.9000000357627869,0.0,0.9000000357627869,
2026-09-25,determinista,meteofrance_arpege_world,2026-09-26 00:00,False,corral,2026-09-26 06:00,6.0,0.9000000357627869,0.0,0.9000000357627869,
2026-09-25,determinista,meteofrance_arpege_world,2026-09-26 00:00,False,corral_essal,2026-09-26 06:00,6.0,0.9000000357627869,2.9000000000000004,1.9999999642372135,
2026-09-25,determinista,meteofrance_arpege_world,2026-09-26 00:00,False,curinanco,2026-09-26 06:00,6.0,0.800000011920929,1.3,0.4999999880790711,
2026-09-25,determinista,meteofrance_arpege_world,2026-09-26 00:00,False,islateja,2026-09-26 06:00,6.0,0.6000000238418579,2.4000000000000004,1.7999999761581424,
2026-09-25,determinista,meteofrance_arpege_world,2026-09-26 00:00,False,las_lomas,2026-09-26 06:00,6.0,0.6000000238418579,0.6,2.384185793236071e-08,
2026-09-25,determinista,meteofrance_arpege_world,2026-09-26 00:00,False,llancahue,2026-09-26 06:00,6.0,0.6000000238418579,2.0,1.399999976158142,
2026-09-25,determinista,meteofrance_arpege_world,2026-09-26 00:00,False,pichoy,2026-09-26 06:00,6.0,0.6000000238418579,1.5999999999999999,0.999999976158142,
2026-09-25,determinista,meteofrance_arpege_world,2026-09-26 00:00,False,zona_costa,2026-09-26 06:00,6.0,0.8750000596046448,1.05,0.17499994039535527,
2026-09-25,determinista,meteofrance_arpege_world,2026-09-26 00:00,False,zona_ciudad,2026-09-26 06:00,6.0,0.6000000238418579,2.566666666666667,1.966666642824809,
2026-09-25,determinista,meteofrance_arpege_world,2026-09-26 00:00,False,zona_interior,2026-09-26 06:00,6.0,0.6000000238418579,1.0999999999999999,0.49999997615814196,
2026-09-25,determinista,meteofrance_arpege_world,2026-09-26 00:00,False,austral,2026-09-26 12:00,12.0,0.6000000238418579,2.2,1.5999999761581423,
2026-09-25,determinista,meteofrance_arpege_world,2026-09-26 00:00,False,chaihuin,2026-09-26 12:00,12.0,1.100000023841858,4.3,3.199999976158142,
2026-09-25,determinista,meteofrance_arpege_world,2026-09-26 00:00,False,corral,2026-09-26 12:00,12.0,1.100000023841858,8.600000000000001,7.4999999761581435,
2026-09-25,determinista,meteofrance_arpege_world,2026-09-26 00:00,False,corral_essal,2026-09-26 12:00,12.0,1.100000023841858,30.5,29.399999976158142,
2026-09-25,determinista,meteofrance_arpege_world,2026-09-26 00:00,False,curinanco,2026-09-26 12:00,12.0,1.100000023841858,2.8,1.699999976158142,
2026-09-25,determinista,meteofrance_arpege_world,2026-09-26 00:00,False,islateja,2026-09-26 12:00,12.0,0.6000000238418579,2.6,1.9999999761581422,
2026-09-25,determinista,meteofrance_arpege_world,2026-09-26 00:00,False,las_lomas,2026-09-26 12:00,12.0,0.4000000059604645,0.4,5.960464455334602e-09,
2026-09-25,determinista,meteofrance_arpege_world,2026-09-26 00:00,False,llancahue,2026-09-26 12:00,12.0,0.6000000238418579,2.5,1.899999976158142,
2026-09-25,determinista,meteofrance_arpege_world,2026-09-26 00:00,False,pichoy,2026-09-26 12:00,12.0,0.4000000059604645,0.8,0.39999999403953557,
2026-09-25,determinista,meteofrance_arpege_world,2026-09-26 00:00,False,zona_costa,2026-09-26 12:00,12.0,1.100000023841858,11.55,10.449999976158143,
2026-09-25,determinista,meteofrance_arpege_world,2026-09-26 00:00,False,zona_ciudad,2026-09-26 12:00,12.0,0.6000000238418579,2.433333333333333,1.8333333094914752,
2026-09-25,determinista,meteofrance_arpege_world,2026-09-26 00:00,False,zona_interior,2026-09-26 12:00,12.0,0.4000000059604645,0.6000000000000001,0.1999999940395356,
2026-09-25,determinista,meteofrance_arpege_world,2026-09-26 00:00,False,austral,2026-09-26 18:00,18.0,0.4000000059604645,6.9,6.499999994039536,
2026-09-25,determinista,meteofrance_arpege_world,2026-09-26 00:00,False,chaihuin,2026-09-26 18:00,18.0,0.0,25.3,25.3,
2026-09-25,determinista,meteofrance_arpege_world,2026-09-26 00:00,False,corral,2026-09-26 18:00,18.0,0.0,31.200000000000003,31.200000000000003,
2026-09-25,determinista,meteofrance_arpege_world,2026-09-26 00:00,False,corral_essal,2026-09-26 18:00,18.0,0.0,16.6,16.6,
2026-09-25,determinista,meteofrance_arpege_world,2026-09-26 00:00,False,curinanco,2026-09-26 18:00,18.0,0.20000000298023224,13.100000000000001,12.89999999701977,
2026-09-25,determinista,meteofrance_arpege_world,2026-09-26 00:00,False,islateja,2026-09-26 18:00,18.0,0.4000000059604645,10.5,10.099999994039536,
2026-09-25,determinista,meteofrance_arpege_world,2026-09-26 00:00,False,las_lomas,2026-09-26 18:00,18.0,1.2999999523162842,1.2000000000000002,0.099999952316284,
2026-09-25,determinista,meteofrance_arpege_world,2026-09-26 00:00,False,llancahue,2026-09-26 18:00,18.0,0.4000000059604645,13.899999999999999,13.499999994039534,
2026-09-25,determinista,meteofrance_arpege_world,2026-09-26 00:00,False,pichoy,2026-09-26 18:00,18.0,1.2999999523162842,0.8,0.49999995231628414,
2026-09-25,determinista,meteofrance_arpege_world,2026-09-26 00:00,False,zona_costa,2026-09-26 18:00,18.0,0.05000000074505806,21.550000000000004,21.499999999254946,
2026-09-25,determinista,meteofrance_arpege_world,2026-09-26 00:00,False,zona_ciudad,2026-09-26 18:00,18.0,0.4000000059604645,10.433333333333332,10.033333327372867,
2026-09-25,determinista,meteofrance_arpege_world,2026-09-26 00:00,False,zona_interior,2026-09-26 18:00,18.0,1.2999999523162842,1.0,0.2999999523162842,
2026-09-25,determinista,meteofrance_arpege_world,2026-09-26 00:00,False,austral,2026-09-27 00:00,24.0,1.7000000476837158,9.7,7.9999999523162835,
2026-09-25,determinista,meteofrance_arpege_world,2026-09-26 00:00,False,chaihuin,2026-09-27 00:00,24.0,3.4000000953674316,21.3,17.89999990463257,
2026-09-25,determinista,meteofrance_arpege_world,2026-09-26 00:00,False,corral,2026-09-27 00:00,24.0,3.4000000953674316,19.7,16.299999904632568,
2026-09-25,determinista,meteofrance_arpege_world,2026-09-26 00:00,False,corral_essal,2026-09-27 00:00,24.0,3.4000000953674316,6.2,2.7999999046325685,
2026-09-25,determinista,meteofrance_arpege_world,2026-09-26 00:00,False,curinanco,2026-09-27 00:00,24.0,3.9000000953674316,14.7,10.799999904632568,
2026-09-25,determinista,meteofrance_arpege_world,2026-09-26 00:00,False,islateja,2026-09-27 00:00,24.0,1.7000000476837158,7.699999999999999,5.9999999523162835,
2026-09-25,determinista,meteofrance_arpege_world,2026-09-26 00:00,False,las_lomas,2026-09-27 00:00,24.0,2.200000047683716,0.9,1.300000047683716,
2026-09-25,determinista,meteofrance_arpege_world,2026-09-26 00:00,False,llancahue,2026-09-27 00:00,24.0,1.7000000476837158,13.1,11.399999952316284,
2026-09-25,determinista,meteofrance_arpege_world,2026-09-26 00:00,False,pichoy,2026-09-27 00:00,24.0,2.200000047683716,0.4,1.800000047683716,
2026-09-25,determinista,meteofrance_arpege_world,2026-09-26 00:00,False,zona_costa,2026-09-27 00:00,24.0,3.5250000953674316,15.475000000000001,11.94999990463257,
2026-09-25,determinista,meteofrance_arpege_world,2026-09-26 00:00,False,zona_ciudad,2026-09-27 00:00,24.0,1.7000001668930054,10.166666666666666,8.46666649977366,
2026-09-25,determinista,meteofrance_arpege_world,2026-09-26 00:00,False,zona_interior,2026-09-27 00:00,24.0,2.200000047683716,0.65,1.550000047683716,
2026-09-25,determinista,meteofrance_arpege_world,2026-09-26 12:00,False,austral,2026-09-26 18:00,6.0,6.600000381469727,6.9,0.2999996185302738,
2026-09-25,determinista,meteofrance_arpege_world,2026-09-26 12:00,False,chaihuin,2026-09-26 18:00,6.0,9.199999809265137,25.3,16.100000190734864,
2026-09-25,determinista,meteofrance_arpege_world,2026-09-26 12:00,False,corral,2026-09-26 18:00,6.0,9.199999809265137,31.200000000000003,22.000000190734866,
2026-09-25,determinista,meteofrance_arpege_world,2026-09-26 12:00,False,corral_essal,2026-09-26 18:00,6.0,9.199999809265137,16.6,7.400000190734865,
2026-09-25,determinista,meteofrance_arpege_world,2026-09-26 12:00,False,curinanco,2026-09-26 18:00,6.0,8.399999618530273,13.100000000000001,4.700000381469728,
2026-09-25,determinista,meteofrance_arpege_world,2026-09-26 12:00,False,islateja,2026-09-26 18:00,6.0,6.600000381469727,10.5,3.8999996185302734,
2026-09-25,determinista,meteofrance_arpege_world,2026-09-26 12:00,False,las_lomas,2026-09-26 18:00,6.0,5.300000190734863,1.2000000000000002,4.100000190734863,
2026-09-25,determinista,meteofrance_arpege_world,2026-09-26 12:00,False,llancahue,2026-09-26 18:00,6.0,6.600000381469727,13.899999999999999,7.299999618530272,
2026-09-25,determinista,meteofrance_arpege_world,2026-09-26 12:00,False,pichoy,2026-09-26 18:00,6.0,5.300000190734863,0.8,4.5000001907348635,
2026-09-25,determinista,meteofrance_arpege_world,2026-09-26 12:00,False,zona_costa,2026-09-26 18:00,6.0,9.0,21.550000000000004,12.550000000000004,
2026-09-25,determinista,meteofrance_arpege_world,2026-09-26 12:00,False,zona_ciudad,2026-09-26 18:00,6.0,6.600000381469727,10.433333333333332,3.8333329518636052,
2026-09-25,determinista,meteofrance_arpege_world,2026-09-26 12:00,False,zona_interior,2026-09-26 18:00,6.0,5.300000190734863,1.0,4.300000190734863,
2026-09-25,determinista,meteofrance_arpege_world,2026-09-26 12:00,False,austral,2026-09-27 00:00,12.0,10.399999618530273,9.7,0.6999996185302741,
2026-09-25,determinista,meteofrance_arpege_world,2026-09-26 12:00,False,chaihuin,2026-09-27 00:00,12.0,12.300000190734863,21.3,8.999999809265137,
2026-09-25,determinista,meteofrance_arpege_world,2026-09-26 12:00,False,corral,2026-09-27 00:00,12.0,12.300000190734863,19.7,7.399999809265136,
2026-09-25,determinista,meteofrance_arpege_world,2026-09-26 12:00,False,corral_essal,2026-09-27 00:00,12.0,12.300000190734863,6.2,6.100000190734863,
2026-09-25,determinista,meteofrance_arpege_world,2026-09-26 12:00,False,curinanco,2026-09-27 00:00,12.0,12.699999809265137,14.7,2.0000001907348626,
2026-09-25,determinista,meteofrance_arpege_world,2026-09-26 12:00,False,islateja,2026-09-27 00:00,12.0,10.399999618530273,7.699999999999999,2.699999618530274,
2026-09-25,determinista,meteofrance_arpege_world,2026-09-26 12:00,False,las_lomas,2026-09-27 00:00,12.0,7.400000095367432,0.9,6.500000095367431,
2026-09-25,determinista,meteofrance_arpege_world,2026-09-26 12:00,False,llancahue,2026-09-27 00:00,12.0,10.399999618530273,13.1,2.700000381469726,
2026-09-25,determinista,meteofrance_arpege_world,2026-09-26 12:00,False,pichoy,2026-09-27 00:00,12.0,7.400000095367432,0.4,7.000000095367431,
2026-09-25,determinista,meteofrance_arpege_world,2026-09-26 12:00,False,zona_costa,2026-09-27 00:00,12.0,12.399999618530273,15.475000000000001,3.075000381469728,
2026-09-25,determinista,meteofrance_arpege_world,2026-09-26 12:00,False,zona_ciudad,2026-09-27 00:00,12.0,10.399999618530273,10.166666666666666,0.23333295186360736,
2026-09-25,determinista,meteofrance_arpege_world,2026-09-26 12:00,False,zona_interior,2026-09-27 00:00,12.0,7.400000095367432,0.65,6.750000095367431,
2026-09-25,determinista,ukmo_global_deterministic_10km,2026-09-21 12:00,False,austral,2026-09-26 00:00,108.0,0.08999999612569809,0.6,0.5100000038743019,
2026-09-25,determinista,ukmo_global_deterministic_10km,2026-09-21 12:00,False,chaihuin,2026-09-26 00:00,108.0,0.8100000023841858,0.0,0.8100000023841858,
2026-09-25,determinista,ukmo_global_deterministic_10km,2026-09-21 12:00,False,corral,2026-09-26 00:00,108.0,0.7799999713897705,0.0,0.7799999713897705,
2026-09-25,determinista,ukmo_global_deterministic_10km,2026-09-21 12:00,False,corral_essal,2026-09-26 00:00,108.0,0.21000000834465027,0.0,0.21000000834465027,
2026-09-25,determinista,ukmo_global_deterministic_10km,2026-09-21 12:00,False,curinanco,2026-09-26 00:00,108.0,0.30000001192092896,1.4,1.099999988079071,
2026-09-25,determinista,ukmo_global_deterministic_10km,2026-09-21 12:00,False,islateja,2026-09-26 00:00,108.0,0.30000001192092896,1.6,1.2999999880790711,
2026-09-25,determinista,ukmo_global_deterministic_10km,2026-09-21 12:00,False,las_lomas,2026-09-26 00:00,108.0,0.0,2.0,2.0,
2026-09-25,determinista,ukmo_global_deterministic_10km,2026-09-21 12:00,False,llancahue,2026-09-26 00:00,108.0,0.39000001549720764,1.2,0.8099999845027923,
2026-09-25,determinista,ukmo_global_deterministic_10km,2026-09-21 12:00,False,pichoy,2026-09-26 00:00,108.0,0.21000000834465027,6.4,6.18999999165535,
2026-09-25,determinista,ukmo_global_deterministic_10km,2026-09-21 12:00,False,zona_costa,2026-09-26 00:00,108.0,0.5249999761581421,0.35,0.1749999761581421,
2026-09-25,determinista,ukmo_global_deterministic_10km,2026-09-21 12:00,False,zona_ciudad,2026-09-26 00:00,108.0,0.2600000202655792,1.1333333333333333,0.8733333130677541,
2026-09-25,determinista,ukmo_global_deterministic_10km,2026-09-21 12:00,False,zona_interior,2026-09-26 00:00,108.0,0.10500000417232513,4.2,4.094999995827675,
2026-09-25,determinista,ukmo_global_deterministic_10km,2026-09-21 12:00,False,austral,2026-09-26 06:00,114.0,0.38999998569488525,3.3,2.9100000143051146,
2026-09-25,determinista,ukmo_global_deterministic_10km,2026-09-21 12:00,False,chaihuin,2026-09-26 06:00,114.0,1.3200000524520874,0.0,1.3200000524520874,
2026-09-25,determinista,ukmo_global_deterministic_10km,2026-09-21 12:00,False,corral,2026-09-26 06:00,114.0,0.7200000286102295,0.0,0.7200000286102295,
2026-09-25,determinista,ukmo_global_deterministic_10km,2026-09-21 12:00,False,corral_essal,2026-09-26 06:00,114.0,0.17999999225139618,2.9000000000000004,2.720000007748604,
2026-09-25,determinista,ukmo_global_deterministic_10km,2026-09-21 12:00,False,curinanco,2026-09-26 06:00,114.0,0.6000000238418579,1.3,0.6999999761581421,
2026-09-25,determinista,ukmo_global_deterministic_10km,2026-09-21 12:00,False,islateja,2026-09-26 06:00,114.0,0.47999998927116394,2.4000000000000004,1.9200000107288364,
2026-09-25,determinista,ukmo_global_deterministic_10km,2026-09-21 12:00,False,las_lomas,2026-09-26 06:00,114.0,0.21000000834465027,0.6,0.3899999916553497,
2026-09-25,determinista,ukmo_global_deterministic_10km,2026-09-21 12:00,False,llancahue,2026-09-26 06:00,114.0,0.5099999904632568,2.0,1.4900000095367432,
2026-09-25,determinista,ukmo_global_deterministic_10km,2026-09-21 12:00,False,pichoy,2026-09-26 06:00,114.0,0.30000001192092896,1.5999999999999999,1.299999988079071,
2026-09-25,determinista,ukmo_global_deterministic_10km,2026-09-21 12:00,False,zona_costa,2026-09-26 06:00,114.0,0.7050000429153442,1.05,0.3449999570846558,
2026-09-25,determinista,ukmo_global_deterministic_10km,2026-09-21 12:00,False,zona_ciudad,2026-09-26 06:00,114.0,0.46000000834465027,2.566666666666667,2.1066666583220166,
2026-09-25,determinista,ukmo_global_deterministic_10km,2026-09-21 12:00,False,zona_interior,2026-09-26 06:00,114.0,0.2549999952316284,1.0999999999999999,0.8450000047683714,
2026-09-25,determinista,ukmo_global_deterministic_10km,2026-09-21 12:00,False,austral,2026-09-26 12:00,120.0,0.08999999612569809,2.2,2.110000003874302,
2026-09-25,determinista,ukmo_global_deterministic_10km,2026-09-21 12:00,False,chaihuin,2026-09-26 12:00,120.0,3.9000000953674316,4.3,0.3999999046325682,
2026-09-25,determinista,ukmo_global_deterministic_10km,2026-09-21 12:00,False,corral,2026-09-26 12:00,120.0,0.9900000095367432,8.600000000000001,7.609999990463258,
2026-09-25,determinista,ukmo_global_deterministic_10km,2026-09-21 12:00,False,corral_essal,2026-09-26 12:00,120.0,0.30000001192092896,30.5,30.19999998807907,
2026-09-25,determinista,ukmo_global_deterministic_10km,2026-09-21 12:00,False,curinanco,2026-09-26 12:00,120.0,0.5999999642372131,2.8,2.2000000357627867,
2026-09-25,determinista,ukmo_global_deterministic_10km,2026-09-21 12:00,False,islateja,2026-09-26 12:00,120.0,0.30000001192092896,2.6,2.299999988079071,
2026-09-25,determinista,ukmo_global_deterministic_10km,2026-09-21 12:00,False,las_lomas,2026-09-26 12:00,120.0,0.0,0.4,0.4,
2026-09-25,determinista,ukmo_global_deterministic_10km,2026-09-21 12:00,False,llancahue,2026-09-26 12:00,120.0,0.30000001192092896,2.5,2.199999988079071,
2026-09-25,determinista,ukmo_global_deterministic_10km,2026-09-21 12:00,False,pichoy,2026-09-26 12:00,120.0,0.08999999612569809,0.8,0.710000003874302,
2026-09-25,determinista,ukmo_global_deterministic_10km,2026-09-21 12:00,False,zona_costa,2026-09-26 12:00,120.0,1.4474999904632568,11.55,10.102500009536744,
2026-09-25,determinista,ukmo_global_deterministic_10km,2026-09-21 12:00,False,zona_ciudad,2026-09-26 12:00,120.0,0.23000000417232513,2.433333333333333,2.203333329161008,
2026-09-25,determinista,ukmo_global_deterministic_10km,2026-09-21 12:00,False,zona_interior,2026-09-26 12:00,120.0,0.044999998062849045,0.6000000000000001,0.555000001937151,
2026-09-25,determinista,ukmo_global_deterministic_10km,2026-09-21 12:00,False,austral,2026-09-26 18:00,126.0,0.0,6.9,6.9,
2026-09-25,determinista,ukmo_global_deterministic_10km,2026-09-21 12:00,False,chaihuin,2026-09-26 18:00,126.0,1.2000000476837158,25.3,24.099999952316285,
2026-09-25,determinista,ukmo_global_deterministic_10km,2026-09-21 12:00,False,corral,2026-09-26 18:00,126.0,0.08999999612569809,31.200000000000003,31.110000003874305,
2026-09-25,determinista,ukmo_global_deterministic_10km,2026-09-21 12:00,False,corral_essal,2026-09-26 18:00,126.0,0.08999999612569809,16.6,16.510000003874303,
2026-09-25,determinista,ukmo_global_deterministic_10km,2026-09-21 12:00,False,curinanco,2026-09-26 18:00,126.0,0.0,13.100000000000001,13.100000000000001,
2026-09-25,determinista,ukmo_global_deterministic_10km,2026-09-21 12:00,False,islateja,2026-09-26 18:00,126.0,0.0,10.5,10.5,
2026-09-25,determinista,ukmo_global_deterministic_10km,2026-09-21 12:00,False,las_lomas,2026-09-26 18:00,126.0,0.0,1.2000000000000002,1.2000000000000002,
2026-09-25,determinista,ukmo_global_deterministic_10km,2026-09-21 12:00,False,llancahue,2026-09-26 18:00,126.0,0.0,13.899999999999999,13.899999999999999,
2026-09-25,determinista,ukmo_global_deterministic_10km,2026-09-21 12:00,False,pichoy,2026-09-26 18:00,126.0,0.0,0.8,0.8,
2026-09-25,determinista,ukmo_global_deterministic_10km,2026-09-21 12:00,False,zona_costa,2026-09-26 18:00,126.0,0.3450000286102295,21.550000000000004,21.204999971389775,
2026-09-25,determinista,ukmo_global_deterministic_10km,2026-09-21 12:00,False,zona_ciudad,2026-09-26 18:00,126.0,0.0,10.433333333333332,10.433333333333332,
2026-09-25,determinista,ukmo_global_deterministic_10km,2026-09-21 12:00,False,zona_interior,2026-09-26 18:00,126.0,0.0,1.0,1.0,
2026-09-25,determinista,ukmo_global_deterministic_10km,2026-09-21 12:00,False,austral,2026-09-27 00:00,132.0,0.30000001192092896,9.7,9.39999998807907,
2026-09-25,determinista,ukmo_global_deterministic_10km,2026-09-21 12:00,False,chaihuin,2026-09-27 00:00,132.0,3.690000057220459,21.3,17.60999994277954,
2026-09-25,determinista,ukmo_global_deterministic_10km,2026-09-21 12:00,False,corral,2026-09-27 00:00,132.0,0.7800000309944153,19.7,18.919999969005584,
2026-09-25,determinista,ukmo_global_deterministic_10km,2026-09-21 12:00,False,corral_essal,2026-09-27 00:00,132.0,0.6899999976158142,6.2,5.510000002384186,
2026-09-25,determinista,ukmo_global_deterministic_10km,2026-09-21 12:00,False,curinanco,2026-09-27 00:00,132.0,0.6899999976158142,14.7,14.010000002384185,
2026-09-25,determinista,ukmo_global_deterministic_10km,2026-09-21 12:00,False,islateja,2026-09-27 00:00,132.0,0.30000001192092896,7.699999999999999,7.39999998807907,
2026-09-25,determinista,ukmo_global_deterministic_10km,2026-09-21 12:00,False,las_lomas,2026-09-27 00:00,132.0,0.08999999612569809,0.9,0.8100000038743019,
2026-09-25,determinista,ukmo_global_deterministic_10km,2026-09-21 12:00,False,llancahue,2026-09-27 00:00,132.0,0.30000001192092896,13.1,12.79999998807907,
2026-09-25,determinista,ukmo_global_deterministic_10km,2026-09-21 12:00,False,pichoy,2026-09-27 00:00,132.0,0.08999999612569809,0.4,0.31000000387430193,
2026-09-25,determinista,ukmo_global_deterministic_10km,2026-09-21 12:00,False,zona_costa,2026-09-27 00:00,132.0,1.462499976158142,15.475000000000001,14.01250002384186,
2026-09-25,determinista,ukmo_global_deterministic_10km,2026-09-21 12:00,False,zona_ciudad,2026-09-27 00:00,132.0,0.30000001192092896,10.166666666666666,9.866666654745737,
2026-09-25,determinista,ukmo_global_deterministic_10km,2026-09-21 12:00,False,zona_interior,2026-09-27 00:00,132.0,0.08999999612569809,0.65,0.5600000038743019,
2026-09-25,determinista,ukmo_global_deterministic_10km,2026-09-22 00:00,False,austral,2026-09-26 00:00,96.0,0.0,0.6,0.6,
2026-09-25,determinista,ukmo_global_deterministic_10km,2026-09-22 00:00,False,chaihuin,2026-09-26 00:00,96.0,1.5,0.0,1.5,
2026-09-25,determinista,ukmo_global_deterministic_10km,2026-09-22 00:00,False,corral,2026-09-26 00:00,96.0,0.30000001192092896,0.0,0.30000001192092896,
2026-09-25,determinista,ukmo_global_deterministic_10km,2026-09-22 00:00,False,corral_essal,2026-09-26 00:00,96.0,0.08999999612569809,0.0,0.08999999612569809,
2026-09-25,determinista,ukmo_global_deterministic_10km,2026-09-22 00:00,False,curinanco,2026-09-26 00:00,96.0,0.08999999612569809,1.4,1.3100000038743018,
2026-09-25,determinista,ukmo_global_deterministic_10km,2026-09-22 00:00,False,islateja,2026-09-26 00:00,96.0,0.08999999612569809,1.6,1.510000003874302,
2026-09-25,determinista,ukmo_global_deterministic_10km,2026-09-22 00:00,False,las_lomas,2026-09-26 00:00,96.0,0.0,2.0,2.0,
2026-09-25,determinista,ukmo_global_deterministic_10km,2026-09-22 00:00,False,llancahue,2026-09-26 00:00,96.0,0.08999999612569809,1.2,1.1100000038743019,
2026-09-25,determinista,ukmo_global_deterministic_10km,2026-09-22 00:00,False,pichoy,2026-09-26 00:00,96.0,0.0,6.4,6.4,
2026-09-25,determinista,ukmo_global_deterministic_10km,2026-09-22 00:00,False,zona_costa,2026-09-26 00:00,96.0,0.4950000047683716,0.35,0.1450000047683716,
2026-09-25,determinista,ukmo_global_deterministic_10km,2026-09-22 00:00,False,zona_ciudad,2026-09-26 00:00,96.0,0.05999999865889549,1.1333333333333333,1.0733333346744378,
2026-09-25,determinista,ukmo_global_deterministic_10km,2026-09-22 00:00,False,zona_interior,2026-09-26 00:00,96.0,0.0,4.2,4.2,
2026-09-25,determinista,ukmo_global_deterministic_10km,2026-09-22 00:00,False,austral,2026-09-26 06:00,102.0,0.08999999612569809,3.3,3.2100000038743017,
2026-09-25,determinista,ukmo_global_deterministic_10km,2026-09-22 00:00,False,chaihuin,2026-09-26 06:00,102.0,3.510000228881836,0.0,3.510000228881836,
2026-09-25,determinista,ukmo_global_deterministic_10km,2026-09-22 00:00,False,corral,2026-09-26 06:00,102.0,0.38999998569488525,0.0,0.38999998569488525,
2026-09-25,determinista,ukmo_global_deterministic_10km,2026-09-22 00:00,False,corral_essal,2026-09-26 06:00,102.0,0.21000000834465027,2.9000000000000004,2.68999999165535,
2026-09-25,determinista,ukmo_global_deterministic_10km,2026-09-22 00:00,False,curinanco,2026-09-26 06:00,102.0,0.17999999225139618,1.3,1.1200000077486039,
2026-09-25,determinista,ukmo_global_deterministic_10km,2026-09-22 00:00,False,islateja,2026-09-26 06:00,102.0,0.0,2.4000000000000004,2.4000000000000004,
2026-09-25,determinista,ukmo_global_deterministic_10km,2026-09-22 00:00,False,las_lomas,2026-09-26 06:00,102.0,0.0,0.6,0.6,
2026-09-25,determinista,ukmo_global_deterministic_10km,2026-09-22 00:00,False,llancahue,2026-09-26 06:00,102.0,0.0,2.0,2.0,
2026-09-25,determinista,ukmo_global_deterministic_10km,2026-09-22 00:00,False,pichoy,2026-09-26 06:00,102.0,0.08999999612569809,1.5999999999999999,1.5100000038743018,
2026-09-25,determinista,ukmo_global_deterministic_10km,2026-09-22 00:00,False,zona_costa,2026-09-26 06:00,102.0,1.0725001096725464,1.05,0.022500109672546342,
2026-09-25,determinista,ukmo_global_deterministic_10km,2026-09-22 00:00,False,zona_ciudad,2026-09-26 06:00,102.0,0.029999999329447746,2.566666666666667,2.536666667337219,
2026-09-25,determinista,ukmo_global_deterministic_10km,2026-09-22 00:00,False,zona_interior,2026-09-26 06:00,102.0,0.044999998062849045,1.0999999999999999,1.0550000019371508,
2026-09-25,determinista,ukmo_global_deterministic_10km,2026-09-22 00:00,False,austral,2026-09-26 12:00,108.0,6.899999618530273,2.2,4.699999618530273,
2026-09-25,determinista,ukmo_global_deterministic_10km,2026-09-22 00:00,False,chaihuin,2026-09-26 12:00,108.0,15.779999732971191,4.3,11.47999973297119,
2026-09-25,determinista,ukmo_global_deterministic_10km,2026-09-22 00:00,False,corral,2026-09-26 12:00,108.0,13.199999809265137,8.600000000000001,4.599999809265135,
2026-09-25,determinista,ukmo_global_deterministic_10km,2026-09-22 00:00,False,corral_essal,2026-09-26 12:00,108.0,10.200000762939453,30.5,20.299999237060547,
2026-09-25,determinista,ukmo_global_deterministic_10km,2026-09-22 00:00,False,curinanco,2026-09-26 12:00,108.0,11.40000057220459,2.8,8.60000057220459,
2026-09-25,determinista,ukmo_global_deterministic_10km,2026-09-22 00:00,False,islateja,2026-09-26 12:00,108.0,7.889999866485596,2.6,5.289999866485596,
2026-09-25,determinista,ukmo_global_deterministic_10km,2026-09-22 00:00,False,las_lomas,2026-09-26 12:00,108.0,1.7999999523162842,0.4,1.3999999523162843,
2026-09-25,determinista,ukmo_global_deterministic_10km,2026-09-22 00:00,False,llancahue,2026-09-26 12:00,108.0,6.090000152587891,2.5,3.5900001525878906,
2026-09-25,determinista,ukmo_global_deterministic_10km,2026-09-22 00:00,False,pichoy,2026-09-26 12:00,108.0,2.819999933242798,0.8,2.019999933242798,
2026-09-25,determinista,ukmo_global_deterministic_10km,2026-09-22 00:00,False,zona_costa,2026-09-26 12:00,108.0,12.645000457763672,11.55,1.0950004577636712,
2026-09-25,determinista,ukmo_global_deterministic_10km,2026-09-22 00:00,False,zona_ciudad,2026-09-26 12:00,108.0,6.9599995613098145,2.433333333333333,4.526666227976481,
2026-09-25,determinista,ukmo_global_deterministic_10km,2026-09-22 00:00,False,zona_interior,2026-09-26 12:00,108.0,2.309999942779541,0.6000000000000001,1.709999942779541,
2026-09-25,determinista,ukmo_global_deterministic_10km,2026-09-22 00:00,False,austral,2026-09-26 18:00,114.0,3.4200000762939453,6.9,3.479999923706055,
2026-09-25,determinista,ukmo_global_deterministic_10km,2026-09-22 00:00,False,chaihuin,2026-09-26 18:00,114.0,12.0,25.3,13.3,
2026-09-25,determinista,ukmo_global_deterministic_10km,2026-09-22 00:00,False,corral,2026-09-26 18:00,114.0,7.199999809265137,31.200000000000003,24.000000190734866,
2026-09-25,determinista,ukmo_global_deterministic_10km,2026-09-22 00:00,False,corral_essal,2026-09-26 18:00,114.0,4.590000152587891,16.6,12.00999984741211,
2026-09-25,determinista,ukmo_global_deterministic_10km,2026-09-22 00:00,False,curinanco,2026-09-26 18:00,114.0,4.5,13.100000000000001,8.600000000000001,
2026-09-25,determinista,ukmo_global_deterministic_10km,2026-09-22 00:00,False,islateja,2026-09-26 18:00,114.0,4.079999923706055,10.5,6.420000076293945,
2026-09-25,determinista,ukmo_global_deterministic_10km,2026-09-22 00:00,False,las_lomas,2026-09-26 18:00,114.0,4.019999980926514,1.2000000000000002,2.8199999809265135,
2026-09-25,determinista,ukmo_global_deterministic_10km,2026-09-22 00:00,False,llancahue,2026-09-26 18:00,114.0,6.599999904632568,13.899999999999999,7.30000009536743,
2026-09-25,determinista,ukmo_global_deterministic_10km,2026-09-22 00:00,False,pichoy,2026-09-26 18:00,114.0,2.9099998474121094,0.8,2.1099998474121096,
2026-09-25,determinista,ukmo_global_deterministic_10km,2026-09-22 00:00,False,zona_costa,2026-09-26 18:00,114.0,7.072500228881836,21.550000000000004,14.477499771118168,
2026-09-25,determinista,ukmo_global_deterministic_10km,2026-09-22 00:00,False,zona_ciudad,2026-09-26 18:00,114.0,4.700000286102295,10.433333333333332,5.733333047231037,
2026-09-25,determinista,ukmo_global_deterministic_10km,2026-09-22 00:00,False,zona_interior,2026-09-26 18:00,114.0,3.4649999141693115,1.0,2.4649999141693115,
2026-09-25,determinista,ukmo_global_deterministic_10km,2026-09-22 00:00,False,austral,2026-09-27 00:00,120.0,0.0,9.7,9.7,
2026-09-25,determinista,ukmo_global_deterministic_10km,2026-09-22 00:00,False,chaihuin,2026-09-27 00:00,120.0,8.399999618530273,21.3,12.900000381469727,
2026-09-25,determinista,ukmo_global_deterministic_10km,2026-09-22 00:00,False,corral,2026-09-27 00:00,120.0,1.5,19.7,18.2,
2026-09-25,determinista,ukmo_global_deterministic_10km,2026-09-22 00:00,False,corral_essal,2026-09-27 00:00,120.0,0.30000001192092896,6.2,5.899999988079071,
2026-09-25,determinista,ukmo_global_deterministic_10km,2026-09-22 00:00,False,curinanco,2026-09-27 00:00,120.0,0.17999999225139618,14.7,14.520000007748603,
2026-09-25,determinista,ukmo_global_deterministic_10km,2026-09-22 00:00,False,islateja,2026-09-27 00:00,120.0,0.08999999612569809,7.699999999999999,7.610000003874301,
2026-09-25,determinista,ukmo_global_deterministic_10km,2026-09-22 00:00,False,las_lomas,2026-09-27 00:00,120.0,0.8100000619888306,0.9,0.08999993801116946,
2026-09-25,determinista,ukmo_global_deterministic_10km,2026-09-22 00:00,False,llancahue,2026-09-27 00:00,120.0,0.08999999612569809,13.1,13.010000003874302,
2026-09-25,determinista,ukmo_global_deterministic_10km,2026-09-22 00:00,False,pichoy,2026-09-27 00:00,120.0,0.0,0.4,0.4,
2026-09-25,determinista,ukmo_global_deterministic_10km,2026-09-22 00:00,False,zona_costa,2026-09-27 00:00,120.0,2.5950000286102295,15.475000000000001,12.879999971389772,
2026-09-25,determinista,ukmo_global_deterministic_10km,2026-09-22 00:00,False,zona_ciudad,2026-09-27 00:00,120.0,0.05999999865889549,10.166666666666666,10.10666666800777,
2026-09-25,determinista,ukmo_global_deterministic_10km,2026-09-22 00:00,False,zona_interior,2026-09-27 00:00,120.0,0.4050000309944153,0.65,0.24499996900558474,
2026-09-25,determinista,ukmo_global_deterministic_10km,2026-09-23 00:00,False,austral,2026-09-26 00:00,72.0,3.120000123977661,0.6,2.520000123977661,
2026-09-25,determinista,ukmo_global_deterministic_10km,2026-09-23 00:00,False,chaihuin,2026-09-26 00:00,72.0,0.17999999225139618,0.0,0.17999999225139618,
2026-09-25,determinista,ukmo_global_deterministic_10km,2026-09-23 00:00,False,corral,2026-09-26 00:00,72.0,1.2000000476837158,0.0,1.2000000476837158,
2026-09-25,determinista,ukmo_global_deterministic_10km,2026-09-23 00:00,False,corral_essal,2026-09-26 00:00,72.0,0.6000000238418579,0.0,0.6000000238418579,
2026-09-25,determinista,ukmo_global_deterministic_10km,2026-09-23 00:00,False,curinanco,2026-09-26 00:00,72.0,2.4000000953674316,1.4,1.0000000953674317,
2026-09-25,determinista,ukmo_global_deterministic_10km,2026-09-23 00:00,False,islateja,2026-09-26 00:00,72.0,1.6200000047683716,1.6,0.020000004768371493,
2026-09-25,determinista,ukmo_global_deterministic_10km,2026-09-23 00:00,False,las_lomas,2026-09-26 00:00,72.0,6.299999713897705,2.0,4.299999713897705,
2026-09-25,determinista,ukmo_global_deterministic_10km,2026-09-23 00:00,False,llancahue,2026-09-26 00:00,72.0,4.710000038146973,1.2,3.5100000381469725,
2026-09-25,determinista,ukmo_global_deterministic_10km,2026-09-23 00:00,False,pichoy,2026-09-26 00:00,72.0,6.480000019073486,6.4,0.08000001907348597,
2026-09-25,determinista,ukmo_global_deterministic_10km,2026-09-23 00:00,False,zona_costa,2026-09-26 00:00,72.0,1.0950000286102295,0.35,0.7450000286102295,
2026-09-25,determinista,ukmo_global_deterministic_10km,2026-09-23 00:00,False,zona_ciudad,2026-09-26 00:00,72.0,3.1499998569488525,1.1333333333333333,2.0166665236155192,
2026-09-25,determinista,ukmo_global_deterministic_10km,2026-09-23 00:00,False,zona_interior,2026-09-26 00:00,72.0,6.389999866485596,4.2,2.1899998664855955,
2026-09-25,determinista,ukmo_global_deterministic_10km,2026-09-23 00:00,False,austral,2026-09-26 06:00,78.0,0.7799999713897705,3.3,2.5200000286102293,
2026-09-25,determinista,ukmo_global_deterministic_10km,2026-09-23 00:00,False,chaihuin,2026-09-26 06:00,78.0,3.4800000190734863,0.0,3.4800000190734863,
2026-09-25,determinista,ukmo_global_deterministic_10km,2026-09-23 00:00,False,corral,2026-09-26 06:00,78.0,2.880000114440918,0.0,2.880000114440918,
2026-09-25,determinista,ukmo_global_deterministic_10km,2026-09-23 00:00,False,corral_essal,2026-09-26 06:00,78.0,1.4100000858306885,2.9000000000000004,1.4899999141693119,
2026-09-25,determinista,ukmo_global_deterministic_10km,2026-09-23 00:00,False,curinanco,2026-09-26 06:00,78.0,1.5,1.3,0.19999999999999996,
2026-09-25,determinista,ukmo_global_deterministic_10km,2026-09-23 00:00,False,islateja,2026-09-26 06:00,78.0,1.1100000143051147,2.4000000000000004,1.2899999856948856,
2026-09-25,determinista,ukmo_global_deterministic_10km,2026-09-23 00:00,False,las_lomas,2026-09-26 06:00,78.0,0.42000001668930054,0.6,0.17999998331069944,
2026-09-25,determinista,ukmo_global_deterministic_10km,2026-09-23 00:00,False,llancahue,2026-09-26 06:00,78.0,1.2899999618530273,2.0,0.7100000381469727,
2026-09-25,determinista,ukmo_global_deterministic_10km,2026-09-23 00:00,False,pichoy,2026-09-26 06:00,78.0,0.39000001549720764,1.5999999999999999,1.2099999845027922,
2026-09-25,determinista,ukmo_global_deterministic_10km,2026-09-23 00:00,False,zona_costa,2026-09-26 06:00,78.0,2.317500114440918,1.05,1.267500114440918,
2026-09-25,determinista,ukmo_global_deterministic_10km,2026-09-23 00:00,False,zona_ciudad,2026-09-26 06:00,78.0,1.0600000619888306,2.566666666666667,1.5066666046778363,
2026-09-25,determinista,ukmo_global_deterministic_10km,2026-09-23 00:00,False,zona_interior,2026-09-26 06:00,78.0,0.4050000309944153,1.0999999999999999,0.6949999690055846,
2026-09-25,determinista,ukmo_global_deterministic_10km,2026-09-23 00:00,False,austral,2026-09-26 12:00,84.0,4.019999980926514,2.2,1.8199999809265135,
2026-09-25,determinista,ukmo_global_deterministic_10km,2026-09-23 00:00,False,chaihuin,2026-09-26 12:00,84.0,23.009998321533203,4.3,18.709998321533202,
2026-09-25,determinista,ukmo_global_deterministic_10km,2026-09-23 00:00,False,corral,2026-09-26 12:00,84.0,11.309999465942383,8.600000000000001,2.7099994659423814,
2026-09-25,determinista,ukmo_global_deterministic_10km,2026-09-23 00:00,False,corral_essal,2026-09-26 12:00,84.0,7.199999809265137,30.5,23.300000190734863,
2026-09-25,determinista,ukmo_global_deterministic_10km,2026-09-23 00:00,False,curinanco,2026-09-26 12:00,84.0,7.199999809265137,2.8,4.399999809265137,
2026-09-25,determinista,ukmo_global_deterministic_10km,2026-09-23 00:00,False,islateja,2026-09-26 12:00,84.0,4.289999961853027,2.6,1.6899999618530273,
2026-09-25,determinista,ukmo_global_deterministic_10km,2026-09-23 00:00,False,las_lomas,2026-09-26 12:00,84.0,1.3799999952316284,0.4,0.9799999952316284,
2026-09-25,determinista,ukmo_global_deterministic_10km,2026-09-23 00:00,False,llancahue,2026-09-26 12:00,84.0,3.509999990463257,2.5,1.0099999904632568,
2026-09-25,determinista,ukmo_global_deterministic_10km,2026-09-23 00:00,False,pichoy,2026-09-26 12:00,84.0,2.309999942779541,0.8,1.509999942779541,
2026-09-25,determinista,ukmo_global_deterministic_10km,2026-09-23 00:00,False,zona_costa,2026-09-26 12:00,84.0,12.179999351501465,11.55,0.6299993515014641,
2026-09-25,determinista,ukmo_global_deterministic_10km,2026-09-23 00:00,False,zona_ciudad,2026-09-26 12:00,84.0,3.93999981880188,2.433333333333333,1.5066664854685468,
2026-09-25,determinista,ukmo_global_deterministic_10km,2026-09-23 00:00,False,zona_interior,2026-09-26 12:00,84.0,1.8450000286102295,0.6000000000000001,1.2450000286102294,
2026-09-25,determinista,ukmo_global_deterministic_10km,2026-09-23 00:00,False,austral,2026-09-26 18:00,90.0,11.100000381469727,6.9,4.200000381469726,
2026-09-25,determinista,ukmo_global_deterministic_10km,2026-09-23 00:00,False,chaihuin,2026-09-26 18:00,90.0,13.5,25.3,11.8,
2026-09-25,determinista,ukmo_global_deterministic_10km,2026-09-23 00:00,False,corral,2026-09-26 18:00,90.0,15.480000495910645,31.200000000000003,15.719999504089358,
2026-09-25,determinista,ukmo_global_deterministic_10km,2026-09-23 00:00,False,corral_essal,2026-09-26 18:00,90.0,14.100000381469727,16.6,2.499999618530275,
2026-09-25,determinista,ukmo_global_deterministic_10km,2026-09-23 00:00,False,curinanco,2026-09-26 18:00,90.0,17.309999465942383,13.100000000000001,4.209999465942381,
2026-09-25,determinista,ukmo_global_deterministic_10km,2026-09-23 00:00,False,islateja,2026-09-26 18:00,90.0,12.119999885559082,10.5,1.619999885559082,
2026-09-25,determinista,ukmo_global_deterministic_10km,2026-09-23 00:00,False,las_lomas,2026-09-26 18:00,90.0,7.289999961853027,1.2000000000000002,6.089999961853027,
2026-09-25,determinista,ukmo_global_deterministic_10km,2026-09-23 00:00,False,llancahue,2026-09-26 18:00,90.0,15.300000190734863,13.899999999999999,1.4000001907348647,
2026-09-25,determinista,ukmo_global_deterministic_10km,2026-09-23 00:00,False,pichoy,2026-09-26 18:00,90.0,8.1899995803833,0.8,7.389999580383301,
2026-09-25,determinista,ukmo_global_deterministic_10km,2026-09-23 00:00,False,zona_costa,2026-09-26 18:00,90.0,15.09749984741211,21.550000000000004,6.452500152587895,
2026-09-25,determinista,ukmo_global_deterministic_10km,2026-09-23 00:00,False,zona_ciudad,2026-09-26 18:00,90.0,12.84000015258789,10.433333333333332,2.406666819254559,
2026-09-25,determinista,ukmo_global_deterministic_10km,2026-09-23 00:00,False,zona_interior,2026-09-26 18:00,90.0,7.739999771118164,1.0,6.739999771118164,
2026-09-25,determinista,ukmo_global_deterministic_10km,2026-09-23 00:00,False,austral,2026-09-27 00:00,96.0,2.490000009536743,9.7,7.209999990463256,
2026-09-25,determinista,ukmo_global_deterministic_10km,2026-09-23 00:00,False,chaihuin,2026-09-27 00:00,96.0,4.409999847412109,21.3,16.89000015258789,
2026-09-25,determinista,ukmo_global_deterministic_10km,2026-09-23 00:00,False,corral,2026-09-27 00:00,96.0,2.2799999713897705,19.7,17.42000002861023,
2026-09-25,determinista,ukmo_global_deterministic_10km,2026-09-23 00:00,False,corral_essal,2026-09-27 00:00,96.0,1.590000033378601,6.2,4.609999966621399,
2026-09-25,determinista,ukmo_global_deterministic_10km,2026-09-23 00:00,False,curinanco,2026-09-27 00:00,96.0,2.819999933242798,14.7,11.880000066757201,
2026-09-25,determinista,ukmo_global_deterministic_10km,2026-09-23 00:00,False,islateja,2026-09-27 00:00,96.0,3.5999999046325684,7.699999999999999,4.100000095367431,
2026-09-25,determinista,ukmo_global_deterministic_10km,2026-09-23 00:00,False,las_lomas,2026-09-27 00:00,96.0,11.90999984741211,0.9,11.009999847412109,
2026-09-25,determinista,ukmo_global_deterministic_10km,2026-09-23 00:00,False,llancahue,2026-09-27 00:00,96.0,6.989999771118164,13.1,6.110000228881836,
2026-09-25,determinista,ukmo_global_deterministic_10km,2026-09-23 00:00,False,pichoy,2026-09-27 00:00,96.0,5.220000267028809,0.4,4.820000267028808,
2026-09-25,determinista,ukmo_global_deterministic_10km,2026-09-23 00:00,False,zona_costa,2026-09-27 00:00,96.0,2.7750000953674316,15.475000000000001,12.69999990463257,
2026-09-25,determinista,ukmo_global_deterministic_10km,2026-09-23 00:00,False,zona_ciudad,2026-09-27 00:00,96.0,4.360000133514404,10.166666666666666,5.806666533152262,
2026-09-25,determinista,ukmo_global_deterministic_10km,2026-09-23 00:00,False,zona_interior,2026-09-27 00:00,96.0,8.565000534057617,0.65,7.915000534057617,
2026-09-25,determinista,ukmo_global_deterministic_10km,2026-09-23 12:00,False,austral,2026-09-26 00:00,60.0,0.08999999612569809,0.6,0.5100000038743019,
2026-09-25,determinista,ukmo_global_deterministic_10km,2026-09-23 12:00,False,chaihuin,2026-09-26 00:00,60.0,1.4100000858306885,0.0,1.4100000858306885,
2026-09-25,determinista,ukmo_global_deterministic_10km,2026-09-23 12:00,False,corral,2026-09-26 00:00,60.0,0.08999999612569809,0.0,0.08999999612569809,
2026-09-25,determinista,ukmo_global_deterministic_10km,2026-09-23 12:00,False,corral_essal,2026-09-26 00:00,60.0,0.0,0.0,0.0,
2026-09-25,determinista,ukmo_global_deterministic_10km,2026-09-23 12:00,False,curinanco,2026-09-26 00:00,60.0,0.08999999612569809,1.4,1.3100000038743018,
2026-09-25,determinista,ukmo_global_deterministic_10km,2026-09-23 12:00,False,islateja,2026-09-26 00:00,60.0,0.0,1.6,1.6,
2026-09-25,determinista,ukmo_global_deterministic_10km,2026-09-23 12:00,False,las_lomas,2026-09-26 00:00,60.0,0.0,2.0,2.0,
2026-09-25,determinista,ukmo_global_deterministic_10km,2026-09-23 12:00,False,llancahue,2026-09-26 00:00,60.0,0.08999999612569809,1.2,1.1100000038743019,
2026-09-25,determinista,ukmo_global_deterministic_10km,2026-09-23 12:00,False,pichoy,2026-09-26 00:00,60.0,0.0,6.4,6.4,
2026-09-25,determinista,ukmo_global_deterministic_10km,2026-09-23 12:00,False,zona_costa,2026-09-26 00:00,60.0,0.39750000834465027,0.35,0.04750000834465029,
2026-09-25,determinista,ukmo_global_deterministic_10km,2026-09-23 12:00,False,zona_ciudad,2026-09-26 00:00,60.0,0.05999999865889549,1.1333333333333333,1.0733333346744378,
2026-09-25,determinista,ukmo_global_deterministic_10km,2026-09-23 12:00,False,zona_interior,2026-09-26 00:00,60.0,0.0,4.2,4.2,
2026-09-25,determinista,ukmo_global_deterministic_10km,2026-09-23 12:00,False,austral,2026-09-26 06:00,66.0,0.17999999225139618,3.3,3.1200000077486036,
2026-09-25,determinista,ukmo_global_deterministic_10km,2026-09-23 12:00,False,chaihuin,2026-09-26 06:00,66.0,2.5799999237060547,0.0,2.5799999237060547,
2026-09-25,determinista,ukmo_global_deterministic_10km,2026-09-23 12:00,False,corral,2026-09-26 06:00,66.0,0.30000001192092896,0.0,0.30000001192092896,
2026-09-25,determinista,ukmo_global_deterministic_10km,2026-09-23 12:00,False,corral_essal,2026-09-26 06:00,66.0,0.17999999225139618,2.9000000000000004,2.720000007748604,
2026-09-25,determinista,ukmo_global_deterministic_10km,2026-09-23 12:00,False,curinanco,2026-09-26 06:00,66.0,0.42000001668930054,1.3,0.8799999833106995,
2026-09-25,determinista,ukmo_global_deterministic_10km,2026-09-23 12:00,False,islateja,2026-09-26 06:00,66.0,0.08999999612569809,2.4000000000000004,2.3100000038743023,
2026-09-25,determinista,ukmo_global_deterministic_10km,2026-09-23 12:00,False,las_lomas,2026-09-26 06:00,66.0,0.0,0.6,0.6,
2026-09-25,determinista,ukmo_global_deterministic_10km,2026-09-23 12:00,False,llancahue,2026-09-26 06:00,66.0,0.17999999225139618,2.0,1.8200000077486038,
2026-09-25,determinista,ukmo_global_deterministic_10km,2026-09-23 12:00,False,pichoy,2026-09-26 06:00,66.0,0.0,1.5999999999999999,1.5999999999999999,
2026-09-25,determinista,ukmo_global_deterministic_10km,2026-09-23 12:00,False,zona_costa,2026-09-26 06:00,66.0,0.8700000047683716,1.05,0.17999999523162846,
2026-09-25,determinista,ukmo_global_deterministic_10km,2026-09-23 12:00,False,zona_ciudad,2026-09-26 06:00,66.0,0.14999999105930328,2.566666666666667,2.4166666756073636,
2026-09-25,determinista,ukmo_global_deterministic_10km,2026-09-23 12:00,False,zona_interior,2026-09-26 06:00,66.0,0.0,1.0999999999999999,1.0999999999999999,
2026-09-25,determinista,ukmo_global_deterministic_10km,2026-09-23 12:00,False,austral,2026-09-26 12:00,72.0,9.119999885559082,2.2,6.919999885559082,
2026-09-25,determinista,ukmo_global_deterministic_10km,2026-09-23 12:00,False,chaihuin,2026-09-26 12:00,72.0,23.90999984741211,4.3,19.60999984741211,
2026-09-25,determinista,ukmo_global_deterministic_10km,2026-09-23 12:00,False,corral,2026-09-26 12:00,72.0,18.119998931884766,8.600000000000001,9.519998931884764,
2026-09-25,determinista,ukmo_global_deterministic_10km,2026-09-23 12:00,False,corral_essal,2026-09-26 12:00,72.0,11.010000228881836,30.5,19.489999771118164,
2026-09-25,determinista,ukmo_global_deterministic_10km,2026-09-23 12:00,False,curinanco,2026-09-26 12:00,72.0,13.799999237060547,2.8,10.999999237060546,
2026-09-25,determinista,ukmo_global_deterministic_10km,2026-09-23 12:00,False,islateja,2026-09-26 12:00,72.0,9.0,2.6,6.4,
2026-09-25,determinista,ukmo_global_deterministic_10km,2026-09-23 12:00,False,las_lomas,2026-09-26 12:00,72.0,5.820000171661377,0.4,5.420000171661377,
2026-09-25,determinista,ukmo_global_deterministic_10km,2026-09-23 12:00,False,llancahue,2026-09-26 12:00,72.0,10.289999961853027,2.5,7.789999961853027,
2026-09-25,determinista,ukmo_global_deterministic_10km,2026-09-23 12:00,False,pichoy,2026-09-26 12:00,72.0,8.010000228881836,0.8,7.210000228881836,
2026-09-25,determinista,ukmo_global_deterministic_10km,2026-09-23 12:00,False,zona_costa,2026-09-26 12:00,72.0,16.709999084472656,11.55,5.1599990844726555,
2026-09-25,determinista,ukmo_global_deterministic_10km,2026-09-23 12:00,False,zona_ciudad,2026-09-26 12:00,72.0,9.470000267028809,2.433333333333333,7.036666933695475,
2026-09-25,determinista,ukmo_global_deterministic_10km,2026-09-23 12:00,False,zona_interior,2026-09-26 12:00,72.0,6.914999961853027,0.6000000000000001,6.314999961853028,
2026-09-25,determinista,ukmo_global_deterministic_10km,2026-09-23 12:00,False,austral,2026-09-26 18:00,78.0,9.420000076293945,6.9,2.520000076293945,
2026-09-25,determinista,ukmo_global_deterministic_10km,2026-09-23 12:00,False,chaihuin,2026-09-26 18:00,78.0,12.989999771118164,25.3,12.310000228881837,
2026-09-25,determinista,ukmo_global_deterministic_10km,2026-09-23 12:00,False,corral,2026-09-26 18:00,78.0,11.579999923706055,31.200000000000003,19.620000076293948,
2026-09-25,determinista,ukmo_global_deterministic_10km,2026-09-23 12:00,False,corral_essal,2026-09-26 18:00,78.0,9.480000495910645,16.6,7.119999504089357,
2026-09-25,determinista,ukmo_global_deterministic_10km,2026-09-23 12:00,False,curinanco,2026-09-26 18:00,78.0,14.010000228881836,13.100000000000001,0.9100002288818345,
2026-09-25,determinista,ukmo_global_deterministic_10km,2026-09-23 12:00,False,islateja,2026-09-26 18:00,78.0,9.480000495910645,10.5,1.0199995040893555,
2026-09-25,determinista,ukmo_global_deterministic_10km,2026-09-23 12:00,False,las_lomas,2026-09-26 18:00,78.0,13.199999809265137,1.2000000000000002,11.999999809265137,
2026-09-25,determinista,ukmo_global_deterministic_10km,2026-09-23 12:00,False,llancahue,2026-09-26 18:00,78.0,14.519999504089355,13.899999999999999,0.6199995040893569,
2026-09-25,determinista,ukmo_global_deterministic_10km,2026-09-23 12:00,False,pichoy,2026-09-26 18:00,78.0,10.109999656677246,0.8,9.309999656677245,
2026-09-25,determinista,ukmo_global_deterministic_10km,2026-09-23 12:00,False,zona_costa,2026-09-26 18:00,78.0,12.015000343322754,21.550000000000004,9.53499965667725,
2026-09-25,determinista,ukmo_global_deterministic_10km,2026-09-23 12:00,False,zona_ciudad,2026-09-26 18:00,78.0,11.139999389648438,10.433333333333332,0.7066660563151057,
2026-09-25,determinista,ukmo_global_deterministic_10km,2026-09-23 12:00,False,zona_interior,2026-09-26 18:00,78.0,11.654999732971191,1.0,10.654999732971191,
2026-09-25,determinista,ukmo_global_deterministic_10km,2026-09-23 12:00,False,austral,2026-09-27 00:00,84.0,0.8100000023841858,9.7,8.889999997615813,
2026-09-25,determinista,ukmo_global_deterministic_10km,2026-09-23 12:00,False,chaihuin,2026-09-27 00:00,84.0,2.009999990463257,21.3,19.290000009536744,
2026-09-25,determinista,ukmo_global_deterministic_10km,2026-09-23 12:00,False,corral,2026-09-27 00:00,84.0,1.1100000143051147,19.7,18.589999985694885,
2026-09-25,determinista,ukmo_global_deterministic_10km,2026-09-23 12:00,False,corral_essal,2026-09-27 00:00,84.0,0.30000001192092896,6.2,5.899999988079071,
2026-09-25,determinista,ukmo_global_deterministic_10km,2026-09-23 12:00,False,curinanco,2026-09-27 00:00,84.0,1.0800000429153442,14.7,13.619999957084655,
2026-09-25,determinista,ukmo_global_deterministic_10km,2026-09-23 12:00,False,islateja,2026-09-27 00:00,84.0,0.9900000095367432,7.699999999999999,6.709999990463256,
2026-09-25,determinista,ukmo_global_deterministic_10km,2026-09-23 12:00,False,las_lomas,2026-09-27 00:00,84.0,3.9000000953674316,0.9,3.0000000953674317,
2026-09-25,determinista,ukmo_global_deterministic_10km,2026-09-23 12:00,False,llancahue,2026-09-27 00:00,84.0,2.6100001335144043,13.1,10.489999866485595,
2026-09-25,determinista,ukmo_global_deterministic_10km,2026-09-23 12:00,False,pichoy,2026-09-27 00:00,84.0,0.9900000095367432,0.4,0.5900000095367431,
2026-09-25,determinista,ukmo_global_deterministic_10km,2026-09-23 12:00,False,zona_costa,2026-09-27 00:00,84.0,1.125,15.475000000000001,14.350000000000001,
2026-09-25,determinista,ukmo_global_deterministic_10km,2026-09-23 12:00,False,zona_ciudad,2026-09-27 00:00,84.0,1.470000147819519,10.166666666666666,8.696666518847147,
2026-09-25,determinista,ukmo_global_deterministic_10km,2026-09-23 12:00,False,zona_interior,2026-09-27 00:00,84.0,2.445000171661377,0.65,1.795000171661377,
2026-09-25,determinista,ukmo_global_deterministic_10km,2026-09-24 00:00,False,austral,2026-09-26 00:00,48.0,1.100000023841858,0.6,0.5000000238418579,
2026-09-25,determinista,ukmo_global_deterministic_10km,2026-09-24 00:00,False,chaihuin,2026-09-26 00:00,48.0,7.599999904632568,0.0,7.599999904632568,
2026-09-25,determinista,ukmo_global_deterministic_10km,2026-09-24 00:00,False,corral,2026-09-26 00:00,48.0,5.0,0.0,5.0,
2026-09-25,determinista,ukmo_global_deterministic_10km,2026-09-24 00:00,False,corral_essal,2026-09-26 00:00,48.0,2.0,0.0,2.0,
2026-09-25,determinista,ukmo_global_deterministic_10km,2026-09-24 00:00,False,curinanco,2026-09-26 00:00,48.0,2.0,1.4,0.6000000000000001,
2026-09-25,determinista,ukmo_global_deterministic_10km,2026-09-24 00:00,False,islateja,2026-09-26 00:00,48.0,1.4000000953674316,1.6,0.19999990463256845,
2026-09-25,determinista,ukmo_global_deterministic_10km,2026-09-24 00:00,False,las_lomas,2026-09-26 00:00,48.0,0.10000000149011612,2.0,1.8999999985098839,
2026-09-25,determinista,ukmo_global_deterministic_10km,2026-09-24 00:00,False,llancahue,2026-09-26 00:00,48.0,1.5,1.2,0.30000000000000004,
2026-09-25,determinista,ukmo_global_deterministic_10km,2026-09-24 00:00,False,pichoy,2026-09-26 00:00,48.0,0.6000000238418579,6.4,5.7999999761581424,
2026-09-25,determinista,ukmo_global_deterministic_10km,2026-09-24 00:00,False,zona_costa,2026-09-26 00:00,48.0,4.150000095367432,0.35,3.8000000953674316,
2026-09-25,determinista,ukmo_global_deterministic_10km,2026-09-24 00:00,False,zona_ciudad,2026-09-26 00:00,48.0,1.3333333730697632,1.1333333333333333,0.20000003973642988,
2026-09-25,determinista,ukmo_global_deterministic_10km,2026-09-24 00:00,False,zona_interior,2026-09-26 00:00,48.0,0.3500000238418579,4.2,3.8499999761581423,
2026-09-25,determinista,ukmo_global_deterministic_10km,2026-09-24 00:00,False,austral,2026-09-26 06:00,54.0,3.700000047683716,3.3,0.400000047683716,
2026-09-25,determinista,ukmo_global_deterministic_10km,2026-09-24 00:00,False,chaihuin,2026-09-26 06:00,54.0,2.4000000953674316,0.0,2.4000000953674316,
2026-09-25,determinista,ukmo_global_deterministic_10km,2026-09-24 00:00,False,corral,2026-09-26 06:00,54.0,4.199999809265137,0.0,4.199999809265137,
2026-09-25,determinista,ukmo_global_deterministic_10km,2026-09-24 00:00,False,corral_essal,2026-09-26 06:00,54.0,3.799999952316284,2.9000000000000004,0.8999999523162838,
2026-09-25,determinista,ukmo_global_deterministic_10km,2026-09-24 00:00,False,curinanco,2026-09-26 06:00,54.0,6.199999809265137,1.3,4.899999809265137,
2026-09-25,determinista,ukmo_global_deterministic_10km,2026-09-24 00:00,False,islateja,2026-09-26 06:00,54.0,3.9000000953674316,2.4000000000000004,1.5000000953674313,
2026-09-25,determinista,ukmo_global_deterministic_10km,2026-09-24 00:00,False,las_lomas,2026-09-26 06:00,54.0,3.6000001430511475,0.6,3.0000001430511474,
2026-09-25,determinista,ukmo_global_deterministic_10km,2026-09-24 00:00,False,llancahue,2026-09-26 06:00,54.0,5.300000190734863,2.0,3.3000001907348633,
2026-09-25,determinista,ukmo_global_deterministic_10km,2026-09-24 00:00,False,pichoy,2026-09-26 06:00,54.0,4.099999904632568,1.5999999999999999,2.4999999046325687,
2026-09-25,determinista,ukmo_global_deterministic_10km,2026-09-24 00:00,False,zona_costa,2026-09-26 06:00,54.0,4.149999618530273,1.05,3.0999996185302736,
2026-09-25,determinista,ukmo_global_deterministic_10km,2026-09-24 00:00,False,zona_ciudad,2026-09-26 06:00,54.0,4.300000190734863,2.566666666666667,1.7333335240681964,
2026-09-25,determinista,ukmo_global_deterministic_10km,2026-09-24 00:00,False,zona_interior,2026-09-26 06:00,54.0,3.8499999046325684,1.0999999999999999,2.7499999046325687,
2026-09-25,determinista,ukmo_global_deterministic_10km,2026-09-24 00:00,False,austral,2026-09-26 12:00,60.0,12.690000534057617,2.2,10.490000534057618,
2026-09-25,determinista,ukmo_global_deterministic_10km,2026-09-24 00:00,False,chaihuin,2026-09-26 12:00,60.0,14.609999656677246,4.3,10.309999656677245,
2026-09-25,determinista,ukmo_global_deterministic_10km,2026-09-24 00:00,False,corral,2026-09-26 12:00,60.0,12.300000190734863,8.600000000000001,3.700000190734862,
2026-09-25,determinista,ukmo_global_deterministic_10km,2026-09-24 00:00,False,corral_essal,2026-09-26 12:00,60.0,8.699999809265137,30.5,21.800000190734863,
2026-09-25,determinista,ukmo_global_deterministic_10km,2026-09-24 00:00,False,curinanco,2026-09-26 12:00,60.0,11.699999809265137,2.8,8.899999809265136,
2026-09-25,determinista,ukmo_global_deterministic_10km,2026-09-24 00:00,False,islateja,2026-09-26 12:00,60.0,7.37999963760376,2.6,4.77999963760376,
2026-09-25,determinista,ukmo_global_deterministic_10km,2026-09-24 00:00,False,las_lomas,2026-09-26 12:00,60.0,21.30000114440918,0.4,20.90000114440918,
2026-09-25,determinista,ukmo_global_deterministic_10km,2026-09-24 00:00,False,llancahue,2026-09-26 12:00,60.0,14.40000057220459,2.5,11.90000057220459,
2026-09-25,determinista,ukmo_global_deterministic_10km,2026-09-24 00:00,False,pichoy,2026-09-26 12:00,60.0,23.099998474121094,0.8,22.299998474121093,
2026-09-25,determinista,ukmo_global_deterministic_10km,2026-09-24 00:00,False,zona_costa,2026-09-26 12:00,60.0,11.827500343322754,11.55,0.2775003433227532,
2026-09-25,determinista,ukmo_global_deterministic_10km,2026-09-24 00:00,False,zona_ciudad,2026-09-26 12:00,60.0,11.49000072479248,2.433333333333333,9.056667391459147,
2026-09-25,determinista,ukmo_global_deterministic_10km,2026-09-24 00:00,False,zona_interior,2026-09-26 12:00,60.0,22.200000762939453,0.6000000000000001,21.60000076293945,
2026-09-25,determinista,ukmo_global_deterministic_10km,2026-09-24 00:00,False,austral,2026-09-26 18:00,66.0,11.699999809265137,6.9,4.799999809265136,
2026-09-25,determinista,ukmo_global_deterministic_10km,2026-09-24 00:00,False,chaihuin,2026-09-26 18:00,66.0,15.210000038146973,25.3,10.089999961853028,
2026-09-25,determinista,ukmo_global_deterministic_10km,2026-09-24 00:00,False,corral,2026-09-26 18:00,66.0,14.819999694824219,31.200000000000003,16.380000305175784,
2026-09-25,determinista,ukmo_global_deterministic_10km,2026-09-24 00:00,False,corral_essal,2026-09-26 18:00,66.0,12.510000228881836,16.6,4.0899997711181655,
2026-09-25,determinista,ukmo_global_deterministic_10km,2026-09-24 00:00,False,curinanco,2026-09-26 18:00,66.0,17.78999900817871,13.100000000000001,4.6899990081787095,
2026-09-25,determinista,ukmo_global_deterministic_10km,2026-09-24 00:00,False,islateja,2026-09-26 18:00,66.0,13.710000038146973,10.5,3.2100000381469727,
2026-09-25,determinista,ukmo_global_deterministic_10km,2026-09-24 00:00,False,las_lomas,2026-09-26 18:00,66.0,9.90000057220459,1.2000000000000002,8.70000057220459,
2026-09-25,determinista,ukmo_global_deterministic_10km,2026-09-24 00:00,False,llancahue,2026-09-26 18:00,66.0,17.610000610351562,13.899999999999999,3.710000610351564,
2026-09-25,determinista,ukmo_global_deterministic_10km,2026-09-24 00:00,False,pichoy,2026-09-26 18:00,66.0,8.399999618530273,0.8,7.599999618530274,
2026-09-25,determinista,ukmo_global_deterministic_10km,2026-09-24 00:00,False,zona_costa,2026-09-26 18:00,66.0,15.082500457763672,21.550000000000004,6.467499542236332,
2026-09-25,determinista,ukmo_global_deterministic_10km,2026-09-24 00:00,False,zona_ciudad,2026-09-26 18:00,66.0,14.34000015258789,10.433333333333332,3.906666819254559,
2026-09-25,determinista,ukmo_global_deterministic_10km,2026-09-24 00:00,False,zona_interior,2026-09-26 18:00,66.0,9.149999618530273,1.0,8.149999618530273,
2026-09-25,determinista,ukmo_global_deterministic_10km,2026-09-24 00:00,False,austral,2026-09-27 00:00,72.0,10.289999961853027,9.7,0.589999961853028,
2026-09-25,determinista,ukmo_global_deterministic_10km,2026-09-24 00:00,False,chaihuin,2026-09-27 00:00,72.0,17.610000610351562,21.3,3.689999389648438,
2026-09-25,determinista,ukmo_global_deterministic_10km,2026-09-24 00:00,False,corral,2026-09-27 00:00,72.0,12.90000057220459,19.7,6.7999994277954094,
2026-09-25,determinista,ukmo_global_deterministic_10km,2026-09-24 00:00,False,corral_essal,2026-09-27 00:00,72.0,9.780000686645508,6.2,3.5800006866455076,
2026-09-25,determinista,ukmo_global_deterministic_10km,2026-09-24 00:00,False,curinanco,2026-09-27 00:00,72.0,14.49000072479248,14.7,0.20999927520751882,
2026-09-25,determinista,ukmo_global_deterministic_10km,2026-09-24 00:00,False,islateja,2026-09-27 00:00,72.0,8.579999923706055,7.699999999999999,0.8799999237060554,
2026-09-25,determinista,ukmo_global_deterministic_10km,2026-09-24 00:00,False,las_lomas,2026-09-27 00:00,72.0,13.380000114440918,0.9,12.480000114440918,
2026-09-25,determinista,ukmo_global_deterministic_10km,2026-09-24 00:00,False,llancahue,2026-09-27 00:00,72.0,12.09000015258789,13.1,1.009999847412109,
2026-09-25,determinista,ukmo_global_deterministic_10km,2026-09-24 00:00,False,pichoy,2026-09-27 00:00,72.0,9.390000343322754,0.4,8.990000343322754,
2026-09-25,determinista,ukmo_global_deterministic_10km,2026-09-24 00:00,False,zona_costa,2026-09-27 00:00,72.0,13.694999694824219,15.475000000000001,1.7800003051757827,
2026-09-25,determinista,ukmo_global_deterministic_10km,2026-09-24 00:00,False,zona_ciudad,2026-09-27 00:00,72.0,10.319999694824219,10.166666666666666,0.15333302815755268,
2026-09-25,determinista,ukmo_global_deterministic_10km,2026-09-24 00:00,False,zona_interior,2026-09-27 00:00,72.0,11.385000228881836,0.65,10.735000228881836,
2026-09-25,determinista,ukmo_global_deterministic_10km,2026-09-24 12:00,False,austral,2026-09-26 00:00,36.0,0.0,0.6,0.6,
2026-09-25,determinista,ukmo_global_deterministic_10km,2026-09-24 12:00,False,chaihuin,2026-09-26 00:00,36.0,2.4000000953674316,0.0,2.4000000953674316,
2026-09-25,determinista,ukmo_global_deterministic_10km,2026-09-24 12:00,False,corral,2026-09-26 00:00,36.0,0.800000011920929,0.0,0.800000011920929,
2026-09-25,determinista,ukmo_global_deterministic_10km,2026-09-24 12:00,False,corral_essal,2026-09-26 00:00,36.0,0.30000001192092896,0.0,0.30000001192092896,
2026-09-25,determinista,ukmo_global_deterministic_10km,2026-09-24 12:00,False,curinanco,2026-09-26 00:00,36.0,0.20000000298023224,1.4,1.1999999970197677,
2026-09-25,determinista,ukmo_global_deterministic_10km,2026-09-24 12:00,False,islateja,2026-09-26 00:00,36.0,0.6000000238418579,1.6,0.9999999761581422,
2026-09-25,determinista,ukmo_global_deterministic_10km,2026-09-24 12:00,False,las_lomas,2026-09-26 00:00,36.0,0.10000000149011612,2.0,1.8999999985098839,
2026-09-25,determinista,ukmo_global_deterministic_10km,2026-09-24 12:00,False,llancahue,2026-09-26 00:00,36.0,0.9000000357627869,1.2,0.2999999642372131,
2026-09-25,determinista,ukmo_global_deterministic_10km,2026-09-24 12:00,False,pichoy,2026-09-26 00:00,36.0,0.0,6.4,6.4,
2026-09-25,determinista,ukmo_global_deterministic_10km,2026-09-24 12:00,False,zona_costa,2026-09-26 00:00,36.0,0.925000011920929,0.35,0.575000011920929,
2026-09-25,determinista,ukmo_global_deterministic_10km,2026-09-24 12:00,False,zona_ciudad,2026-09-26 00:00,36.0,0.5,1.1333333333333333,0.6333333333333333,
2026-09-25,determinista,ukmo_global_deterministic_10km,2026-09-24 12:00,False,zona_interior,2026-09-26 00:00,36.0,0.05000000074505806,4.2,4.149999999254942,
2026-09-25,determinista,ukmo_global_deterministic_10km,2026-09-24 12:00,False,austral,2026-09-26 06:00,42.0,0.4000000059604645,3.3,2.8999999940395353,
2026-09-25,determinista,ukmo_global_deterministic_10km,2026-09-24 12:00,False,chaihuin,2026-09-26 06:00,42.0,4.800000190734863,0.0,4.800000190734863,
2026-09-25,determinista,ukmo_global_deterministic_10km,2026-09-24 12:00,False,corral,2026-09-26 06:00,42.0,1.600000023841858,0.0,1.600000023841858,
2026-09-25,determinista,ukmo_global_deterministic_10km,2026-09-24 12:00,False,corral_essal,2026-09-26 06:00,42.0,0.7000000476837158,2.9000000000000004,2.1999999523162845,
2026-09-25,determinista,ukmo_global_deterministic_10km,2026-09-24 12:00,False,curinanco,2026-09-26 06:00,42.0,0.7000000476837158,1.3,0.5999999523162842,
2026-09-25,determinista,ukmo_global_deterministic_10km,2026-09-24 12:00,False,islateja,2026-09-26 06:00,42.0,0.5,2.4000000000000004,1.9000000000000004,
2026-09-25,determinista,ukmo_global_deterministic_10km,2026-09-24 12:00,False,las_lomas,2026-09-26 06:00,42.0,0.20000000298023224,0.6,0.39999999701976774,
2026-09-25,determinista,ukmo_global_deterministic_10km,2026-09-24 12:00,False,llancahue,2026-09-26 06:00,42.0,1.5,2.0,0.5,
2026-09-25,determinista,ukmo_global_deterministic_10km,2026-09-24 12:00,False,pichoy,2026-09-26 06:00,42.0,0.20000000298023224,1.5999999999999999,1.3999999970197676,
2026-09-25,determinista,ukmo_global_deterministic_10km,2026-09-24 12:00,False,zona_costa,2026-09-26 06:00,42.0,1.9500000476837158,1.05,0.9000000476837158,
2026-09-25,determinista,ukmo_global_deterministic_10km,2026-09-24 12:00,False,zona_ciudad,2026-09-26 06:00,42.0,0.800000011920929,2.566666666666667,1.766666654745738,
2026-09-25,determinista,ukmo_global_deterministic_10km,2026-09-24 12:00,False,zona_interior,2026-09-26 06:00,42.0,0.20000000298023224,1.0999999999999999,0.8999999970197676,
2026-09-25,determinista,ukmo_global_deterministic_10km,2026-09-24 12:00,False,austral,2026-09-26 12:00,48.0,12.300000190734863,2.2,10.100000190734864,
2026-09-25,determinista,ukmo_global_deterministic_10km,2026-09-24 12:00,False,chaihuin,2026-09-26 12:00,48.0,23.600000381469727,4.3,19.300000381469726,
2026-09-25,determinista,ukmo_global_deterministic_10km,2026-09-24 12:00,False,corral,2026-09-26 12:00,48.0,21.600000381469727,8.600000000000001,13.000000381469725,
2026-09-25,determinista,ukmo_global_deterministic_10km,2026-09-24 12:00,False,corral_essal,2026-09-26 12:00,48.0,15.899999618530273,30.5,14.600000381469727,
2026-09-25,determinista,ukmo_global_deterministic_10km,2026-09-24 12:00,False,curinanco,2026-09-26 12:00,48.0,17.399999618530273,2.8,14.599999618530273,
2026-09-25,determinista,ukmo_global_deterministic_10km,2026-09-24 12:00,False,islateja,2026-09-26 12:00,48.0,15.899999618530273,2.6,13.299999618530274,
2026-09-25,determinista,ukmo_global_deterministic_10km,2026-09-24 12:00,False,las_lomas,2026-09-26 12:00,48.0,3.6000001430511475,0.4,3.2000001430511475,
2026-09-25,determinista,ukmo_global_deterministic_10km,2026-09-24 12:00,False,llancahue,2026-09-26 12:00,48.0,13.399999618530273,2.5,10.899999618530273,
2026-09-25,determinista,ukmo_global_deterministic_10km,2026-09-24 12:00,False,pichoy,2026-09-26 12:00,48.0,7.0,0.8,6.2,
2026-09-25,determinista,ukmo_global_deterministic_10km,2026-09-24 12:00,False,zona_costa,2026-09-26 12:00,48.0,19.625,11.55,8.075,
2026-09-25,determinista,ukmo_global_deterministic_10km,2026-09-24 12:00,False,zona_ciudad,2026-09-26 12:00,48.0,13.866665840148926,2.433333333333333,11.433332506815592,
2026-09-25,determinista,ukmo_global_deterministic_10km,2026-09-24 12:00,False,zona_interior,2026-09-26 12:00,48.0,5.300000190734863,0.6000000000000001,4.700000190734864,
2026-09-25,determinista,ukmo_global_deterministic_10km,2026-09-24 12:00,False,austral,2026-09-26 18:00,54.0,17.200000762939453,6.9,10.300000762939453,
2026-09-25,determinista,ukmo_global_deterministic_10km,2026-09-24 12:00,False,chaihuin,2026-09-26 18:00,54.0,10.600000381469727,25.3,14.699999618530274,
2026-09-25,determinista,ukmo_global_deterministic_10km,2026-09-24 12:00,False,corral,2026-09-26 18:00,54.0,12.899999618530273,31.200000000000003,18.30000038146973,
2026-09-25,determinista,ukmo_global_deterministic_10km,2026-09-24 12:00,False,corral_essal,2026-09-26 18:00,54.0,13.600000381469727,16.6,2.999999618530275,
2026-09-25,determinista,ukmo_global_deterministic_10km,2026-09-24 12:00,False,curinanco,2026-09-26 18:00,54.0,24.600000381469727,13.100000000000001,11.500000381469725,
2026-09-25,determinista,ukmo_global_deterministic_10km,2026-09-24 12:00,False,islateja,2026-09-26 18:00,54.0,19.799999237060547,10.5,9.299999237060547,
2026-09-25,determinista,ukmo_global_deterministic_10km,2026-09-24 12:00,False,las_lomas,2026-09-26 18:00,54.0,13.799999237060547,1.2000000000000002,12.599999237060548,
2026-09-25,determinista,ukmo_global_deterministic_10km,2026-09-24 12:00,False,llancahue,2026-09-26 18:00,54.0,28.600000381469727,13.899999999999999,14.700000381469728,
2026-09-25,determinista,ukmo_global_deterministic_10km,2026-09-24 12:00,False,pichoy,2026-09-26 18:00,54.0,15.600000381469727,0.8,14.800000381469726,
2026-09-25,determinista,ukmo_global_deterministic_10km,2026-09-24 12:00,False,zona_costa,2026-09-26 18:00,54.0,15.424999237060547,21.550000000000004,6.125000762939457,
2026-09-25,determinista,ukmo_global_deterministic_10km,2026-09-24 12:00,False,zona_ciudad,2026-09-26 18:00,54.0,21.866668701171875,10.433333333333332,11.433335367838543,
2026-09-25,determinista,ukmo_global_deterministic_10km,2026-09-24 12:00,False,zona_interior,2026-09-26 18:00,54.0,14.699999809265137,1.0,13.699999809265137,
2026-09-25,determinista,ukmo_global_deterministic_10km,2026-09-24 12:00,False,austral,2026-09-27 00:00,60.0,14.700000762939453,9.7,5.000000762939454,
2026-09-25,determinista,ukmo_global_deterministic_10km,2026-09-24 12:00,False,chaihuin,2026-09-27 00:00,60.0,15.600000381469727,21.3,5.699999618530274,
2026-09-25,determinista,ukmo_global_deterministic_10km,2026-09-24 12:00,False,corral,2026-09-27 00:00,60.0,12.210000038146973,19.7,7.489999961853027,
2026-09-25,determinista,ukmo_global_deterministic_10km,2026-09-24 12:00,False,corral_essal,2026-09-27 00:00,60.0,12.90000057220459,6.2,6.70000057220459,
2026-09-25,determinista,ukmo_global_deterministic_10km,2026-09-24 12:00,False,curinanco,2026-09-27 00:00,60.0,18.780000686645508,14.7,4.0800006866455085,
2026-09-25,determinista,ukmo_global_deterministic_10km,2026-09-24 12:00,False,islateja,2026-09-27 00:00,60.0,14.190000534057617,7.699999999999999,6.490000534057618,
2026-09-25,determinista,ukmo_global_deterministic_10km,2026-09-24 12:00,False,las_lomas,2026-09-27 00:00,60.0,13.710000038146973,0.9,12.810000038146972,
2026-09-25,determinista,ukmo_global_deterministic_10km,2026-09-24 12:00,False,llancahue,2026-09-27 00:00,60.0,18.780000686645508,13.1,5.680000686645508,
2026-09-25,determinista,ukmo_global_deterministic_10km,2026-09-24 12:00,False,pichoy,2026-09-27 00:00,60.0,11.789999961853027,0.4,11.389999961853027,
2026-09-25,determinista,ukmo_global_deterministic_10km,2026-09-24 12:00,False,zona_costa,2026-09-27 00:00,60.0,14.872501373291016,15.475000000000001,0.6024986267089858,
2026-09-25,determinista,ukmo_global_deterministic_10km,2026-09-24 12:00,False,zona_ciudad,2026-09-27 00:00,60.0,15.890000343322754,10.166666666666666,5.723333676656088,
2026-09-25,determinista,ukmo_global_deterministic_10km,2026-09-24 12:00,False,zona_interior,2026-09-27 00:00,60.0,12.75,0.65,12.1,
2026-09-25,determinista,ukmo_global_deterministic_10km,2026-09-25 00:00,False,austral,2026-09-26 00:00,24.0,0.4000000059604645,0.6,0.1999999940395355,
2026-09-25,determinista,ukmo_global_deterministic_10km,2026-09-25 00:00,False,chaihuin,2026-09-26 00:00,24.0,2.1000001430511475,0.0,2.1000001430511475,
2026-09-25,determinista,ukmo_global_deterministic_10km,2026-09-25 00:00,False,corral,2026-09-26 00:00,24.0,0.5,0.0,0.5,
2026-09-25,determinista,ukmo_global_deterministic_10km,2026-09-25 00:00,False,corral_essal,2026-09-26 00:00,24.0,0.30000001192092896,0.0,0.30000001192092896,
2026-09-25,determinista,ukmo_global_deterministic_10km,2026-09-25 00:00,False,curinanco,2026-09-26 00:00,24.0,0.20000000298023224,1.4,1.1999999970197677,
2026-09-25,determinista,ukmo_global_deterministic_10km,2026-09-25 00:00,False,islateja,2026-09-26 00:00,24.0,0.30000001192092896,1.6,1.2999999880790711,
2026-09-25,determinista,ukmo_global_deterministic_10km,2026-09-25 00:00,False,las_lomas,2026-09-26 00:00,24.0,0.5,2.0,1.5,
2026-09-25,determinista,ukmo_global_deterministic_10km,2026-09-25 00:00,False,llancahue,2026-09-26 00:00,24.0,0.800000011920929,1.2,0.399999988079071,
2026-09-25,determinista,ukmo_global_deterministic_10km,2026-09-25 00:00,False,pichoy,2026-09-26 00:00,24.0,0.4000000059604645,6.4,5.999999994039536,
2026-09-25,determinista,ukmo_global_deterministic_10km,2026-09-25 00:00,False,zona_costa,2026-09-26 00:00,24.0,0.7750000357627869,0.35,0.4250000357627869,
2026-09-25,determinista,ukmo_global_deterministic_10km,2026-09-25 00:00,False,zona_ciudad,2026-09-26 00:00,24.0,0.5,1.1333333333333333,0.6333333333333333,
2026-09-25,determinista,ukmo_global_deterministic_10km,2026-09-25 00:00,False,zona_interior,2026-09-26 00:00,24.0,0.44999998807907104,4.2,3.750000011920929,
2026-09-25,determinista,ukmo_global_deterministic_10km,2026-09-25 00:00,False,austral,2026-09-26 06:00,30.0,1.100000023841858,3.3,2.199999976158142,
2026-09-25,determinista,ukmo_global_deterministic_10km,2026-09-25 00:00,False,chaihuin,2026-09-26 06:00,30.0,2.8000001907348633,0.0,2.8000001907348633,
2026-09-25,determinista,ukmo_global_deterministic_10km,2026-09-25 00:00,False,corral,2026-09-26 06:00,30.0,1.600000023841858,0.0,1.600000023841858,
2026-09-25,determinista,ukmo_global_deterministic_10km,2026-09-25 00:00,False,corral_essal,2026-09-26 06:00,30.0,1.3000000715255737,2.9000000000000004,1.5999999284744266,
2026-09-25,determinista,ukmo_global_deterministic_10km,2026-09-25 00:00,False,curinanco,2026-09-26 06:00,30.0,2.0999999046325684,1.3,0.7999999046325683,
2026-09-25,determinista,ukmo_global_deterministic_10km,2026-09-25 00:00,False,islateja,2026-09-26 06:00,30.0,0.7000000476837158,2.4000000000000004,1.6999999523162845,
2026-09-25,determinista,ukmo_global_deterministic_10km,2026-09-25 00:00,False,las_lomas,2026-09-26 06:00,30.0,0.20000000298023224,0.6,0.39999999701976774,
2026-09-25,determinista,ukmo_global_deterministic_10km,2026-09-25 00:00,False,llancahue,2026-09-26 06:00,30.0,1.0,2.0,1.0,
2026-09-25,determinista,ukmo_global_deterministic_10km,2026-09-25 00:00,False,pichoy,2026-09-26 06:00,30.0,0.6000000238418579,1.5999999999999999,0.999999976158142,
2026-09-25,determinista,ukmo_global_deterministic_10km,2026-09-25 00:00,False,zona_costa,2026-09-26 06:00,30.0,1.9500000476837158,1.05,0.9000000476837158,
2026-09-25,determinista,ukmo_global_deterministic_10km,2026-09-25 00:00,False,zona_ciudad,2026-09-26 06:00,30.0,0.9333333969116211,2.566666666666667,1.6333332697550458,
2026-09-25,determinista,ukmo_global_deterministic_10km,2026-09-25 00:00,False,zona_interior,2026-09-26 06:00,30.0,0.4000000059604645,1.0999999999999999,0.6999999940395354,
2026-09-25,determinista,ukmo_global_deterministic_10km,2026-09-25 00:00,False,austral,2026-09-26 12:00,36.0,5.5,2.2,3.3,
2026-09-25,determinista,ukmo_global_deterministic_10km,2026-09-25 00:00,False,chaihuin,2026-09-26 12:00,36.0,11.899999618530273,4.3,7.599999618530274,
2026-09-25,determinista,ukmo_global_deterministic_10km,2026-09-25 00:00,False,corral,2026-09-26 12:00,36.0,6.899999618530273,8.600000000000001,1.700000381469728,
2026-09-25,determinista,ukmo_global_deterministic_10km,2026-09-25 00:00,False,corral_essal,2026-09-26 12:00,36.0,6.899999618530273,30.5,23.600000381469727,
2026-09-25,determinista,ukmo_global_deterministic_10km,2026-09-25 00:00,False,curinanco,2026-09-26 12:00,36.0,8.600000381469727,2.8,5.800000381469727,
2026-09-25,determinista,ukmo_global_deterministic_10km,2026-09-25 00:00,False,islateja,2026-09-26 12:00,36.0,5.599999904632568,2.6,2.9999999046325683,
2026-09-25,determinista,ukmo_global_deterministic_10km,2026-09-25 00:00,False,las_lomas,2026-09-26 12:00,36.0,0.4000000059604645,0.4,5.960464455334602e-09,
2026-09-25,determinista,ukmo_global_deterministic_10km,2026-09-25 00:00,False,llancahue,2026-09-26 12:00,36.0,4.199999809265137,2.5,1.6999998092651367,
2026-09-25,determinista,ukmo_global_deterministic_10km,2026-09-25 00:00,False,pichoy,2026-09-26 12:00,36.0,2.0999999046325684,0.8,1.2999999046325683,
2026-09-25,determinista,ukmo_global_deterministic_10km,2026-09-25 00:00,False,zona_costa,2026-09-26 12:00,36.0,8.574999809265137,11.55,2.975000190734864,
2026-09-25,determinista,ukmo_global_deterministic_10km,2026-09-25 00:00,False,zona_ciudad,2026-09-26 12:00,36.0,5.099999904632568,2.433333333333333,2.6666665712992352,
2026-09-25,determinista,ukmo_global_deterministic_10km,2026-09-25 00:00,False,zona_interior,2026-09-26 12:00,36.0,1.25,0.6000000000000001,0.6499999999999999,
2026-09-25,determinista,ukmo_global_deterministic_10km,2026-09-25 00:00,False,austral,2026-09-26 18:00,42.0,15.0,6.9,8.1,
2026-09-25,determinista,ukmo_global_deterministic_10km,2026-09-25 00:00,False,chaihuin,2026-09-26 18:00,42.0,27.5,25.3,2.1999999999999993,
2026-09-25,determinista,ukmo_global_deterministic_10km,2026-09-25 00:00,False,corral,2026-09-26 18:00,42.0,18.299999237060547,31.200000000000003,12.900000762939456,
2026-09-25,determinista,ukmo_global_deterministic_10km,2026-09-25 00:00,False,corral_essal,2026-09-26 18:00,42.0,15.5,16.6,1.1000000000000014,
2026-09-25,determinista,ukmo_global_deterministic_10km,2026-09-25 00:00,False,curinanco,2026-09-26 18:00,42.0,22.5,13.100000000000001,9.399999999999999,
2026-09-25,determinista,ukmo_global_deterministic_10km,2026-09-25 00:00,False,islateja,2026-09-26 18:00,42.0,14.899999618530273,10.5,4.399999618530273,
2026-09-25,determinista,ukmo_global_deterministic_10km,2026-09-25 00:00,False,las_lomas,2026-09-26 18:00,42.0,9.199999809265137,1.2000000000000002,7.9999998092651365,
2026-09-25,determinista,ukmo_global_deterministic_10km,2026-09-25 00:00,False,llancahue,2026-09-26 18:00,42.0,20.600000381469727,13.899999999999999,6.700000381469728,
2026-09-25,determinista,ukmo_global_deterministic_10km,2026-09-25 00:00,False,pichoy,2026-09-26 18:00,42.0,11.699999809265137,0.8,10.899999809265136,
2026-09-25,determinista,ukmo_global_deterministic_10km,2026-09-25 00:00,False,zona_costa,2026-09-26 18:00,42.0,20.950000762939453,21.550000000000004,0.5999992370605511,
2026-09-25,determinista,ukmo_global_deterministic_10km,2026-09-25 00:00,False,zona_ciudad,2026-09-26 18:00,42.0,16.83333396911621,10.433333333333332,6.400000635782879,
2026-09-25,determinista,ukmo_global_deterministic_10km,2026-09-25 00:00,False,zona_interior,2026-09-26 18:00,42.0,10.449999809265137,1.0,9.449999809265137,
2026-09-25,determinista,ukmo_global_deterministic_10km,2026-09-25 00:00,False,austral,2026-09-27 00:00,48.0,10.300000190734863,9.7,0.600000190734864,
2026-09-25,determinista,ukmo_global_deterministic_10km,2026-09-25 00:00,False,chaihuin,2026-09-27 00:00,48.0,4.300000190734863,21.3,16.999999809265137,
2026-09-25,determinista,ukmo_global_deterministic_10km,2026-09-25 00:00,False,corral,2026-09-27 00:00,48.0,6.5,19.7,13.2,
2026-09-25,determinista,ukmo_global_deterministic_10km,2026-09-25 00:00,False,corral_essal,2026-09-27 00:00,48.0,5.099999904632568,6.2,1.1000000953674318,
2026-09-25,determinista,ukmo_global_deterministic_10km,2026-09-25 00:00,False,curinanco,2026-09-27 00:00,48.0,10.699999809265137,14.7,4.000000190734863,
2026-09-25,determinista,ukmo_global_deterministic_10km,2026-09-25 00:00,False,islateja,2026-09-27 00:00,48.0,8.100000381469727,7.699999999999999,0.4000003814697273,
2026-09-25,determinista,ukmo_global_deterministic_10km,2026-09-25 00:00,False,las_lomas,2026-09-27 00:00,48.0,20.0,0.9,19.1,
2026-09-25,determinista,ukmo_global_deterministic_10km,2026-09-25 00:00,False,llancahue,2026-09-27 00:00,48.0,14.5,13.1,1.4000000000000004,
2026-09-25,determinista,ukmo_global_deterministic_10km,2026-09-25 00:00,False,pichoy,2026-09-27 00:00,48.0,17.899999618530273,0.4,17.499999618530275,
2026-09-25,determinista,ukmo_global_deterministic_10km,2026-09-25 00:00,False,zona_costa,2026-09-27 00:00,48.0,6.650000095367432,15.475000000000001,8.82499990463257,
2026-09-25,determinista,ukmo_global_deterministic_10km,2026-09-25 00:00,False,zona_ciudad,2026-09-27 00:00,48.0,10.966667175292969,10.166666666666666,0.8000005086263027,
2026-09-25,determinista,ukmo_global_deterministic_10km,2026-09-25 00:00,False,zona_interior,2026-09-27 00:00,48.0,18.950000762939453,0.65,18.300000762939455,
2026-09-25,determinista,ukmo_global_deterministic_10km,2026-09-25 12:00,False,austral,2026-09-26 00:00,12.0,1.0,0.6,0.4,
2026-09-25,determinista,ukmo_global_deterministic_10km,2026-09-25 12:00,False,chaihuin,2026-09-26 00:00,12.0,1.8000000715255737,0.0,1.8000000715255737,
2026-09-25,determinista,ukmo_global_deterministic_10km,2026-09-25 12:00,False,corral,2026-09-26 00:00,12.0,1.600000023841858,0.0,1.600000023841858,
2026-09-25,determinista,ukmo_global_deterministic_10km,2026-09-25 12:00,False,corral_essal,2026-09-26 00:00,12.0,0.5,0.0,0.5,
2026-09-25,determinista,ukmo_global_deterministic_10km,2026-09-25 12:00,False,curinanco,2026-09-26 00:00,12.0,0.8999999761581421,1.4,0.5000000238418578,
2026-09-25,determinista,ukmo_global_deterministic_10km,2026-09-25 12:00,False,islateja,2026-09-26 00:00,12.0,1.0,1.6,0.6000000000000001,
2026-09-25,determinista,ukmo_global_deterministic_10km,2026-09-25 12:00,False,las_lomas,2026-09-26 00:00,12.0,0.7000000476837158,2.0,1.2999999523162842,
2026-09-25,determinista,ukmo_global_deterministic_10km,2026-09-25 12:00,False,llancahue,2026-09-26 00:00,12.0,1.5,1.2,0.30000000000000004,
2026-09-25,determinista,ukmo_global_deterministic_10km,2026-09-25 12:00,False,pichoy,2026-09-26 00:00,12.0,0.5,6.4,5.9,
2026-09-25,determinista,ukmo_global_deterministic_10km,2026-09-25 12:00,False,zona_costa,2026-09-26 00:00,12.0,1.2000000476837158,0.35,0.8500000476837158,
2026-09-25,determinista,ukmo_global_deterministic_10km,2026-09-25 12:00,False,zona_ciudad,2026-09-26 00:00,12.0,1.1666666269302368,1.1333333333333333,0.03333329359690351,
2026-09-25,determinista,ukmo_global_deterministic_10km,2026-09-25 12:00,False,zona_interior,2026-09-26 00:00,12.0,0.6000000238418579,4.2,3.5999999761581423,
2026-09-25,determinista,ukmo_global_deterministic_10km,2026-09-25 12:00,False,austral,2026-09-26 06:00,18.0,1.100000023841858,3.3,2.199999976158142,
2026-09-25,determinista,ukmo_global_deterministic_10km,2026-09-25 12:00,False,chaihuin,2026-09-26 06:00,18.0,2.8000001907348633,0.0,2.8000001907348633,
2026-09-25,determinista,ukmo_global_deterministic_10km,2026-09-25 12:00,False,corral,2026-09-26 06:00,18.0,1.7000000476837158,0.0,1.7000000476837158,
2026-09-25,determinista,ukmo_global_deterministic_10km,2026-09-25 12:00,False,corral_essal,2026-09-26 06:00,18.0,0.8999999761581421,2.9000000000000004,2.0000000238418583,
2026-09-25,determinista,ukmo_global_deterministic_10km,2026-09-25 12:00,False,curinanco,2026-09-26 06:00,18.0,1.9000000953674316,1.3,0.6000000953674316,
2026-09-25,determinista,ukmo_global_deterministic_10km,2026-09-25 12:00,False,islateja,2026-09-26 06:00,18.0,0.800000011920929,2.4000000000000004,1.5999999880790714,
2026-09-25,determinista,ukmo_global_deterministic_10km,2026-09-25 12:00,False,las_lomas,2026-09-26 06:00,18.0,0.20000000298023224,0.6,0.39999999701976774,
2026-09-25,determinista,ukmo_global_deterministic_10km,2026-09-25 12:00,False,llancahue,2026-09-26 06:00,18.0,1.600000023841858,2.0,0.3999999761581421,
2026-09-25,determinista,ukmo_global_deterministic_10km,2026-09-25 12:00,False,pichoy,2026-09-26 06:00,18.0,0.10000000149011612,1.5999999999999999,1.4999999985098837,
2026-09-25,determinista,ukmo_global_deterministic_10km,2026-09-25 12:00,False,zona_costa,2026-09-26 06:00,18.0,1.8250001668930054,1.05,0.7750001668930053,
2026-09-25,determinista,ukmo_global_deterministic_10km,2026-09-25 12:00,False,zona_ciudad,2026-09-26 06:00,18.0,1.1666666269302368,2.566666666666667,1.40000003973643,
2026-09-25,determinista,ukmo_global_deterministic_10km,2026-09-25 12:00,False,zona_interior,2026-09-26 06:00,18.0,0.15000000596046448,1.0999999999999999,0.9499999940395354,
2026-09-25,determinista,ukmo_global_deterministic_10km,2026-09-25 12:00,False,austral,2026-09-26 12:00,24.0,6.900000095367432,2.2,4.7000000953674315,
2026-09-25,determinista,ukmo_global_deterministic_10km,2026-09-25 12:00,False,chaihuin,2026-09-26 12:00,24.0,20.799999237060547,4.3,16.499999237060546,
2026-09-25,determinista,ukmo_global_deterministic_10km,2026-09-25 12:00,False,corral,2026-09-26 12:00,24.0,14.199999809265137,8.600000000000001,5.599999809265135,
2026-09-25,determinista,ukmo_global_deterministic_10km,2026-09-25 12:00,False,corral_essal,2026-09-26 12:00,24.0,10.299999237060547,30.5,20.200000762939453,
2026-09-25,determinista,ukmo_global_deterministic_10km,2026-09-25 12:00,False,curinanco,2026-09-26 12:00,24.0,12.59999942779541,2.8,9.79999942779541,
2026-09-25,determinista,ukmo_global_deterministic_10km,2026-09-25 12:00,False,islateja,2026-09-26 12:00,24.0,8.300000190734863,2.6,5.700000190734864,
2026-09-25,determinista,ukmo_global_deterministic_10km,2026-09-25 12:00,False,las_lomas,2026-09-26 12:00,24.0,1.7000000476837158,0.4,1.300000047683716,
2026-09-25,determinista,ukmo_global_deterministic_10km,2026-09-25 12:00,False,llancahue,2026-09-26 12:00,24.0,7.300000190734863,2.5,4.800000190734863,
2026-09-25,determinista,ukmo_global_deterministic_10km,2026-09-25 12:00,False,pichoy,2026-09-26 12:00,24.0,3.0,0.8,2.2,
2026-09-25,determinista,ukmo_global_deterministic_10km,2026-09-25 12:00,False,zona_costa,2026-09-26 12:00,24.0,14.47499942779541,11.55,2.9249994277954094,
2026-09-25,determinista,ukmo_global_deterministic_10km,2026-09-25 12:00,False,zona_ciudad,2026-09-26 12:00,24.0,7.5,2.433333333333333,5.066666666666666,
2026-09-25,determinista,ukmo_global_deterministic_10km,2026-09-25 12:00,False,zona_interior,2026-09-26 12:00,24.0,2.3499999046325684,0.6000000000000001,1.7499999046325683,
2026-09-25,determinista,ukmo_global_deterministic_10km,2026-09-25 12:00,False,austral,2026-09-26 18:00,30.0,13.0,6.9,6.1,
2026-09-25,determinista,ukmo_global_deterministic_10km,2026-09-25 12:00,False,chaihuin,2026-09-26 18:00,30.0,10.100000381469727,25.3,15.199999618530274,
2026-09-25,determinista,ukmo_global_deterministic_10km,2026-09-25 12:00,False,corral,2026-09-26 18:00,30.0,13.100000381469727,31.200000000000003,18.099999618530276,
2026-09-25,determinista,ukmo_global_deterministic_10km,2026-09-25 12:00,False,corral_essal,2026-09-26 18:00,30.0,12.699999809265137,16.6,3.9000001907348647,
2026-09-25,determinista,ukmo_global_deterministic_10km,2026-09-25 12:00,False,curinanco,2026-09-26 18:00,30.0,23.200000762939453,13.100000000000001,10.100000762939452,
2026-09-25,determinista,ukmo_global_deterministic_10km,2026-09-25 12:00,False,islateja,2026-09-26 18:00,30.0,14.899999618530273,10.5,4.399999618530273,
2026-09-25,determinista,ukmo_global_deterministic_10km,2026-09-25 12:00,False,las_lomas,2026-09-26 18:00,30.0,8.800000190734863,1.2000000000000002,7.600000190734863,
2026-09-25,determinista,ukmo_global_deterministic_10km,2026-09-25 12:00,False,llancahue,2026-09-26 18:00,30.0,22.600000381469727,13.899999999999999,8.700000381469728,
2026-09-25,determinista,ukmo_global_deterministic_10km,2026-09-25 12:00,False,pichoy,2026-09-26 18:00,30.0,9.199999809265137,0.8,8.399999809265136,
2026-09-25,determinista,ukmo_global_deterministic_10km,2026-09-25 12:00,False,zona_costa,2026-09-26 18:00,30.0,14.77500057220459,21.550000000000004,6.774999427795414,
2026-09-25,determinista,ukmo_global_deterministic_10km,2026-09-25 12:00,False,zona_ciudad,2026-09-26 18:00,30.0,16.83333396911621,10.433333333333332,6.400000635782879,
2026-09-25,determinista,ukmo_global_deterministic_10km,2026-09-25 12:00,False,zona_interior,2026-09-26 18:00,30.0,9.0,1.0,8.0,
2026-09-25,determinista,ukmo_global_deterministic_10km,2026-09-25 12:00,False,austral,2026-09-27 00:00,36.0,9.399999618530273,9.7,0.30000038146972585,
2026-09-25,determinista,ukmo_global_deterministic_10km,2026-09-25 12:00,False,chaihuin,2026-09-27 00:00,36.0,10.399999618530273,21.3,10.900000381469727,
2026-09-25,determinista,ukmo_global_deterministic_10km,2026-09-25 12:00,False,corral,2026-09-27 00:00,36.0,10.399999618530273,19.7,9.300000381469726,
2026-09-25,determinista,ukmo_global_deterministic_10km,2026-09-25 12:00,False,corral_essal,2026-09-27 00:00,36.0,9.300000190734863,6.2,3.100000190734863,
2026-09-25,determinista,ukmo_global_deterministic_10km,2026-09-25 12:00,False,curinanco,2026-09-27 00:00,36.0,15.299999237060547,14.7,0.5999992370605476,
2026-09-25,determinista,ukmo_global_deterministic_10km,2026-09-25 12:00,False,islateja,2026-09-27 00:00,36.0,7.700000286102295,7.699999999999999,2.8610229563241774e-07,
2026-09-25,determinista,ukmo_global_deterministic_10km,2026-09-25 12:00,False,las_lomas,2026-09-27 00:00,36.0,9.800000190734863,0.9,8.900000190734863,
2026-09-25,determinista,ukmo_global_deterministic_10km,2026-09-25 12:00,False,llancahue,2026-09-27 00:00,36.0,10.5,13.1,2.5999999999999996,
2026-09-25,determinista,ukmo_global_deterministic_10km,2026-09-25 12:00,False,pichoy,2026-09-27 00:00,36.0,7.199999809265137,0.4,6.799999809265136,
2026-09-25,determinista,ukmo_global_deterministic_10km,2026-09-25 12:00,False,zona_costa,2026-09-27 00:00,36.0,11.34999942779541,15.475000000000001,4.125000572204591,
2026-09-25,determinista,ukmo_global_deterministic_10km,2026-09-25 12:00,False,zona_ciudad,2026-09-27 00:00,36.0,9.199999809265137,10.166666666666666,0.9666668574015294,
2026-09-25,determinista,ukmo_global_deterministic_10km,2026-09-25 12:00,False,zona_interior,2026-09-27 00:00,36.0,8.5,0.65,7.85,
2026-09-25,determinista,ukmo_global_deterministic_10km,2026-09-26 00:00,False,austral,2026-09-26 06:00,6.0,1.0,3.3,2.3,
2026-09-25,determinista,ukmo_global_deterministic_10km,2026-09-26 00:00,False,chaihuin,2026-09-26 06:00,6.0,2.4000000953674316,0.0,2.4000000953674316,
2026-09-25,determinista,ukmo_global_deterministic_10km,2026-09-26 00:00,False,corral,2026-09-26 06:00,6.0,1.7000000476837158,0.0,1.7000000476837158,
2026-09-25,determinista,ukmo_global_deterministic_10km,2026-09-26 00:00,False,corral_essal,2026-09-26 06:00,6.0,0.699999988079071,2.9000000000000004,2.2000000119209293,
2026-09-25,determinista,ukmo_global_deterministic_10km,2026-09-26 00:00,False,curinanco,2026-09-26 06:00,6.0,1.9000000953674316,1.3,0.6000000953674316,
2026-09-25,determinista,ukmo_global_deterministic_10km,2026-09-26 00:00,False,islateja,2026-09-26 06:00,6.0,0.5,2.4000000000000004,1.9000000000000004,
2026-09-25,determinista,ukmo_global_deterministic_10km,2026-09-26 00:00,False,las_lomas,2026-09-26 06:00,6.0,0.4000000059604645,0.6,0.1999999940395355,
2026-09-25,determinista,ukmo_global_deterministic_10km,2026-09-26 00:00,False,llancahue,2026-09-26 06:00,6.0,1.3000000715255737,2.0,0.6999999284744263,
2026-09-25,determinista,ukmo_global_deterministic_10km,2026-09-26 00:00,False,pichoy,2026-09-26 06:00,6.0,0.4000000059604645,1.5999999999999999,1.1999999940395354,
2026-09-25,determinista,ukmo_global_deterministic_10km,2026-09-26 00:00,False,zona_costa,2026-09-26 06:00,6.0,1.6749999523162842,1.05,0.6249999523162841,
2026-09-25,determinista,ukmo_global_deterministic_10km,2026-09-26 00:00,False,zona_ciudad,2026-09-26 06:00,6.0,0.9333333969116211,2.566666666666667,1.6333332697550458,
2026-09-25,determinista,ukmo_global_deterministic_10km,2026-09-26 00:00,False,zona_interior,2026-09-26 06:00,6.0,0.4000000059604645,1.0999999999999999,0.6999999940395354,
2026-09-25,determinista,ukmo_global_deterministic_10km,2026-09-26 00:00,False,austral,2026-09-26 12:00,12.0,2.1000001430511475,2.2,0.09999985694885272,
2026-09-25,determinista,ukmo_global_deterministic_10km,2026-09-26 00:00,False,chaihuin,2026-09-26 12:00,12.0,11.600000381469727,4.3,7.300000381469727,
2026-09-25,determinista,ukmo_global_deterministic_10km,2026-09-26 00:00,False,corral,2026-09-26 12:00,12.0,5.199999809265137,8.600000000000001,3.4000001907348647,
2026-09-25,determinista,ukmo_global_deterministic_10km,2026-09-26 00:00,False,corral_essal,2026-09-26 12:00,12.0,4.600000381469727,30.5,25.899999618530273,
2026-09-25,determinista,ukmo_global_deterministic_10km,2026-09-26 00:00,False,curinanco,2026-09-26 12:00,12.0,5.800000190734863,2.8,3.0000001907348635,
2026-09-25,determinista,ukmo_global_deterministic_10km,2026-09-26 00:00,False,islateja,2026-09-26 12:00,12.0,2.9000000953674316,2.6,0.30000009536743155,
2026-09-25,determinista,ukmo_global_deterministic_10km,2026-09-26 00:00,False,las_lomas,2026-09-26 12:00,12.0,0.8999999761581421,0.4,0.49999997615814207,
2026-09-25,determinista,ukmo_global_deterministic_10km,2026-09-26 00:00,False,llancahue,2026-09-26 12:00,12.0,3.0,2.5,0.5,
2026-09-25,determinista,ukmo_global_deterministic_10km,2026-09-26 00:00,False,pichoy,2026-09-26 12:00,12.0,1.100000023841858,0.8,0.30000002384185787,
2026-09-25,determinista,ukmo_global_deterministic_10km,2026-09-26 00:00,False,zona_costa,2026-09-26 12:00,12.0,6.800000190734863,11.55,4.749999809265137,
2026-09-25,determinista,ukmo_global_deterministic_10km,2026-09-26 00:00,False,zona_ciudad,2026-09-26 12:00,12.0,2.6666667461395264,2.433333333333333,0.23333341280619324,
2026-09-25,determinista,ukmo_global_deterministic_10km,2026-09-26 00:00,False,zona_interior,2026-09-26 12:00,12.0,1.0,0.6000000000000001,0.3999999999999999,
2026-09-25,determinista,ukmo_global_deterministic_10km,2026-09-26 00:00,False,austral,2026-09-26 18:00,18.0,5.900000095367432,6.9,0.9999999046325687,
2026-09-25,determinista,ukmo_global_deterministic_10km,2026-09-26 00:00,False,chaihuin,2026-09-26 18:00,18.0,31.0,25.3,5.699999999999999,
2026-09-25,determinista,ukmo_global_deterministic_10km,2026-09-26 00:00,False,corral,2026-09-26 18:00,18.0,15.299999237060547,31.200000000000003,15.900000762939456,
2026-09-25,determinista,ukmo_global_deterministic_10km,2026-09-26 00:00,False,corral_essal,2026-09-26 18:00,18.0,10.199999809265137,16.6,6.400000190734865,
2026-09-25,determinista,ukmo_global_deterministic_10km,2026-09-26 00:00,False,curinanco,2026-09-26 18:00,18.0,11.800000190734863,13.100000000000001,1.2999998092651381,
2026-09-25,determinista,ukmo_global_deterministic_10km,2026-09-26 00:00,False,islateja,2026-09-26 18:00,18.0,7.599999904632568,10.5,2.9000000953674316,
2026-09-25,determinista,ukmo_global_deterministic_10km,2026-09-26 00:00,False,las_lomas,2026-09-26 18:00,18.0,2.5,1.2000000000000002,1.2999999999999998,
2026-09-25,determinista,ukmo_global_deterministic_10km,2026-09-26 00:00,False,llancahue,2026-09-26 18:00,18.0,10.899999618530273,13.899999999999999,3.000000381469725,
2026-09-25,determinista,ukmo_global_deterministic_10km,2026-09-26 00:00,False,pichoy,2026-09-26 18:00,18.0,4.300000190734863,0.8,3.5000001907348635,
2026-09-25,determinista,ukmo_global_deterministic_10km,2026-09-26 00:00,False,zona_costa,2026-09-26 18:00,18.0,17.07499885559082,21.550000000000004,4.475001144409184,
2026-09-25,determinista,ukmo_global_deterministic_10km,2026-09-26 00:00,False,zona_ciudad,2026-09-26 18:00,18.0,8.133333206176758,10.433333333333332,2.300000127156574,
2026-09-25,determinista,ukmo_global_deterministic_10km,2026-09-26 00:00,False,zona_interior,2026-09-26 18:00,18.0,3.4000000953674316,1.0,2.4000000953674316,
2026-09-25,determinista,ukmo_global_deterministic_10km,2026-09-26 00:00,False,austral,2026-09-27 00:00,24.0,10.300000190734863,9.7,0.600000190734864,
2026-09-25,determinista,ukmo_global_deterministic_10km,2026-09-26 00:00,False,chaihuin,2026-09-27 00:00,24.0,13.5,21.3,7.800000000000001,
2026-09-25,determinista,ukmo_global_deterministic_10km,2026-09-26 00:00,False,corral,2026-09-27 00:00,24.0,10.5,19.7,9.2,
2026-09-25,determinista,ukmo_global_deterministic_10km,2026-09-26 00:00,False,corral_essal,2026-09-27 00:00,24.0,9.5,6.2,3.3,
2026-09-25,determinista,ukmo_global_deterministic_10km,2026-09-26 00:00,False,curinanco,2026-09-27 00:00,24.0,14.899999618530273,14.7,0.19999961853027415,
2026-09-25,determinista,ukmo_global_deterministic_10km,2026-09-26 00:00,False,islateja,2026-09-27 00:00,24.0,9.300000190734863,7.699999999999999,1.600000190734864,
2026-09-25,determinista,ukmo_global_deterministic_10km,2026-09-26 00:00,False,las_lomas,2026-09-27 00:00,24.0,10.699999809265137,0.9,9.799999809265136,
2026-09-25,determinista,ukmo_global_deterministic_10km,2026-09-26 00:00,False,llancahue,2026-09-27 00:00,24.0,12.0,13.1,1.0999999999999996,
2026-09-25,determinista,ukmo_global_deterministic_10km,2026-09-26 00:00,False,pichoy,2026-09-27 00:00,24.0,8.5,0.4,8.1,
2026-09-25,determinista,ukmo_global_deterministic_10km,2026-09-26 00:00,False,zona_costa,2026-09-27 00:00,24.0,12.100000381469727,15.475000000000001,3.374999618530275,
2026-09-25,determinista,ukmo_global_deterministic_10km,2026-09-26 00:00,False,zona_ciudad,2026-09-27 00:00,24.0,10.533332824707031,10.166666666666666,0.3666661580403652,
2026-09-25,determinista,ukmo_global_deterministic_10km,2026-09-26 00:00,False,zona_interior,2026-09-27 00:00,24.0,9.600000381469727,0.65,8.950000381469726,
2026-09-25,determinista,ukmo_global_deterministic_10km,2026-09-26 12:00,False,austral,2026-09-26 18:00,6.0,5.5,6.9,1.4000000000000004,
2026-09-25,determinista,ukmo_global_deterministic_10km,2026-09-26 12:00,False,chaihuin,2026-09-26 18:00,6.0,21.0,25.3,4.300000000000001,
2026-09-25,determinista,ukmo_global_deterministic_10km,2026-09-26 12:00,False,corral,2026-09-26 18:00,6.0,13.300000190734863,31.200000000000003,17.89999980926514,
2026-09-25,determinista,ukmo_global_deterministic_10km,2026-09-26 12:00,False,corral_essal,2026-09-26 18:00,6.0,10.600000381469727,16.6,5.999999618530275,
2026-09-25,determinista,ukmo_global_deterministic_10km,2026-09-26 12:00,False,curinanco,2026-09-26 18:00,6.0,12.100000381469727,13.100000000000001,0.9999996185302749,
2026-09-25,determinista,ukmo_global_deterministic_10km,2026-09-26 12:00,False,islateja,2026-09-26 18:00,6.0,9.199999809265137,10.5,1.3000001907348633,
2026-09-25,determinista,ukmo_global_deterministic_10km,2026-09-26 12:00,False,las_lomas,2026-09-26 18:00,6.0,5.0,1.2000000000000002,3.8,
2026-09-25,determinista,ukmo_global_deterministic_10km,2026-09-26 12:00,False,llancahue,2026-09-26 18:00,6.0,12.600000381469727,13.899999999999999,1.299999618530272,
2026-09-25,determinista,ukmo_global_deterministic_10km,2026-09-26 12:00,False,pichoy,2026-09-26 18:00,6.0,6.099999904632568,0.8,5.2999999046325685,
2026-09-25,determinista,ukmo_global_deterministic_10km,2026-09-26 12:00,False,zona_costa,2026-09-26 18:00,6.0,14.25,21.550000000000004,7.300000000000004,
2026-09-25,determinista,ukmo_global_deterministic_10km,2026-09-26 12:00,False,zona_ciudad,2026-09-26 18:00,6.0,9.09999942779541,10.433333333333332,1.3333339055379216,
2026-09-25,determinista,ukmo_global_deterministic_10km,2026-09-26 12:00,False,zona_interior,2026-09-26 18:00,6.0,5.550000190734863,1.0,4.550000190734863,
2026-09-25,determinista,ukmo_global_deterministic_10km,2026-09-26 12:00,False,austral,2026-09-27 00:00,12.0,6.599999904632568,9.7,3.100000095367431,
2026-09-25,determinista,ukmo_global_deterministic_10km,2026-09-26 12:00,False,chaihuin,2026-09-27 00:00,12.0,12.100000381469727,21.3,9.199999618530274,
2026-09-25,determinista,ukmo_global_deterministic_10km,2026-09-26 12:00,False,corral,2026-09-27 00:00,12.0,8.5,19.7,11.2,
2026-09-25,determinista,ukmo_global_deterministic_10km,2026-09-26 12:00,False,corral_essal,2026-09-27 00:00,12.0,7.400000095367432,6.2,1.2000000953674315,
2026-09-25,determinista,ukmo_global_deterministic_10km,2026-09-26 12:00,False,curinanco,2026-09-27 00:00,12.0,10.399999618530273,14.7,4.300000381469726,
2026-09-25,determinista,ukmo_global_deterministic_10km,2026-09-26 12:00,False,islateja,2026-09-27 00:00,12.0,7.0,7.699999999999999,0.6999999999999993,
2026-09-25,determinista,ukmo_global_deterministic_10km,2026-09-26 12:00,False,las_lomas,2026-09-27 00:00,12.0,8.600000381469727,0.9,7.700000381469726,
2026-09-25,determinista,ukmo_global_deterministic_10km,2026-09-26 12:00,False,llancahue,2026-09-27 00:00,12.0,8.899999618530273,13.1,4.200000381469726,
2026-09-25,determinista,ukmo_global_deterministic_10km,2026-09-26 12:00,False,pichoy,2026-09-27 00:00,12.0,5.5,0.4,5.1,
2026-09-25,determinista,ukmo_global_deterministic_10km,2026-09-26 12:00,False,zona_costa,2026-09-27 00:00,12.0,9.600000381469727,15.475000000000001,5.874999618530275,
2026-09-25,determinista,ukmo_global_deterministic_10km,2026-09-26 12:00,False,zona_ciudad,2026-09-27 00:00,12.0,7.5,10.166666666666666,2.666666666666666,
2026-09-25,determinista,ukmo_global_deterministic_10km,2026-09-26 12:00,False,zona_interior,2026-09-27 00:00,12.0,7.050000190734863,0.65,6.400000190734863,
2026-09-25,ensamble,ecmwf_ifs025,2026-09-23 06:00,False,zona_ciudad,2026-09-26 00:00,66.0,2.700000047683716,1.1333333333333333,0.7874663695882074,19.6078431372549
2026-09-25,ensamble,ecmwf_ifs025,2026-09-23 06:00,False,zona_ciudad,2026-09-26 06:00,72.0,0.8999999761581421,2.566666666666667,0.9916570351610551,84.31372549019609
2026-09-25,ensamble,ecmwf_ifs025,2026-09-23 06:00,False,zona_ciudad,2026-09-26 12:00,78.0,0.30000001192092896,2.433333333333333,1.3245674632916487,82.3529411764706
2026-09-25,ensamble,ecmwf_ifs025,2026-09-23 06:00,False,zona_ciudad,2026-09-26 18:00,84.0,2.0999999046325684,10.433333333333332,5.135025009729457,86.27450980392159
2026-09-25,ensamble,ecmwf_ifs025,2026-09-23 06:00,False,zona_ciudad,2026-09-27 00:00,90.0,3.9000000953674316,10.166666666666666,3.9501730070944605,88.23529411764707
2026-09-25,ensamble,ecmwf_ifs025,2026-09-23 12:00,False,zona_ciudad,2026-09-26 00:00,60.0,2.700000047683716,1.1333333333333333,1.05555557443838,15.686274509803921
2026-09-25,ensamble,ecmwf_ifs025,2026-09-23 12:00,False,zona_ciudad,2026-09-26 06:00,66.0,1.8000000715255737,2.566666666666667,0.6176470398490403,64.70588235294117
2026-09-25,ensamble,ecmwf_ifs025,2026-09-23 12:00,False,zona_ciudad,2026-09-26 12:00,72.0,3.3000001907348633,2.433333333333333,0.8387927911823319,43.13725490196077
2026-09-25,ensamble,ecmwf_ifs025,2026-09-23 12:00,False,zona_ciudad,2026-09-26 18:00,78.0,5.699999809265137,10.433333333333332,2.4289504010234593,82.3529411764706
2026-09-25,ensamble,ecmwf_ifs025,2026-09-23 12:00,False,zona_ciudad,2026-09-27 00:00,84.0,4.800000190734863,10.166666666666666,3.340176837598301,86.27450980392159
2026-09-25,ensamble,ecmwf_ifs025,2026-09-23 18:00,False,zona_ciudad,2026-09-26 00:00,54.0,2.4000000953674316,1.1333333333333333,0.8783544939832015,13.725490196078432
2026-09-25,ensamble,ecmwf_ifs025,2026-09-23 18:00,False,zona_ciudad,2026-09-26 06:00,60.0,1.2000000476837158,2.566666666666667,0.762245290360053,60.784313725490215
2026-09-25,ensamble,ecmwf_ifs025,2026-09-23 18:00,False,zona_ciudad,2026-09-26 12:00,66.0,2.4000000953674316,2.433333333333333,0.9993848502429707,50.98039215686274
2026-09-25,ensamble,ecmwf_ifs025,2026-09-23 18:00,False,zona_ciudad,2026-09-26 18:00,72.0,4.5,10.433333333333332,3.30219147641216,82.3529411764706
2026-09-25,ensamble,ecmwf_ifs025,2026-09-23 18:00,False,zona_ciudad,2026-09-27 00:00,78.0,5.699999809265137,10.166666666666666,2.900038468773572,92.15686274509807
2026-09-25,ensamble,ecmwf_ifs025,2026-09-24 00:00,False,zona_costa,2026-09-26 00:00,48.0,6.074999809265137,0.35,4.281401328364963,0.0
2026-09-25,ensamble,ecmwf_ifs025,2026-09-24 00:00,False,zona_costa,2026-09-26 06:00,54.0,6.450000286102295,1.05,3.9817473985515424,1.9607843137254901
2026-09-25,ensamble,ecmwf_ifs025,2026-09-24 00:00,False,zona_costa,2026-09-26 12:00,60.0,10.649999618530273,11.55,1.3171857305097374,54.90196078431373
2026-09-25,ensamble,ecmwf_ifs025,2026-09-24 00:00,False,zona_costa,2026-09-26 18:00,66.0,13.725000381469727,21.550000000000004,4.6927913144843885,88.23529411764707
2026-09-25,ensamble,ecmwf_ifs025,2026-09-24 00:00,False,zona_costa,2026-09-27 00:00,72.0,5.925000190734863,15.475000000000001,6.146597490948654,90.19607843137257
2026-09-25,ensamble,ecmwf_ifs025,2026-09-24 00:00,False,zona_ciudad,2026-09-26 00:00,48.0,2.4000000953674316,1.1333333333333333,0.8578623912326195,9.803921568627452
2026-09-25,ensamble,ecmwf_ifs025,2026-09-24 00:00,False,zona_ciudad,2026-09-26 06:00,54.0,1.5,2.566666666666667,0.6476739637716968,62.745098039215684
2026-09-25,ensamble,ecmwf_ifs025,2026-09-24 00:00,False,zona_ciudad,2026-09-26 12:00,60.0,3.5999996662139893,2.433333333333333,1.141484009807085,33.33333333333333
2026-09-25,ensamble,ecmwf_ifs025,2026-09-24 00:00,False,zona_ciudad,2026-09-26 18:00,66.0,9.0,10.433333333333332,1.4760861533369192,74.50980392156865
2026-09-25,ensamble,ecmwf_ifs025,2026-09-24 00:00,False,zona_ciudad,2026-09-27 00:00,72.0,3.9000003337860107,10.166666666666666,3.4798538771925953,86.27450980392159
2026-09-25,ensamble,ecmwf_ifs025,2026-09-24 00:00,False,zona_interior,2026-09-26 00:00,48.0,1.7999999523162842,4.2,1.6154555919169469,88.23529411764707
2026-09-25,ensamble,ecmwf_ifs025,2026-09-24 00:00,False,zona_interior,2026-09-26 06:00,54.0,1.5,1.0999999999999999,0.584198388472194,47.05882352941176
2026-09-25,ensamble,ecmwf_ifs025,2026-09-24 00:00,False,zona_interior,2026-09-26 12:00,60.0,2.4000000953674316,0.6000000000000001,1.2373702605382058,15.686274509803921
2026-09-25,ensamble,ecmwf_ifs025,2026-09-24 00:00,False,zona_interior,2026-09-26 18:00,66.0,7.199999809265137,1.0,4.128027725499302,5.88235294117647
2026-09-25,ensamble,ecmwf_ifs025,2026-09-24 00:00,False,zona_interior,2026-09-27 00:00,72.0,3.9000000953674316,0.65,2.415513275839282,5.88235294117647
2026-09-25,ensamble,ecmwf_ifs025,2026-09-24 06:00,False,zona_costa,2026-09-26 00:00,42.0,6.450000286102295,0.35,5.317848916339765,0.0
2026-09-25,ensamble,ecmwf_ifs025,2026-09-24 06:00,False,zona_costa,2026-09-26 06:00,48.0,6.90000057220459,1.05,3.75931376521746,0.0
2026-09-25,ensamble,ecmwf_ifs025,2026-09-24 06:00,False,zona_costa,2026-09-26 12:00,54.0,7.049999713897705,11.55,2.4553633171244345,72.54901960784316
2026-09-25,ensamble,ecmwf_ifs025,2026-09-24 06:00,False,zona_costa,2026-09-26 18:00,60.0,10.949999809265137,21.550000000000004,7.9495964322902335,96.07843137254902
2026-09-25,ensamble,ecmwf_ifs025,2026-09-24 06:00,False,zona_costa,2026-09-27 00:00,66.0,5.475000381469727,15.475000000000001,6.561332224772925,96.07843137254902
2026-09-25,ensamble,ecmwf_ifs025,2026-09-24 06:00,False,zona_ciudad,2026-09-26 00:00,42.0,3.0,1.1333333333333333,1.3504421486803224,1.9607843137254901
2026-09-25,ensamble,ecmwf_ifs025,2026-09-24 06:00,False,zona_ciudad,2026-09-26 06:00,48.0,1.5,2.566666666666667,0.6575547661702481,70.58823529411767
2026-09-25,ensamble,ecmwf_ifs025,2026-09-24 06:00,False,zona_ciudad,2026-09-26 12:00,54.0,2.3999998569488525,2.433333333333333,0.719876975932519,54.90196078431373
2026-09-25,ensamble,ecmwf_ifs025,2026-09-24 06:00,False,zona_ciudad,2026-09-26 18:00,60.0,5.6999993324279785,10.433333333333332,3.3487505289418364,92.15686274509807
2026-09-25,ensamble,ecmwf_ifs025,2026-09-24 06:00,False,zona_ciudad,2026-09-27 00:00,66.0,3.5999996662139893,10.166666666666666,3.950326882660824,92.15686274509807
2026-09-25,ensamble,ecmwf_ifs025,2026-09-24 06:00,False,zona_interior,2026-09-26 00:00,42.0,1.5,4.2,1.5899653831980225,86.27450980392159
2026-09-25,ensamble,ecmwf_ifs025,2026-09-24 06:00,False,zona_interior,2026-09-26 06:00,48.0,0.8999999761581421,1.0999999999999999,0.41660899981678745,60.784313725490215
2026-09-25,ensamble,ecmwf_ifs025,2026-09-24 06:00,False,zona_interior,2026-09-26 12:00,54.0,1.7999999523162842,0.6000000000000001,0.7200692241396274,31.372549019607842
2026-09-25,ensamble,ecmwf_ifs025,2026-09-24 06:00,False,zona_interior,2026-09-26 18:00,60.0,4.200000286102295,1.0,2.1896194017011346,11.76470588235294
2026-09-25,ensamble,ecmwf_ifs025,2026-09-24 06:00,False,zona_interior,2026-09-27 00:00,66.0,3.0,0.65,1.6536909220082077,7.8431372549019605
2026-09-25,ensamble,ecmwf_ifs025,2026-09-24 12:00,False,zona_costa,2026-09-26 00:00,36.0,7.0500006675720215,0.35,5.564417600320055,0.0
2026-09-25,ensamble,ecmwf_ifs025,2026-09-24 12:00,False,zona_costa,2026-09-26 06:00,42.0,6.074999809265137,1.05,3.5207324157078332,0.0
2026-09-25,ensamble,ecmwf_ifs025,2026-09-24 12:00,False,zona_costa,2026-09-26 12:00,48.0,10.274999618530273,11.55,1.4546424081397955,66.66666666666667
2026-09-25,ensamble,ecmwf_ifs025,2026-09-24 12:00,False,zona_costa,2026-09-26 18:00,54.0,12.149999618530273,21.550000000000004,6.523010286832033,100.0
2026-09-25,ensamble,ecmwf_ifs025,2026-09-24 12:00,False,zona_costa,2026-09-27 00:00,60.0,6.675000190734863,15.475000000000001,5.767704715439102,96.07843137254902
2026-09-25,ensamble,ecmwf_ifs025,2026-09-24 12:00,False,zona_ciudad,2026-09-26 00:00,36.0,3.5999996662139893,1.1333333333333333,1.5912341314616087,5.88235294117647
2026-09-25,ensamble,ecmwf_ifs025,2026-09-24 12:00,False,zona_ciudad,2026-09-26 06:00,42.0,1.5,2.566666666666667,0.6206843271158333,74.50980392156865
2026-09-25,ensamble,ecmwf_ifs025,2026-09-24 12:00,False,zona_ciudad,2026-09-26 12:00,48.0,3.299999952316284,2.433333333333333,0.7610150056726792,41.17647058823529
2026-09-25,ensamble,ecmwf_ifs025,2026-09-24 12:00,False,zona_ciudad,2026-09-26 18:00,54.0,5.400000095367432,10.433333333333332,2.8623220542585406,90.19607843137257
2026-09-25,ensamble,ecmwf_ifs025,2026-09-24 12:00,False,zona_ciudad,2026-09-27 00:00,60.0,3.9000003337860107,10.166666666666666,3.5597846090495704,92.15686274509807
2026-09-25,ensamble,ecmwf_ifs025,2026-09-24 12:00,False,zona_interior,2026-09-26 00:00,36.0,1.8000000715255737,4.2,1.5900806933263316,92.15686274509807
2026-09-25,ensamble,ecmwf_ifs025,2026-09-24 12:00,False,zona_interior,2026-09-26 06:00,42.0,0.6000000238418579,1.0999999999999999,0.3427912359739991,60.784313725490215
2026-09-25,ensamble,ecmwf_ifs025,2026-09-24 12:00,False,zona_interior,2026-09-26 12:00,48.0,1.8000000715255737,0.6000000000000001,0.8411764828437387,27.450980392156854
2026-09-25,ensamble,ecmwf_ifs025,2026-09-24 12:00,False,zona_interior,2026-09-26 18:00,54.0,4.800000190734863,1.0,2.478200716635026,5.88235294117647
2026-09-25,ensamble,ecmwf_ifs025,2026-09-24 12:00,False,zona_interior,2026-09-27 00:00,60.0,5.399999618530273,0.65,2.7284313585060636,0.0
2026-09-25,ensamble,ecmwf_ifs025,2026-09-24 18:00,False,zona_costa,2026-09-26 00:00,30.0,6.449999809265137,0.35,5.205305616161724,0.0
2026-09-25,ensamble,ecmwf_ifs025,2026-09-24 18:00,False,zona_costa,2026-09-26 06:00,36.0,6.674999713897705,1.05,4.225028809626622,1.9607843137254901
2026-09-25,ensamble,ecmwf_ifs025,2026-09-24 18:00,False,zona_costa,2026-09-26 12:00,42.0,6.899999618530273,11.55,2.575086499557546,74.50980392156865
2026-09-25,ensamble,ecmwf_ifs025,2026-09-24 18:00,False,zona_costa,2026-09-26 18:00,48.0,11.100000381469727,21.550000000000004,7.790830279560747,98.03921568627452
2026-09-25,ensamble,ecmwf_ifs025,2026-09-24 18:00,False,zona_costa,2026-09-27 00:00,54.0,8.47499942779541,15.475000000000001,5.348615903471215,100.0
2026-09-25,ensamble,ecmwf_ifs025,2026-09-24 18:00,False,zona_ciudad,2026-09-26 00:00,30.0,4.199999809265137,1.1333333333333333,2.0870434925401273,3.9215686274509802
2026-09-25,ensamble,ecmwf_ifs025,2026-09-24 18:00,False,zona_ciudad,2026-09-26 06:00,36.0,2.4000000953674316,2.566666666666667,0.3875048008848728,54.90196078431373
2026-09-25,ensamble,ecmwf_ifs025,2026-09-24 18:00,False,zona_ciudad,2026-09-26 12:00,42.0,2.3999998569488525,2.433333333333333,0.6393694601944435,54.90196078431373
2026-09-25,ensamble,ecmwf_ifs025,2026-09-24 18:00,False,zona_ciudad,2026-09-26 18:00,48.0,6.0,10.433333333333332,2.9781237839414976,90.19607843137257
2026-09-25,ensamble,ecmwf_ifs025,2026-09-24 18:00,False,zona_ciudad,2026-09-27 00:00,54.0,4.800000190734863,10.166666666666666,3.653863833070671,94.11764705882352
2026-09-25,ensamble,ecmwf_ifs025,2026-09-24 18:00,False,zona_interior,2026-09-26 00:00,30.0,2.4000000953674316,4.2,1.1334486605570162,84.31372549019609
2026-09-25,ensamble,ecmwf_ifs025,2026-09-24 18:00,False,zona_interior,2026-09-26 06:00,36.0,1.2000000476837158,1.0999999999999999,0.4194925119261794,47.05882352941176
2026-09-25,ensamble,ecmwf_ifs025,2026-09-24 18:00,False,zona_interior,2026-09-26 12:00,42.0,0.8999999761581421,0.6000000000000001,0.41153403109470155,35.29411764705882
2026-09-25,ensamble,ecmwf_ifs025,2026-09-24 18:00,False,zona_interior,2026-09-26 18:00,48.0,4.199999809265137,1.0,2.1212226320394683,11.76470588235294
2026-09-25,ensamble,ecmwf_ifs025,2026-09-24 18:00,False,zona_interior,2026-09-27 00:00,54.0,4.200000286102295,0.65,2.534544434124852,5.88235294117647
2026-09-25,ensamble,ecmwf_ifs025,2026-09-25 06:00,False,zona_costa,2026-09-26 00:00,18.0,7.425000190734863,0.35,5.48737026879715,0.0
2026-09-25,ensamble,ecmwf_ifs025,2026-09-25 06:00,False,zona_costa,2026-09-26 06:00,24.0,7.424999237060547,1.05,5.478748526934338,0.0
2026-09-25,ensamble,ecmwf_ifs025,2026-09-25 06:00,False,zona_costa,2026-09-26 12:00,30.0,8.47499942779541,11.55,1.7042387022783285,72.54901960784316
2026-09-25,ensamble,ecmwf_ifs025,2026-09-25 06:00,False,zona_costa,2026-09-26 18:00,36.0,12.074999809265137,21.550000000000004,6.703863896273138,90.19607843137257
2026-09-25,ensamble,ecmwf_ifs025,2026-09-25 06:00,False,zona_costa,2026-09-27 00:00,42.0,8.774999618530273,15.475000000000001,5.308996499185149,96.07843137254902
2026-09-25,ensamble,ecmwf_ifs025,2026-09-25 06:00,False,zona_ciudad,2026-09-26 00:00,18.0,4.199999809265137,1.1333333333333333,1.9472126519803767,1.9607843137254901
2026-09-25,ensamble,ecmwf_ifs025,2026-09-25 06:00,False,zona_ciudad,2026-09-26 06:00,24.0,2.700000047683716,2.566666666666667,0.5559784731512938,45.09803921568626
2026-09-25,ensamble,ecmwf_ifs025,2026-09-25 06:00,False,zona_ciudad,2026-09-26 12:00,30.0,2.6999998092651367,2.433333333333333,0.48596693960715576,49.01960784313725
2026-09-25,ensamble,ecmwf_ifs025,2026-09-25 06:00,False,zona_ciudad,2026-09-26 18:00,36.0,5.6999993324279785,10.433333333333332,2.5623991277161946,82.3529411764706
2026-09-25,ensamble,ecmwf_ifs025,2026-09-25 06:00,False,zona_ciudad,2026-09-27 00:00,42.0,4.800000190734863,10.166666666666666,3.2459052353123425,94.11764705882352
2026-09-25,ensamble,ecmwf_ifs025,2026-09-25 06:00,False,zona_interior,2026-09-26 00:00,18.0,2.4000000953674316,4.2,1.0973471602170752,82.3529411764706
2026-09-25,ensamble,ecmwf_ifs025,2026-09-25 06:00,False,zona_interior,2026-09-26 06:00,24.0,1.5,1.0999999999999999,0.44083046175708496,37.25490196078431
2026-09-25,ensamble,ecmwf_ifs025,2026-09-25 06:00,False,zona_interior,2026-09-26 12:00,30.0,1.2000000476837158,0.6000000000000001,0.5357554863343461,23.529411764705877
2026-09-25,ensamble,ecmwf_ifs025,2026-09-25 06:00,False,zona_interior,2026-09-26 18:00,36.0,5.399999618530273,1.0,2.5770472810846803,9.803921568627452
2026-09-25,ensamble,ecmwf_ifs025,2026-09-25 06:00,False,zona_interior,2026-09-27 00:00,42.0,5.400000095367432,0.65,3.1532295267749673,1.9607843137254901
2026-09-25,ensamble,ecmwf_ifs025,2026-09-25 12:00,False,zona_costa,2026-09-26 00:00,12.0,6.22499942779541,0.35,5.058073810924251,0.0
2026-09-25,ensamble,ecmwf_ifs025,2026-09-25 12:00,False,zona_costa,2026-09-26 06:00,18.0,7.049999713897705,1.05,4.585380636587001,0.0
2026-09-25,ensamble,ecmwf_ifs025,2026-09-25 12:00,False,zona_costa,2026-09-26 12:00,24.0,8.09999942779541,11.55,1.9886678602547885,84.31372549019609
2026-09-25,ensamble,ecmwf_ifs025,2026-09-25 12:00,False,zona_costa,2026-09-26 18:00,30.0,10.350000381469727,21.550000000000004,8.8107266443686,100.0
2026-09-25,ensamble,ecmwf_ifs025,2026-09-25 12:00,False,zona_costa,2026-09-27 00:00,36.0,7.349999904632568,15.475000000000001,6.545155796020227,100.0
2026-09-25,ensamble,ecmwf_ifs025,2026-09-25 12:00,False,zona_ciudad,2026-09-26 00:00,12.0,3.8999998569488525,1.1333333333333333,1.602845085542599,3.9215686274509802
2026-09-25,ensamble,ecmwf_ifs025,2026-09-25 12:00,False,zona_ciudad,2026-09-26 06:00,18.0,2.700000047683716,2.566666666666667,0.4426374546842633,43.13725490196077
2026-09-25,ensamble,ecmwf_ifs025,2026-09-25 12:00,False,zona_ciudad,2026-09-26 12:00,24.0,2.4000000953674316,2.433333333333333,0.26608998064167977,52.94117647058824
2026-09-25,ensamble,ecmwf_ifs025,2026-09-25 12:00,False,zona_ciudad,2026-09-26 18:00,30.0,4.5,10.433333333333332,4.58296806743538,96.07843137254902
2026-09-25,ensamble,ecmwf_ifs025,2026-09-25 12:00,False,zona_ciudad,2026-09-27 00:00,36.0,5.399999618530273,10.166666666666666,3.9173779804538813,96.07843137254902
2026-09-25,ensamble,ecmwf_ifs025,2026-09-25 12:00,False,zona_interior,2026-09-26 00:00,12.0,1.8000000715255737,4.2,1.2239907739255034,82.3529411764706
2026-09-25,ensamble,ecmwf_ifs025,2026-09-25 12:00,False,zona_interior,2026-09-26 06:00,18.0,1.7999999523162842,1.0999999999999999,0.5106112990137338,31.372549019607842
2026-09-25,ensamble,ecmwf_ifs025,2026-09-25 12:00,False,zona_interior,2026-09-26 12:00,24.0,0.9000000357627869,0.6000000000000001,0.3773933207562499,9.803921568627452
2026-09-25,ensamble,ecmwf_ifs025,2026-09-25 12:00,False,zona_interior,2026-09-26 18:00,30.0,3.3000001907348633,1.0,1.4020761664167631,5.88235294117647
2026-09-25,ensamble,ecmwf_ifs025,2026-09-25 12:00,False,zona_interior,2026-09-27 00:00,36.0,5.099999904632568,0.65,3.397635563769188,0.0
2026-09-25,ensamble,ecmwf_ifs025,2026-09-25 18:00,False,zona_costa,2026-09-26 00:00,6.0,6.899999618530273,0.35,5.332352893034434,0.0
2026-09-25,ensamble,ecmwf_ifs025,2026-09-25 18:00,False,zona_costa,2026-09-26 06:00,12.0,7.799999713897705,1.05,5.428777284578194,0.0
2026-09-25,ensamble,ecmwf_ifs025,2026-09-25 18:00,False,zona_costa,2026-09-26 12:00,18.0,9.225000381469727,11.55,1.3008938592839634,74.50980392156865
2026-09-25,ensamble,ecmwf_ifs025,2026-09-25 18:00,False,zona_costa,2026-09-26 18:00,24.0,10.725000381469727,21.550000000000004,8.498731174435996,98.03921568627452
2026-09-25,ensamble,ecmwf_ifs025,2026-09-25 18:00,False,zona_costa,2026-09-27 00:00,30.0,8.924999237060547,15.475000000000001,5.053690935492012,100.0
2026-09-25,ensamble,ecmwf_ifs025,2026-09-25 18:00,False,zona_ciudad,2026-09-26 00:00,6.0,3.3000001907348633,1.1333333333333333,1.6209534684954492,3.9215686274509802
2026-09-25,ensamble,ecmwf_ifs025,2026-09-25 18:00,False,zona_ciudad,2026-09-26 06:00,12.0,3.0,2.566666666666667,0.4925028706137742,41.17647058823529
2026-09-25,ensamble,ecmwf_ifs025,2026-09-25 18:00,False,zona_ciudad,2026-09-26 12:00,18.0,2.3999998569488525,2.433333333333333,0.48877356950707807,50.98039215686274
2026-09-25,ensamble,ecmwf_ifs025,2026-09-25 18:00,False,zona_ciudad,2026-09-26 18:00,24.0,3.9000003337860107,10.433333333333332,5.041061165253961,100.0
2026-09-25,ensamble,ecmwf_ifs025,2026-09-25 18:00,False,zona_ciudad,2026-09-27 00:00,30.0,5.099999904632568,10.166666666666666,3.302114620478233,92.15686274509807
2026-09-25,ensamble,ecmwf_ifs025,2026-09-25 18:00,False,zona_interior,2026-09-26 00:00,6.0,1.7999999523162842,4.2,1.6470587825463494,92.15686274509807
2026-09-25,ensamble,ecmwf_ifs025,2026-09-25 18:00,False,zona_interior,2026-09-26 06:00,12.0,1.7999999523162842,1.0999999999999999,0.6176470838982708,17.64705882352941
2026-09-25,ensamble,ecmwf_ifs025,2026-09-25 18:00,False,zona_interior,2026-09-26 12:00,18.0,0.9000000357627869,0.6000000000000001,0.4190311562735406,15.686274509803921
2026-09-25,ensamble,ecmwf_ifs025,2026-09-25 18:00,False,zona_interior,2026-09-26 18:00,24.0,3.0,1.0,1.5065744076724785,5.88235294117647
2026-09-25,ensamble,ecmwf_ifs025,2026-09-25 18:00,False,zona_interior,2026-09-27 00:00,30.0,5.099999904632568,0.65,3.1519608072664393,0.0
2026-09-25,ensamble,ecmwf_ifs025,2026-09-26 00:00,False,zona_costa,2026-09-26 06:00,6.0,6.52500057220459,1.05,4.5831314975506805,0.0
2026-09-25,ensamble,ecmwf_ifs025,2026-09-26 00:00,False,zona_costa,2026-09-26 12:00,12.0,8.625,11.55,2.020588204678276,90.19607843137257
2026-09-25,ensamble,ecmwf_ifs025,2026-09-26 00:00,False,zona_costa,2026-09-26 18:00,18.0,9.450000762939453,21.550000000000004,10.07283734112967,100.0
2026-09-25,ensamble,ecmwf_ifs025,2026-09-26 00:00,False,zona_costa,2026-09-27 00:00,24.0,9.449999809265137,15.475000000000001,4.62341408149319,100.0
2026-09-25,ensamble,ecmwf_ifs025,2026-09-26 00:00,False,zona_ciudad,2026-09-26 06:00,6.0,3.5999996662139893,2.566666666666667,0.7052671937610677,31.372549019607842
2026-09-25,ensamble,ecmwf_ifs025,2026-09-26 00:00,False,zona_ciudad,2026-09-26 12:00,12.0,3.0,2.433333333333333,0.41657055439925195,27.450980392156854
2026-09-25,ensamble,ecmwf_ifs025,2026-09-26 00:00,False,zona_ciudad,2026-09-26 18:00,18.0,4.200000286102295,10.433333333333332,4.57570155487295,96.07843137254902
2026-09-25,ensamble,ecmwf_ifs025,2026-09-26 00:00,False,zona_ciudad,2026-09-27 00:00,24.0,5.400000095367432,10.166666666666666,3.2457131740451994,92.15686274509807
2026-09-25,ensamble,ecmwf_ifs025,2026-09-26 00:00,False,zona_interior,2026-09-26 06:00,6.0,3.5999999046325684,1.0999999999999999,1.4331026876765645,3.9215686274509802
2026-09-25,ensamble,ecmwf_ifs025,2026-09-26 00:00,False,zona_interior,2026-09-26 12:00,12.0,2.0999999046325684,0.6000000000000001,0.9738177842426554,1.9607843137254901
2026-09-25,ensamble,ecmwf_ifs025,2026-09-26 00:00,False,zona_interior,2026-09-26 18:00,18.0,3.6000001430511475,1.0,1.8651672829485357,0.0
2026-09-25,ensamble,ecmwf_ifs025,2026-09-26 00:00,False,zona_interior,2026-09-27 00:00,24.0,4.799999713897705,0.65,3.2031718635870727,0.0
2026-09-25,ensamble,ecmwf_ifs025,2026-09-26 06:00,False,zona_costa,2026-09-26 12:00,6.0,8.699999809265137,11.55,1.6837659113868213,88.23529411764707
2026-09-25,ensamble,ecmwf_ifs025,2026-09-26 06:00,False,zona_costa,2026-09-26 18:00,12.0,10.425000190734863,21.550000000000004,8.910582564345514,100.0
2026-09-25,ensamble,ecmwf_ifs025,2026-09-26 06:00,False,zona_costa,2026-09-27 00:00,18.0,10.5,15.475000000000001,3.9226355794483507,96.07843137254902
2026-09-25,ensamble,ecmwf_ifs025,2026-09-26 06:00,False,zona_ciudad,2026-09-26 12:00,6.0,2.700000047683716,2.433333333333333,0.2972702721594298,37.25490196078431
2026-09-25,ensamble,ecmwf_ifs025,2026-09-26 06:00,False,zona_ciudad,2026-09-26 18:00,12.0,5.099999904632568,10.433333333333332,4.313379452545702,100.0
2026-09-25,ensamble,ecmwf_ifs025,2026-09-26 06:00,False,zona_ciudad,2026-09-27 00:00,18.0,7.8000006675720215,10.166666666666666,1.6285659439148508,78.43137254901961
2026-09-25,ensamble,ecmwf_ifs025,2026-09-26 06:00,False,zona_interior,2026-09-26 12:00,6.0,2.0999999046325684,0.6000000000000001,0.9552480064048899,0.0
2026-09-25,ensamble,ecmwf_ifs025,2026-09-26 06:00,False,zona_interior,2026-09-26 18:00,12.0,4.5,1.0,2.150403732567831,0.0
2026-09-25,ensamble,ecmwf_ifs025,2026-09-26 06:00,False,zona_interior,2026-09-27 00:00,18.0,6.0,0.65,3.9840253930328346,1.9607843137254901
2026-09-25,ensamble,ecmwf_ifs025,2026-09-26 12:00,False,zona_costa,2026-09-26 18:00,6.0,16.19999885559082,21.550000000000004,2.9549885426792284,84.31372549019609
2026-09-25,ensamble,ecmwf_ifs025,2026-09-26 12:00,False,zona_costa,2026-09-27 00:00,12.0,10.875,15.475000000000001,3.1723761217541906,94.11764705882352
2026-09-25,ensamble,ecmwf_ifs025,2026-09-26 12:00,False,zona_ciudad,2026-09-26 18:00,6.0,5.700000286102295,10.433333333333332,3.1863898398279447,88.23529411764707
2026-09-25,ensamble,ecmwf_ifs025,2026-09-26 12:00,False,zona_ciudad,2026-09-27 00:00,12.0,6.900000095367432,10.166666666666666,2.020876657958215,88.23529411764707
2026-09-25,ensamble,ecmwf_ifs025,2026-09-26 12:00,False,zona_interior,2026-09-26 18:00,6.0,4.800000190734863,1.0,2.972895088309465,0.0
2026-09-25,ensamble,ecmwf_ifs025,2026-09-26 12:00,False,zona_interior,2026-09-27 00:00,12.0,6.300000190734863,0.65,4.671453273960921,0.0
2026-09-25,ensamble,ecmwf_ifs025,2026-09-26 18:00,False,zona_costa,2026-09-27 00:00,6.0,13.199999809265137,15.475000000000001,1.283102779432427,78.43137254901961
2026-09-25,ensamble,ecmwf_ifs025,2026-09-26 18:00,False,zona_ciudad,2026-09-27 00:00,6.0,10.799999237060547,10.166666666666666,0.7940023307477637,41.17647058823529
2026-09-25,ensamble,ecmwf_ifs025,2026-09-26 18:00,False,zona_interior,2026-09-27 00:00,6.0,9.59999942779541,0.65,7.319780879953832,0.0
2026-09-25,ensamble,gem_global,2026-09-23 12:00,False,zona_ciudad,2026-09-26 00:00,60.0,1.2000000476837158,1.1333333333333333,0.36371882989022764,47.619047619047606
2026-09-25,ensamble,gem_global,2026-09-23 12:00,False,zona_ciudad,2026-09-26 06:00,66.0,1.2000000476837158,2.566666666666667,0.8675736851703015,76.19047619047616
2026-09-25,ensamble,gem_global,2026-09-23 12:00,False,zona_ciudad,2026-09-26 12:00,72.0,0.8999999761581421,2.433333333333333,0.9240362618785869,66.66666666666663
2026-09-25,ensamble,gem_global,2026-09-23 12:00,False,zona_ciudad,2026-09-26 18:00,78.0,1.5,10.433333333333332,5.454648456578893,80.95238095238092
2026-09-25,ensamble,gem_global,2026-09-23 12:00,False,zona_ciudad,2026-09-27 00:00,84.0,2.1000001430511475,10.166666666666666,4.545805048780376,90.47619047619044
2026-09-25,ensamble,gem_global,2026-09-24 00:00,False,zona_costa,2026-09-26 00:00,48.0,2.8499999046325684,0.35,1.8078231634263813,4.76190476190476
2026-09-25,ensamble,gem_global,2026-09-24 00:00,False,zona_costa,2026-09-26 06:00,54.0,1.9500000476837158,1.05,1.307823131657512,28.571428571428566
2026-09-25,ensamble,gem_global,2026-09-24 00:00,False,zona_costa,2026-09-26 12:00,60.0,4.425000190734863,11.55,4.42959186941588,85.71428571428568
2026-09-25,ensamble,gem_global,2026-09-24 00:00,False,zona_costa,2026-09-26 18:00,66.0,3.4499998092651367,21.550000000000004,14.890476137034746,99.99999999999994
2026-09-25,ensamble,gem_global,2026-09-24 00:00,False,zona_costa,2026-09-27 00:00,72.0,2.4749999046325684,15.475000000000001,10.173469411184728,99.99999999999994
2026-09-25,ensamble,gem_global,2026-09-24 00:00,False,zona_ciudad,2026-09-26 00:00,48.0,2.5999999046325684,1.1333333333333333,0.8267574177273551,23.809523809523803
2026-09-25,ensamble,gem_global,2026-09-24 00:00,False,zona_ciudad,2026-09-26 06:00,54.0,1.5,2.566666666666667,0.9473922829779373,61.90476190476188
2026-09-25,ensamble,gem_global,2026-09-24 00:00,False,zona_ciudad,2026-09-26 12:00,60.0,3.700000047683716,2.433333333333333,1.096825428344225,47.619047619047606
2026-09-25,ensamble,gem_global,2026-09-24 00:00,False,zona_ciudad,2026-09-26 18:00,66.0,3.1000001430511475,10.433333333333332,5.179365147052166,95.23809523809518
2026-09-25,ensamble,gem_global,2026-09-24 00:00,False,zona_ciudad,2026-09-27 00:00,72.0,2.3000001907348633,10.166666666666666,5.431519212230802,95.23809523809518
2026-09-25,ensamble,gem_global,2026-09-24 00:00,False,zona_interior,2026-09-26 00:00,48.0,0.30000001192092896,4.2,2.289115652800146,90.47619047619044
2026-09-25,ensamble,gem_global,2026-09-24 00:00,False,zona_interior,2026-09-26 06:00,54.0,0.8999999761581421,1.0999999999999999,0.5278911630853238,57.14285714285712
2026-09-25,ensamble,gem_global,2026-09-24 00:00,False,zona_interior,2026-09-26 12:00,60.0,1.8000000715255737,0.6000000000000001,1.170748325675524,33.33333333333333
2026-09-25,ensamble,gem_global,2026-09-24 00:00,False,zona_interior,2026-09-26 18:00,66.0,1.5,1.0,0.8374149850706938,42.85714285714285
2026-09-25,ensamble,gem_global,2026-09-24 00:00,False,zona_interior,2026-09-27 00:00,72.0,2.1000001430511475,0.65,0.9098639606888874,19.04761904761904
2026-09-25,ensamble,gem_global,2026-09-24 12:00,False,zona_costa,2026-09-26 00:00,36.0,3.750000238418579,0.35,2.3491496561065546,9.52380952380952
2026-09-25,ensamble,gem_global,2026-09-24 12:00,False,zona_costa,2026-09-26 06:00,42.0,2.9250001907348633,1.05,0.8321428713885026,14.28571428571428
2026-09-25,ensamble,gem_global,2026-09-24 12:00,False,zona_costa,2026-09-26 12:00,48.0,4.724999904632568,11.55,4.640136085954113,90.47619047619044
2026-09-25,ensamble,gem_global,2026-09-24 12:00,False,zona_costa,2026-09-26 18:00,54.0,5.324999809265137,21.550000000000004,14.011734575614367,99.99999999999994
2026-09-25,ensamble,gem_global,2026-09-24 12:00,False,zona_costa,2026-09-27 00:00,60.0,6.15000057220459,15.475000000000001,6.0141157013218445,85.71428571428568
2026-09-25,ensamble,gem_global,2026-09-24 12:00,False,zona_ciudad,2026-09-26 00:00,36.0,2.700000047683716,1.1333333333333333,1.0433106277264708,19.04761904761904
2026-09-25,ensamble,gem_global,2026-09-24 12:00,False,zona_ciudad,2026-09-26 06:00,42.0,2.1000001430511475,2.566666666666667,0.43605443268271027,66.66666666666663
2026-09-25,ensamble,gem_global,2026-09-24 12:00,False,zona_ciudad,2026-09-26 12:00,48.0,4.0,2.433333333333333,0.9918367902032381,28.571428571428566
2026-09-25,ensamble,gem_global,2026-09-24 12:00,False,zona_ciudad,2026-09-26 18:00,54.0,4.099999904632568,10.433333333333332,4.082312957175462,99.99999999999994
2026-09-25,ensamble,gem_global,2026-09-24 12:00,False,zona_ciudad,2026-09-27 00:00,60.0,5.700000286102295,10.166666666666666,2.7503401851133704,76.19047619047616
2026-09-25,ensamble,gem_global,2026-09-24 12:00,False,zona_interior,2026-09-26 00:00,36.0,0.30000001192092896,4.2,2.431972773410295,95.23809523809518
2026-09-25,ensamble,gem_global,2026-09-24 12:00,False,zona_interior,2026-09-26 06:00,42.0,0.0,1.0999999999999999,0.7265306050544962,90.47619047619044
2026-09-25,ensamble,gem_global,2026-09-24 12:00,False,zona_interior,2026-09-26 12:00,48.0,0.6000000238418579,0.6000000000000001,0.3435374242918837,38.09523809523808
2026-09-25,ensamble,gem_global,2026-09-24 12:00,False,zona_interior,2026-09-26 18:00,54.0,2.700000047683716,1.0,1.1748299456778022,33.33333333333333
2026-09-25,ensamble,gem_global,2026-09-24 12:00,False,zona_interior,2026-09-27 00:00,60.0,1.7999999523162842,0.65,1.3044217917383936,28.571428571428566
2026-09-25,ensamble,gem_global,2026-09-25 00:00,False,zona_costa,2026-09-26 00:00,24.0,4.199999809265137,0.35,3.14608843180598,0.0
2026-09-25,ensamble,gem_global,2026-09-25 00:00,False,zona_costa,2026-09-26 06:00,30.0,2.549999952316284,1.05,1.0852040942023402,23.809523809523803
2026-09-25,ensamble,gem_global,2026-09-25 00:00,False,zona_costa,2026-09-26 12:00,36.0,4.425000190734863,11.55,4.715136038635322,95.23809523809518
2026-09-25,ensamble,gem_global,2026-09-25 00:00,False,zona_costa,2026-09-26 18:00,42.0,6.375,21.550000000000004,9.661054512973276,95.23809523809518
2026-09-25,ensamble,gem_global,2026-09-25 00:00,False,zona_costa,2026-09-27 00:00,48.0,4.200000286102295,15.475000000000001,7.707653186401002,99.99999999999994
2026-09-25,ensamble,gem_global,2026-09-25 00:00,False,zona_ciudad,2026-09-26 00:00,24.0,3.200000047683716,1.1333333333333333,1.5247165698853757,0.0
2026-09-25,ensamble,gem_global,2026-09-25 00:00,False,zona_ciudad,2026-09-26 06:00,30.0,1.6999999284744263,2.566666666666667,0.6462584997183074,61.90476190476188
2026-09-25,ensamble,gem_global,2026-09-25 00:00,False,zona_ciudad,2026-09-26 12:00,36.0,3.6999998092651367,2.433333333333333,0.9539682858114609,33.33333333333333
2026-09-25,ensamble,gem_global,2026-09-25 00:00,False,zona_ciudad,2026-09-26 18:00,42.0,5.900000095367432,10.433333333333332,2.3002267584508784,71.42857142857139
2026-09-25,ensamble,gem_global,2026-09-25 00:00,False,zona_ciudad,2026-09-27 00:00,48.0,4.200000286102295,10.166666666666666,3.1866213896917914,85.71428571428568
2026-09-25,ensamble,gem_global,2026-09-25 00:00,False,zona_interior,2026-09-26 00:00,24.0,0.6000000238418579,4.2,2.6408163249898107,99.99999999999994
2026-09-25,ensamble,gem_global,2026-09-25 00:00,False,zona_interior,2026-09-26 06:00,30.0,0.30000001192092896,1.0999999999999999,0.5367346866601177,80.95238095238092
2026-09-25,ensamble,gem_global,2026-09-25 00:00,False,zona_interior,2026-09-26 12:00,36.0,0.8999999761581421,0.6000000000000001,0.4265306184351312,23.809523809523803
2026-09-25,ensamble,gem_global,2026-09-25 00:00,False,zona_interior,2026-09-26 18:00,42.0,2.700000047683716,1.0,1.0639455786097347,23.809523809523803
2026-09-25,ensamble,gem_global,2026-09-25 00:00,False,zona_interior,2026-09-27 00:00,48.0,3.0,0.65,1.3214285846199845,23.809523809523803
2026-09-25,ensamble,gem_global,2026-09-25 12:00,False,zona_costa,2026-09-26 00:00,12.0,2.9250001907348633,0.35,1.9329932283179283,4.76190476190476
2026-09-25,ensamble,gem_global,2026-09-25 12:00,False,zona_costa,2026-09-26 06:00,18.0,3.2249999046325684,1.05,1.0994897769692265,4.76190476190476
2026-09-25,ensamble,gem_global,2026-09-25 12:00,False,zona_costa,2026-09-26 12:00,24.0,2.8500001430511475,11.55,6.3818027007066185,95.23809523809518
2026-09-25,ensamble,gem_global,2026-09-25 12:00,False,zona_costa,2026-09-26 18:00,30.0,5.325000286102295,21.550000000000004,12.469217639769557,99.99999999999994
2026-09-25,ensamble,gem_global,2026-09-25 12:00,False,zona_costa,2026-09-27 00:00,36.0,3.825000286102295,15.475000000000001,8.207993192115877,95.23809523809518
2026-09-25,ensamble,gem_global,2026-09-25 12:00,False,zona_ciudad,2026-09-26 00:00,12.0,2.8999998569488525,1.1333333333333333,0.9764172663189927,19.04761904761904
2026-09-25,ensamble,gem_global,2026-09-25 12:00,False,zona_ciudad,2026-09-26 06:00,18.0,2.1000001430511475,2.566666666666667,0.44557823440114985,61.90476190476188
2026-09-25,ensamble,gem_global,2026-09-25 12:00,False,zona_ciudad,2026-09-26 12:00,24.0,2.6000001430511475,2.433333333333333,0.5102041133136712,47.619047619047606
2026-09-25,ensamble,gem_global,2026-09-25 12:00,False,zona_ciudad,2026-09-26 18:00,30.0,3.799999952316284,10.433333333333332,3.7589568351536906,80.95238095238092
2026-09-25,ensamble,gem_global,2026-09-25 12:00,False,zona_ciudad,2026-09-27 00:00,36.0,2.8999998569488525,10.166666666666666,4.373242595264701,90.47619047619044
2026-09-25,ensamble,gem_global,2026-09-25 12:00,False,zona_interior,2026-09-26 00:00,12.0,1.2000000476837158,4.2,2.0319728062536706,90.47619047619044
2026-09-25,ensamble,gem_global,2026-09-25 12:00,False,zona_interior,2026-09-26 06:00,18.0,0.30000001192092896,1.0999999999999999,0.4421768640985293,80.95238095238092
2026-09-25,ensamble,gem_global,2026-09-25 12:00,False,zona_interior,2026-09-26 12:00,24.0,0.0,0.6000000000000001,0.2904761916655805,71.42857142857139
2026-09-25,ensamble,gem_global,2026-09-25 12:00,False,zona_interior,2026-09-26 18:00,30.0,1.7999999523162842,1.0,0.8020408360325564,38.09523809523808
2026-09-25,ensamble,gem_global,2026-09-25 12:00,False,zona_interior,2026-09-27 00:00,36.0,1.2000000476837158,0.65,0.6595238296893724,42.85714285714285
2026-09-25,ensamble,gem_global,2026-09-26 00:00,False,zona_costa,2026-09-26 06:00,6.0,3.6000001430511475,1.05,1.4552721243596678,0.0
2026-09-25,ensamble,gem_global,2026-09-26 00:00,False,zona_costa,2026-09-26 12:00,12.0,5.774999618530273,11.55,3.537074903998515,90.47619047619044
2026-09-25,ensamble,gem_global,2026-09-26 00:00,False,zona_costa,2026-09-26 18:00,18.0,9.600000381469727,21.550000000000004,8.43588421231225,95.23809523809518
2026-09-25,ensamble,gem_global,2026-09-26 00:00,False,zona_costa,2026-09-27 00:00,24.0,6.0,15.475000000000001,6.390646096617999,95.23809523809518
2026-09-25,ensamble,gem_global,2026-09-26 00:00,False,zona_ciudad,2026-09-26 06:00,6.0,2.700000047683716,2.566666666666667,0.4414966059920471,47.619047619047606
2026-09-25,ensamble,gem_global,2026-09-26 00:00,False,zona_ciudad,2026-09-26 12:00,12.0,4.900000095367432,2.433333333333333,1.3176870923463997,19.04761904761904
2026-09-25,ensamble,gem_global,2026-09-26 00:00,False,zona_ciudad,2026-09-26 18:00,18.0,9.0,10.433333333333332,1.4891156219300772,66.66666666666663
2026-09-25,ensamble,gem_global,2026-09-26 00:00,False,zona_ciudad,2026-09-27 00:00,24.0,5.5,10.166666666666666,2.6900225372947,80.95238095238092
2026-09-25,ensamble,gem_global,2026-09-26 00:00,False,zona_interior,2026-09-26 06:00,6.0,0.8999999761581421,1.0999999999999999,0.22108842812968488,71.42857142857139
2026-09-25,ensamble,gem_global,2026-09-26 00:00,False,zona_interior,2026-09-26 12:00,12.0,0.6000000238418579,0.6000000000000001,0.24897959929745261,38.09523809523808
2026-09-25,ensamble,gem_global,2026-09-26 00:00,False,zona_interior,2026-09-26 18:00,18.0,2.700000047683716,1.0,1.0156462885895556,19.04761904761904
2026-09-25,ensamble,gem_global,2026-09-26 00:00,False,zona_interior,2026-09-27 00:00,24.0,4.199999809265137,0.65,2.281292569042603,19.04761904761904
2026-09-25,ensamble,gem_global,2026-09-26 12:00,False,zona_costa,2026-09-26 18:00,6.0,9.75,21.550000000000004,8.276530864395525,99.99999999999994
2026-09-25,ensamble,gem_global,2026-09-26 12:00,False,zona_costa,2026-09-27 00:00,12.0,9.22499942779541,15.475000000000001,3.5887754531133744,85.71428571428568
2026-09-25,ensamble,gem_global,2026-09-26 12:00,False,zona_ciudad,2026-09-26 18:00,6.0,8.800000190734863,10.433333333333332,1.3312924871639327,57.14285714285712
2026-09-25,ensamble,gem_global,2026-09-26 12:00,False,zona_ciudad,2026-09-27 00:00,12.0,9.300000190734863,10.166666666666666,1.4977323473716284,57.14285714285712
2026-09-25,ensamble,gem_global,2026-09-26 12:00,False,zona_interior,2026-09-26 18:00,6.0,2.1000001430511475,1.0,0.8326530789031468,28.571428571428566
2026-09-25,ensamble,gem_global,2026-09-26 12:00,False,zona_interior,2026-09-27 00:00,12.0,3.0,0.65,1.9602040390308764,14.28571428571428
2026-09-25,ensamble,gfs025,2026-09-23 12:00,False,zona_ciudad,2026-09-26 00:00,60.0,2.4000000953674316,1.1333333333333333,0.6837322562881285,9.677419354838712
2026-09-25,ensamble,gfs025,2026-09-23 12:00,False,zona_ciudad,2026-09-26 06:00,66.0,2.0999999046325684,2.566666666666667,0.40239333496133456,64.51612903225806
2026-09-25,ensamble,gfs025,2026-09-23 12:00,False,zona_ciudad,2026-09-26 12:00,72.0,3.0,2.433333333333333,0.4715920745147997,45.16129032258067
2026-09-25,ensamble,gfs025,2026-09-23 12:00,False,zona_ciudad,2026-09-26 18:00,78.0,3.9000000953674316,10.433333333333332,5.83093997410838,100.0
2026-09-25,ensamble,gfs025,2026-09-23 12:00,False,zona_ciudad,2026-09-27 00:00,84.0,2.1000001430511475,10.166666666666666,6.553243103103426,100.0
2026-09-25,ensamble,gfs025,2026-09-23 18:00,False,zona_ciudad,2026-09-26 00:00,54.0,1.7999999523162842,1.1333333333333333,0.3773153024335062,16.12903225806452
2026-09-25,ensamble,gfs025,2026-09-23 18:00,False,zona_ciudad,2026-09-26 06:00,60.0,1.5,2.566666666666667,0.5987859541700817,87.0967741935484
2026-09-25,ensamble,gfs025,2026-09-23 18:00,False,zona_ciudad,2026-09-26 12:00,66.0,1.8000000715255737,2.433333333333333,0.49514394567693376,61.29032258064516
2026-09-25,ensamble,gfs025,2026-09-23 18:00,False,zona_ciudad,2026-09-26 18:00,72.0,3.9000000953674316,10.433333333333332,5.355809834381379,100.0
2026-09-25,ensamble,gfs025,2026-09-23 18:00,False,zona_ciudad,2026-09-27 00:00,78.0,1.5,10.166666666666666,6.705549775954547,96.7741935483871
2026-09-25,ensamble,gfs025,2026-09-24 00:00,False,zona_ciudad,2026-09-26 00:00,48.0,2.1000001430511475,1.1333333333333333,0.5735345353610478,9.677419354838712
2026-09-25,ensamble,gfs025,2026-09-24 00:00,False,zona_ciudad,2026-09-26 06:00,54.0,2.700000047683716,2.566666666666667,0.3002427958383602,48.38709677419357
2026-09-25,ensamble,gfs025,2026-09-24 00:00,False,zona_ciudad,2026-09-26 12:00,60.0,3.0,2.433333333333333,0.7138744472547651,41.93548387096776
2026-09-25,ensamble,gfs025,2026-09-24 00:00,False,zona_ciudad,2026-09-26 18:00,66.0,3.6000001430511475,10.433333333333332,5.051682289201603,96.7741935483871
2026-09-25,ensamble,gfs025,2026-09-24 00:00,False,zona_ciudad,2026-09-27 00:00,72.0,2.1000001430511475,10.166666666666666,6.888830993703121,100.0
2026-09-25,ensamble,gfs025,2026-09-24 06:00,False,zona_costa,2026-09-26 00:00,42.0,2.625,0.35,1.9078044115070503,0.0
2026-09-25,ensamble,gfs025,2026-09-24 06:00,False,zona_costa,2026-09-26 06:00,48.0,2.25,1.05,0.8390479016998679,3.225806451612904
2026-09-25,ensamble,gfs025,2026-09-24 06:00,False,zona_costa,2026-09-26 12:00,54.0,1.7249999046325684,11.55,8.453615966051602,100.0
2026-09-25,ensamble,gfs025,2026-09-24 06:00,False,zona_costa,2026-09-26 18:00,60.0,3.9749999046325684,21.550000000000004,15.444328832626349,100.0
2026-09-25,ensamble,gfs025,2026-09-24 06:00,False,zona_costa,2026-09-27 00:00,66.0,3.5250000953674316,15.475000000000001,10.480593091404529,100.0
2026-09-25,ensamble,gfs025,2026-09-24 06:00,False,zona_ciudad,2026-09-26 00:00,42.0,2.4000000953674316,1.1333333333333333,1.0166146760097698,0.0
2026-09-25,ensamble,gfs025,2026-09-24 06:00,False,zona_ciudad,2026-09-26 06:00,48.0,2.1000001430511475,2.566666666666667,0.30294829623963015,67.74193548387096
2026-09-25,ensamble,gfs025,2026-09-24 06:00,False,zona_ciudad,2026-09-26 12:00,54.0,1.2000000476837158,2.433333333333333,0.7702740106903505,80.64516129032259
2026-09-25,ensamble,gfs025,2026-09-24 06:00,False,zona_ciudad,2026-09-26 18:00,60.0,3.5999996662139893,10.433333333333332,6.0947277464016505,100.0
2026-09-25,ensamble,gfs025,2026-09-24 06:00,False,zona_ciudad,2026-09-27 00:00,66.0,3.0,10.166666666666666,6.088102696692825,100.0
2026-09-25,ensamble,gfs025,2026-09-24 06:00,False,zona_interior,2026-09-26 00:00,42.0,3.0,4.2,0.915920892317512,90.3225806451613
2026-09-25,ensamble,gfs025,2026-09-24 06:00,False,zona_interior,2026-09-26 06:00,48.0,1.5,1.0999999999999999,0.283558809583567,19.35483870967742
2026-09-25,ensamble,gfs025,2026-09-24 06:00,False,zona_interior,2026-09-26 12:00,54.0,0.6000000238418579,0.6000000000000001,0.16108221026538705,41.93548387096776
2026-09-25,ensamble,gfs025,2026-09-24 06:00,False,zona_interior,2026-09-26 18:00,60.0,3.0,1.0,1.390322618380298,9.677419354838712
2026-09-25,ensamble,gfs025,2026-09-24 06:00,False,zona_interior,2026-09-27 00:00,66.0,3.5999999046325684,0.65,2.03241417256652,6.451612903225808
2026-09-25,ensamble,gfs025,2026-09-24 12:00,False,zona_costa,2026-09-26 00:00,36.0,2.625,0.35,1.7297086501344803,0.0
2026-09-25,ensamble,gfs025,2026-09-24 12:00,False,zona_costa,2026-09-26 06:00,42.0,2.4750001430511475,1.05,0.8243756935698185,16.12903225806452
2026-09-25,ensamble,gfs025,2026-09-24 12:00,False,zona_costa,2026-09-26 12:00,48.0,2.325000047683716,11.55,7.27718519546115,100.0
2026-09-25,ensamble,gfs025,2026-09-24 12:00,False,zona_costa,2026-09-26 18:00,54.0,3.5249998569488525,21.550000000000004,16.421748134819463,100.0
2026-09-25,ensamble,gfs025,2026-09-24 12:00,False,zona_costa,2026-09-27 00:00,60.0,2.625,15.475000000000001,11.084183187926973,100.0
2026-09-25,ensamble,gfs025,2026-09-24 12:00,False,zona_ciudad,2026-09-26 00:00,36.0,2.700000047683716,1.1333333333333333,0.9798474276557886,3.225806451612904
2026-09-25,ensamble,gfs025,2026-09-24 12:00,False,zona_ciudad,2026-09-26 06:00,42.0,2.4000000953674316,2.566666666666667,0.2900797648476183,51.61290322580646
2026-09-25,ensamble,gfs025,2026-09-24 12:00,False,zona_ciudad,2026-09-26 12:00,48.0,1.5,2.433333333333333,0.5584460418918173,67.74193548387096
2026-09-25,ensamble,gfs025,2026-09-24 12:00,False,zona_ciudad,2026-09-26 18:00,54.0,3.3000001907348633,10.433333333333332,5.8025320432767495,100.0
2026-09-25,ensamble,gfs025,2026-09-24 12:00,False,zona_ciudad,2026-09-27 00:00,60.0,2.4000000953674316,10.166666666666666,6.160804578177103,96.7741935483871
2026-09-25,ensamble,gfs025,2026-09-24 12:00,False,zona_interior,2026-09-26 00:00,36.0,3.299999952316284,4.2,0.8778355598201621,93.5483870967742
2026-09-25,ensamble,gfs025,2026-09-24 12:00,False,zona_interior,2026-09-26 06:00,42.0,1.5,1.0999999999999999,0.2356919927602008,35.48387096774195
2026-09-25,ensamble,gfs025,2026-09-24 12:00,False,zona_interior,2026-09-26 12:00,48.0,0.6000000238418579,0.6000000000000001,0.33714881093395366,35.48387096774195
2026-09-25,ensamble,gfs025,2026-09-24 12:00,False,zona_interior,2026-09-26 18:00,54.0,3.0,1.0,1.5094693427155346,3.225806451612904
2026-09-25,ensamble,gfs025,2026-09-24 12:00,False,zona_interior,2026-09-27 00:00,60.0,3.0,0.65,2.025650409555584,0.0
2026-09-25,ensamble,gfs025,2026-09-24 18:00,False,zona_costa,2026-09-26 00:00,30.0,2.625,0.35,2.020265372461881,0.0
2026-09-25,ensamble,gfs025,2026-09-24 18:00,False,zona_costa,2026-09-26 06:00,36.0,2.8500001430511475,1.05,1.3915973514225435,0.0
2026-09-25,ensamble,gfs025,2026-09-24 18:00,False,zona_costa,2026-09-26 12:00,42.0,3.750000238418579,11.55,5.894484952126286,100.0
2026-09-25,ensamble,gfs025,2026-09-24 18:00,False,zona_costa,2026-09-26 18:00,48.0,3.5999999046325684,21.550000000000004,16.810796006958892,100.0
2026-09-25,ensamble,gfs025,2026-09-24 18:00,False,zona_costa,2026-09-27 00:00,54.0,2.700000047683716,15.475000000000001,11.564698201365205,100.0
2026-09-25,ensamble,gfs025,2026-09-24 18:00,False,zona_ciudad,2026-09-26 00:00,30.0,2.700000047683716,1.1333333333333333,1.2619841063969515,0.0
2026-09-25,ensamble,gfs025,2026-09-24 18:00,False,zona_ciudad,2026-09-26 06:00,36.0,2.700000047683716,2.566666666666667,0.29823099529830044,45.16129032258067
2026-09-25,ensamble,gfs025,2026-09-24 18:00,False,zona_ciudad,2026-09-26 12:00,42.0,2.4000000953674316,2.433333333333333,0.4168574350929657,54.83870967741936
2026-09-25,ensamble,gfs025,2026-09-24 18:00,False,zona_ciudad,2026-09-26 18:00,48.0,3.5999996662139893,10.433333333333332,5.961741088948395,100.0
2026-09-25,ensamble,gfs025,2026-09-24 18:00,False,zona_ciudad,2026-09-27 00:00,54.0,2.700000047683716,10.166666666666666,6.5370101114134815,100.0
2026-09-25,ensamble,gfs025,2026-09-24 18:00,False,zona_interior,2026-09-26 00:00,30.0,3.0,4.2,0.8069718720637556,96.7741935483871
2026-09-25,ensamble,gfs025,2026-09-24 18:00,False,zona_interior,2026-09-26 06:00,36.0,2.0999999046325684,1.0999999999999999,0.5620187474463162,9.677419354838712
2026-09-25,ensamble,gfs025,2026-09-24 18:00,False,zona_interior,2026-09-26 12:00,42.0,1.5,0.6000000000000001,0.595005223666716,16.12903225806452
2026-09-25,ensamble,gfs025,2026-09-24 18:00,False,zona_interior,2026-09-26 18:00,48.0,3.299999952316284,1.0,1.4220603771437963,3.225806451612904
2026-09-25,ensamble,gfs025,2026-09-24 18:00,False,zona_interior,2026-09-27 00:00,54.0,2.700000047683716,0.65,1.5926639175687942,0.0
2026-09-25,ensamble,gfs025,2026-09-25 00:00,False,zona_costa,2026-09-26 00:00,24.0,2.5500001907348633,0.35,1.7883194826644124,0.0
2026-09-25,ensamble,gfs025,2026-09-25 00:00,False,zona_costa,2026-09-26 06:00,30.0,2.700000047683716,1.05,1.2543185013265943,3.225806451612904
2026-09-25,ensamble,gfs025,2026-09-25 00:00,False,zona_costa,2026-09-26 12:00,36.0,4.574999809265137,11.55,4.822086409996503,93.5483870967742
2026-09-25,ensamble,gfs025,2026-09-25 00:00,False,zona_costa,2026-09-26 18:00,42.0,4.5,21.550000000000004,14.314334095876502,100.0
2026-09-25,ensamble,gfs025,2026-09-25 00:00,False,zona_costa,2026-09-27 00:00,48.0,3.375,15.475000000000001,10.62232036779128,100.0
2026-09-25,ensamble,gfs025,2026-09-25 00:00,False,zona_ciudad,2026-09-26 00:00,24.0,2.700000047683716,1.1333333333333333,1.0793618151019362,0.0
2026-09-25,ensamble,gfs025,2026-09-25 00:00,False,zona_ciudad,2026-09-26 06:00,30.0,2.700000047683716,2.566666666666667,0.19382586977029492,41.93548387096776
2026-09-25,ensamble,gfs025,2026-09-25 00:00,False,zona_ciudad,2026-09-26 12:00,36.0,3.0,2.433333333333333,0.5244189961312999,38.709677419354854
2026-09-25,ensamble,gfs025,2026-09-25 00:00,False,zona_ciudad,2026-09-26 18:00,42.0,4.5,10.433333333333332,4.51231364175093,100.0
2026-09-25,ensamble,gfs025,2026-09-25 00:00,False,zona_ciudad,2026-09-27 00:00,48.0,3.5999996662139893,10.166666666666666,5.750641600315744,100.0
2026-09-25,ensamble,gfs025,2026-09-25 00:00,False,zona_interior,2026-09-26 00:00,24.0,3.0,4.2,1.010509873602567,100.0
2026-09-25,ensamble,gfs025,2026-09-25 00:00,False,zona_interior,2026-09-26 06:00,30.0,1.8000000715255737,1.0999999999999999,0.5121748430795898,12.903225806451616
2026-09-25,ensamble,gfs025,2026-09-25 00:00,False,zona_interior,2026-09-26 12:00,36.0,1.5,0.6000000000000001,0.6864724333030745,12.903225806451616
2026-09-25,ensamble,gfs025,2026-09-25 00:00,False,zona_interior,2026-09-26 18:00,42.0,3.5999999046325684,1.0,1.9082206550919676,0.0
2026-09-25,ensamble,gfs025,2026-09-25 00:00,False,zona_interior,2026-09-27 00:00,48.0,3.9000000953674316,0.65,2.2735172092480416,0.0
2026-09-25,ensamble,gfs025,2026-09-25 06:00,False,zona_costa,2026-09-26 00:00,18.0,3.1500000953674316,0.35,2.316285201984688,0.0
2026-09-25,ensamble,gfs025,2026-09-25 06:00,False,zona_costa,2026-09-26 06:00,24.0,3.6000001430511475,1.05,1.8998179365767403,0.0
2026-09-25,ensamble,gfs025,2026-09-25 06:00,False,zona_costa,2026-09-26 12:00,30.0,5.25,11.55,4.147320473925999,96.7741935483871
2026-09-25,ensamble,gfs025,2026-09-25 06:00,False,zona_costa,2026-09-26 18:00,36.0,4.875,21.550000000000004,14.624557624920108,100.0
2026-09-25,ensamble,gfs025,2026-09-25 06:00,False,zona_costa,2026-09-27 00:00,42.0,3.2249999046325684,15.475000000000001,10.77372529662983,100.0
2026-09-25,ensamble,gfs025,2026-09-25 06:00,False,zona_ciudad,2026-09-26 00:00,18.0,3.0,1.1333333333333333,1.533264012407852,0.0
2026-09-25,ensamble,gfs025,2026-09-25 06:00,False,zona_ciudad,2026-09-26 06:00,24.0,3.3000001907348633,2.566666666666667,0.4572320679720181,25.80645161290323
2026-09-25,ensamble,gfs025,2026-09-25 06:00,False,zona_ciudad,2026-09-26 12:00,30.0,3.3000001907348633,2.433333333333333,0.8674991781869532,9.677419354838712
2026-09-25,ensamble,gfs025,2026-09-25 06:00,False,zona_ciudad,2026-09-26 18:00,36.0,4.5,10.433333333333332,4.567117564958538,93.5483870967742
2026-09-25,ensamble,gfs025,2026-09-25 06:00,False,zona_ciudad,2026-09-27 00:00,42.0,3.299999952316284,10.166666666666666,5.499028829249748,100.0
2026-09-25,ensamble,gfs025,2026-09-25 06:00,False,zona_interior,2026-09-26 00:00,18.0,3.3000001907348633,4.2,0.5119666892705674,83.8709677419355
2026-09-25,ensamble,gfs025,2026-09-25 06:00,False,zona_interior,2026-09-26 06:00,24.0,2.1000001430511475,1.0999999999999999,0.6499479942341626,16.12903225806452
2026-09-25,ensamble,gfs025,2026-09-25 06:00,False,zona_interior,2026-09-26 12:00,30.0,2.4000000953674316,0.6000000000000001,1.2902185686421075,0.0
2026-09-25,ensamble,gfs025,2026-09-25 06:00,False,zona_interior,2026-09-26 18:00,36.0,3.8999998569488525,1.0,2.1670135592074597,0.0
2026-09-25,ensamble,gfs025,2026-09-25 06:00,False,zona_interior,2026-09-27 00:00,42.0,3.5999999046325684,0.65,2.359989624092904,0.0
2026-09-25,ensamble,gfs025,2026-09-25 12:00,False,zona_costa,2026-09-26 00:00,12.0,3.5249998569488525,0.35,2.2460458293789767,0.0
2026-09-25,ensamble,gfs025,2026-09-25 12:00,False,zona_costa,2026-09-26 06:00,18.0,3.6000001430511475,1.05,1.9152706038567335,0.0
2026-09-25,ensamble,gfs025,2026-09-25 12:00,False,zona_costa,2026-09-26 12:00,24.0,5.175000190734863,11.55,4.977861597485896,100.0
2026-09-25,ensamble,gfs025,2026-09-25 12:00,False,zona_costa,2026-09-26 18:00,30.0,4.050000190734863,21.550000000000004,16.008272605855318,100.0
2026-09-25,ensamble,gfs025,2026-09-25 12:00,False,zona_costa,2026-09-27 00:00,36.0,3.8249998092651367,15.475000000000001,10.399505744094535,100.0
2026-09-25,ensamble,gfs025,2026-09-25 12:00,False,zona_ciudad,2026-09-26 00:00,12.0,3.0,1.1333333333333333,1.3180021033574842,6.451612903225808
2026-09-25,ensamble,gfs025,2026-09-25 12:00,False,zona_ciudad,2026-09-26 06:00,18.0,3.0,2.566666666666667,0.35858483629593874,25.80645161290323
2026-09-25,ensamble,gfs025,2026-09-25 12:00,False,zona_ciudad,2026-09-26 12:00,24.0,3.5999996662139893,2.433333333333333,0.8205688517167261,19.35483870967742
2026-09-25,ensamble,gfs025,2026-09-25 12:00,False,zona_ciudad,2026-09-26 18:00,30.0,4.200000286102295,10.433333333333332,5.226812373157015,96.7741935483871
2026-09-25,ensamble,gfs025,2026-09-25 12:00,False,zona_ciudad,2026-09-27 00:00,36.0,4.199999809265137,10.166666666666666,4.890600167170938,100.0
2026-09-25,ensamble,gfs025,2026-09-25 12:00,False,zona_interior,2026-09-26 00:00,12.0,3.299999952316284,4.2,0.5825181923845434,87.0967741935484
2026-09-25,ensamble,gfs025,2026-09-25 12:00,False,zona_interior,2026-09-26 06:00,18.0,2.4000000953674316,1.0999999999999999,0.8806452006752856,6.451612903225808
2026-09-25,ensamble,gfs025,2026-09-25 12:00,False,zona_interior,2026-09-26 12:00,24.0,2.700000047683716,0.6000000000000001,1.5614984657216149,0.0
2026-09-25,ensamble,gfs025,2026-09-25 12:00,False,zona_interior,2026-09-26 18:00,30.0,3.3000001907348633,1.0,1.9450572871764913,0.0
2026-09-25,ensamble,gfs025,2026-09-25 12:00,False,zona_interior,2026-09-27 00:00,36.0,4.5,0.65,2.979968802961177,0.0
2026-09-25,ensamble,gfs025,2026-09-25 18:00,False,zona_costa,2026-09-26 00:00,6.0,4.049999713897705,0.35,2.846748189449807,0.0
2026-09-25,ensamble,gfs025,2026-09-25 18:00,False,zona_costa,2026-09-26 06:00,12.0,5.025000095367432,1.05,3.047684725514312,0.0
2026-09-25,ensamble,gfs025,2026-09-25 18:00,False,zona_costa,2026-09-26 12:00,18.0,4.724999904632568,11.55,5.31001557661269,100.0
2026-09-25,ensamble,gfs025,2026-09-25 18:00,False,zona_costa,2026-09-26 18:00,24.0,5.40000057220459,21.550000000000004,13.81173256599693,100.0
2026-09-25,ensamble,gfs025,2026-09-25 18:00,False,zona_costa,2026-09-27 00:00,30.0,4.349999904632568,15.475000000000001,8.266102885765788,100.0
2026-09-25,ensamble,gfs025,2026-09-25 18:00,False,zona_ciudad,2026-09-26 00:00,6.0,3.0,1.1333333333333333,1.3081859852512643,0.0
2026-09-25,ensamble,gfs025,2026-09-25 18:00,False,zona_ciudad,2026-09-26 06:00,12.0,4.200000286102295,2.566666666666667,1.1262920429671015,12.903225806451616
2026-09-25,ensamble,gfs025,2026-09-25 18:00,False,zona_ciudad,2026-09-26 12:00,18.0,3.5999996662139893,2.433333333333333,0.7369060109648239,19.35483870967742
2026-09-25,ensamble,gfs025,2026-09-25 18:00,False,zona_ciudad,2026-09-26 18:00,24.0,4.200000286102295,10.433333333333332,3.9155393223195194,90.3225806451613
2026-09-25,ensamble,gfs025,2026-09-25 18:00,False,zona_ciudad,2026-09-27 00:00,30.0,4.800000190734863,10.166666666666666,3.66115160673557,90.3225806451613
2026-09-25,ensamble,gfs025,2026-09-25 18:00,False,zona_interior,2026-09-26 00:00,6.0,3.3000001907348633,4.2,0.5865764545972589,90.3225806451613
2026-09-25,ensamble,gfs025,2026-09-25 18:00,False,zona_interior,2026-09-26 06:00,12.0,2.700000047683716,1.0999999999999999,1.1438085973821002,6.451612903225808
2026-09-25,ensamble,gfs025,2026-09-25 18:00,False,zona_interior,2026-09-26 12:00,18.0,2.4000000953674316,0.6000000000000001,1.2015608981050137,0.0
2026-09-25,ensamble,gfs025,2026-09-25 18:00,False,zona_interior,2026-09-26 18:00,24.0,3.5999999046325684,1.0,1.8110302043506932,3.225806451612904
2026-09-25,ensamble,gfs025,2026-09-25 18:00,False,zona_interior,2026-09-27 00:00,30.0,5.400000095367432,0.65,3.2410509946318995,3.225806451612904
2026-09-25,ensamble,gfs025,2026-09-26 00:00,False,zona_costa,2026-09-26 06:00,6.0,4.050000190734863,1.05,2.303459958107241,0.0
2026-09-25,ensamble,gfs025,2026-09-26 00:00,False,zona_costa,2026-09-26 12:00,12.0,4.5,11.55,5.323673231122895,96.7741935483871
2026-09-25,ensamble,gfs025,2026-09-26 00:00,False,zona_costa,2026-09-26 18:00,18.0,8.024999618530273,21.550000000000004,10.882284175394485,100.0
2026-09-25,ensamble,gfs025,2026-09-26 00:00,False,zona_costa,2026-09-27 00:00,24.0,5.849999904632568,15.475000000000001,7.095525461081787,100.0
2026-09-25,ensamble,gfs025,2026-09-26 00:00,False,zona_ciudad,2026-09-26 06:00,6.0,3.299999952316284,2.566666666666667,0.46798475526332683,29.032258064516135
2026-09-25,ensamble,gfs025,2026-09-26 00:00,False,zona_ciudad,2026-09-26 12:00,12.0,3.3000001907348633,2.433333333333333,0.5354491862910016,29.032258064516135
2026-09-25,ensamble,gfs025,2026-09-26 00:00,False,zona_ciudad,2026-09-26 18:00,18.0,6.3000006675720215,10.433333333333332,2.5429065617843505,90.3225806451613
2026-09-25,ensamble,gfs025,2026-09-26 00:00,False,zona_ciudad,2026-09-27 00:00,24.0,6.600000381469727,10.166666666666666,2.2647589400043673,87.0967741935484
2026-09-25,ensamble,gfs025,2026-09-26 00:00,False,zona_interior,2026-09-26 06:00,6.0,2.1000001430511475,1.0999999999999999,0.5937565236012226,16.12903225806452
2026-09-25,ensamble,gfs025,2026-09-26 00:00,False,zona_interior,2026-09-26 12:00,12.0,1.8000000715255737,0.6000000000000001,0.7907388379000724,9.677419354838712
2026-09-25,ensamble,gfs025,2026-09-26 00:00,False,zona_interior,2026-09-26 18:00,18.0,4.5,1.0,2.7251821226681683,0.0
2026-09-25,ensamble,gfs025,2026-09-26 00:00,False,zona_interior,2026-09-27 00:00,24.0,6.300000190734863,0.65,4.556139482891149,0.0
2026-09-25,ensamble,gfs025,2026-09-26 06:00,False,zona_costa,2026-09-26 12:00,6.0,4.875,11.55,5.820031243655736,100.0
2026-09-25,ensamble,gfs025,2026-09-26 06:00,False,zona_costa,2026-09-26 18:00,12.0,6.75,21.550000000000004,13.216025007924731,100.0
2026-09-25,ensamble,gfs025,2026-09-26 06:00,False,zona_costa,2026-09-27 00:00,18.0,7.199999809265137,15.475000000000001,5.02643079787462,90.3225806451613
2026-09-25,ensamble,gfs025,2026-09-26 06:00,False,zona_ciudad,2026-09-26 12:00,6.0,3.3000001907348633,2.433333333333333,0.7337148853817046,25.80645161290323
2026-09-25,ensamble,gfs025,2026-09-26 06:00,False,zona_ciudad,2026-09-26 18:00,12.0,6.599999904632568,10.433333333333332,2.4988901412532516,90.3225806451613
2026-09-25,ensamble,gfs025,2026-09-26 06:00,False,zona_ciudad,2026-09-27 00:00,18.0,7.8000006675720215,10.166666666666666,1.5179674016738813,80.64516129032259
2026-09-25,ensamble,gfs025,2026-09-26 06:00,False,zona_interior,2026-09-26 12:00,6.0,2.4000000953674316,0.6000000000000001,1.3411030582409127,3.225806451612904
2026-09-25,ensamble,gfs025,2026-09-26 06:00,False,zona_interior,2026-09-26 18:00,12.0,4.800000190734863,1.0,3.0180021379294195,0.0
2026-09-25,ensamble,gfs025,2026-09-26 06:00,False,zona_interior,2026-09-27 00:00,18.0,6.899999618530273,0.65,4.507752336125964,0.0
2026-09-25,ensamble,gfs025,2026-09-26 12:00,False,zona_costa,2026-09-26 18:00,6.0,8.774999618530273,21.550000000000004,10.359781581628589,100.0
2026-09-25,ensamble,gfs025,2026-09-26 12:00,False,zona_costa,2026-09-27 00:00,12.0,10.725000381469727,15.475000000000001,3.0726845710012105,80.64516129032259
2026-09-25,ensamble,gfs025,2026-09-26 12:00,False,zona_ciudad,2026-09-26 18:00,6.0,6.900000095367432,10.433333333333332,2.258758308082829,87.0967741935484
2026-09-25,ensamble,gfs025,2026-09-26 12:00,False,zona_ciudad,2026-09-27 00:00,12.0,7.8000006675720215,10.166666666666666,1.3636835845774584,74.19354838709677
2026-09-25,ensamble,gfs025,2026-09-26 12:00,False,zona_interior,2026-09-26 18:00,6.0,4.5,1.0,2.5842872302316366,3.225806451612904
2026-09-25,ensamble,gfs025,2026-09-26 12:00,False,zona_interior,2026-09-27 00:00,12.0,6.0,0.65,4.287044769370469,0.0
2026-09-25,ensamble,gfs025,2026-09-26 18:00,False,zona_costa,2026-09-27 00:00,6.0,6.300000190734863,15.475000000000001,7.335275660295519,100.0
2026-09-25,ensamble,gfs025,2026-09-26 18:00,False,zona_ciudad,2026-09-27 00:00,6.0,5.400000095367432,10.166666666666666,2.846756808674256,96.7741935483871
2026-09-25,ensamble,gfs025,2026-09-26 18:00,False,zona_interior,2026-09-27 00:00,6.0,4.800000190734863,0.65,3.561862691607362,0.0
2026-09-25,ensamble,icon_global,2026-09-23 12:00,False,zona_ciudad,2026-09-26 00:00,60.0,1.7999999523162842,1.1333333333333333,0.551979173372189,37.500000000000014
2026-09-25,ensamble,icon_global,2026-09-23 12:00,False,zona_ciudad,2026-09-26 06:00,66.0,0.6000000238418579,2.566666666666667,1.1512708239754041,67.50000000000001
2026-09-25,ensamble,icon_global,2026-09-23 12:00,False,zona_ciudad,2026-09-26 12:00,72.0,1.0500000715255737,2.433333333333333,0.8752916531885659,67.50000000000001
2026-09-25,ensamble,icon_global,2026-09-23 12:00,False,zona_ciudad,2026-09-26 18:00,78.0,3.0,10.433333333333332,4.723791562269131,90.00000000000001
2026-09-25,ensamble,icon_global,2026-09-23 12:00,False,zona_ciudad,2026-09-27 00:00,84.0,2.700000047683716,10.166666666666666,4.784208265741665,90.00000000000001
2026-09-25,ensamble,icon_global,2026-09-24 00:00,False,zona_ciudad,2026-09-26 00:00,48.0,1.7999999523162842,1.1333333333333333,0.5723958301994327,40.0
2026-09-25,ensamble,icon_global,2026-09-24 00:00,False,zona_ciudad,2026-09-26 06:00,54.0,1.350000023841858,2.566666666666667,0.8269791612649957,70.00000000000001
2026-09-25,ensamble,icon_global,2026-09-24 00:00,False,zona_ciudad,2026-09-26 12:00,60.0,1.0500000715255737,2.433333333333333,0.9091874885931608,72.50000000000001
2026-09-25,ensamble,icon_global,2026-09-24 00:00,False,zona_ciudad,2026-09-26 18:00,66.0,3.299999952316284,10.433333333333332,4.69266669484476,90.00000000000001
2026-09-25,ensamble,icon_global,2026-09-24 00:00,False,zona_ciudad,2026-09-27 00:00,72.0,2.25,10.166666666666666,4.6000833373268435,90.00000000000001
2026-09-25,ensamble,icon_global,2026-09-24 12:00,False,zona_costa,2026-09-26 00:00,36.0,2.3375000953674316,0.35,1.2435000008903443,10.0
2026-09-25,ensamble,icon_global,2026-09-24 12:00,False,zona_costa,2026-09-26 06:00,42.0,1.875,1.05,0.9958281238283959,37.500000000000014
2026-09-25,ensamble,icon_global,2026-09-24 12:00,False,zona_costa,2026-09-26 12:00,48.0,3.9749999046325684,11.55,4.4411094781756395,90.00000000000001
2026-09-25,ensamble,icon_global,2026-09-24 12:00,False,zona_costa,2026-09-26 18:00,54.0,6.037500381469727,21.550000000000004,12.545499888844791,100.0
2026-09-25,ensamble,icon_global,2026-09-24 12:00,False,zona_costa,2026-09-27 00:00,60.0,2.5875000953674316,15.475000000000001,10.133406186653303,100.0
2026-09-25,ensamble,icon_global,2026-09-24 12:00,False,zona_ciudad,2026-09-26 00:00,36.0,1.0499999523162842,1.1333333333333333,0.4486666609641785,52.500000000000014
2026-09-25,ensamble,icon_global,2026-09-24 12:00,False,zona_ciudad,2026-09-26 06:00,42.0,1.2000000476837158,2.566666666666667,0.7423749842122198,65.00000000000001
2026-09-25,ensamble,icon_global,2026-09-24 12:00,False,zona_ciudad,2026-09-26 12:00,48.0,1.7000000476837158,2.433333333333333,0.7933124911459164,57.500000000000014
2026-09-25,ensamble,icon_global,2026-09-24 12:00,False,zona_ciudad,2026-09-26 18:00,54.0,4.349999904632568,10.433333333333332,4.141500051580368,95.00000000000001
2026-09-25,ensamble,icon_global,2026-09-24 12:00,False,zona_ciudad,2026-09-27 00:00,60.0,1.7999999523162842,10.166666666666666,5.779708315034707,97.50000000000001
2026-09-25,ensamble,icon_global,2026-09-24 12:00,False,zona_interior,2026-09-26 00:00,36.0,0.30000001192092896,4.2,2.8279374790610747,100.0
2026-09-25,ensamble,icon_global,2026-09-24 12:00,False,zona_interior,2026-09-26 06:00,42.0,0.25,1.0999999999999999,0.4837499945098533,85.00000000000001
2026-09-25,ensamble,icon_global,2026-09-24 12:00,False,zona_interior,2026-09-26 12:00,48.0,0.75,0.6000000000000001,0.4783750070724636,42.50000000000001
2026-09-25,ensamble,icon_global,2026-09-24 12:00,False,zona_interior,2026-09-26 18:00,54.0,2.700000047683716,1.0,0.8963125100731846,32.50000000000001
2026-09-25,ensamble,icon_global,2026-09-24 12:00,False,zona_interior,2026-09-27 00:00,60.0,1.0500000715255737,0.65,0.7035625062137842,45.00000000000001
2026-09-25,ensamble,icon_global,2026-09-25 00:00,False,zona_costa,2026-09-26 00:00,24.0,2.9625000953674316,0.35,1.473203115053475,2.5
2026-09-25,ensamble,icon_global,2026-09-25 00:00,False,zona_costa,2026-09-26 06:00,30.0,2.575000047683716,1.05,1.2623125028423967,10.0
2026-09-25,ensamble,icon_global,2026-09-25 00:00,False,zona_costa,2026-09-26 12:00,36.0,7.287499904632568,11.55,2.7977655557263637,80.0
2026-09-25,ensamble,icon_global,2026-09-25 00:00,False,zona_costa,2026-09-26 18:00,42.0,7.137499809265137,21.550000000000004,10.734843781031671,97.50000000000001
2026-09-25,ensamble,icon_global,2026-09-25 00:00,False,zona_costa,2026-09-27 00:00,48.0,2.862499952316284,15.475000000000001,10.52237503784709,100.0
2026-09-25,ensamble,icon_global,2026-09-25 00:00,False,zona_ciudad,2026-09-26 00:00,24.0,1.600000023841858,1.1333333333333333,0.39550000598188495,42.50000000000001
2026-09-25,ensamble,icon_global,2026-09-25 00:00,False,zona_ciudad,2026-09-26 06:00,30.0,2.049999952316284,2.566666666666667,0.49508330996924377,60.00000000000001
2026-09-25,ensamble,icon_global,2026-09-25 00:00,False,zona_ciudad,2026-09-26 12:00,36.0,3.5999999046325684,2.433333333333333,1.1000000159488992,20.0
2026-09-25,ensamble,icon_global,2026-09-25 00:00,False,zona_ciudad,2026-09-26 18:00,42.0,6.25,10.433333333333332,2.4917916120837114,82.5
2026-09-25,ensamble,icon_global,2026-09-25 00:00,False,zona_ciudad,2026-09-27 00:00,48.0,3.25,10.166666666666666,5.472125040888786,95.00000000000001
2026-09-25,ensamble,icon_global,2026-09-25 00:00,False,zona_interior,2026-09-26 00:00,24.0,0.7000000476837158,4.2,2.6333124916767705,100.0
2026-09-25,ensamble,icon_global,2026-09-25 00:00,False,zona_interior,2026-09-26 06:00,30.0,0.3500000238418579,1.0999999999999999,0.39231249937321977,70.00000000000001
2026-09-25,ensamble,icon_global,2026-09-25 00:00,False,zona_interior,2026-09-26 12:00,36.0,2.0,0.6000000000000001,0.9701250273222102,17.5
2026-09-25,ensamble,icon_global,2026-09-25 00:00,False,zona_interior,2026-09-26 18:00,42.0,3.8499999046325684,1.0,1.9236874887719746,13.750000000000002
2026-09-25,ensamble,icon_global,2026-09-25 00:00,False,zona_interior,2026-09-27 00:00,48.0,2.0,0.65,0.9107500176364554,12.5
2026-09-25,ensamble,icon_global,2026-09-25 12:00,False,zona_costa,2026-09-26 00:00,12.0,4.524999618530273,0.35,2.766296845171601,0.0
2026-09-25,ensamble,icon_global,2026-09-25 12:00,False,zona_costa,2026-09-26 06:00,18.0,4.637499809265137,1.05,2.6915156284719703,2.5
2026-09-25,ensamble,icon_global,2026-09-25 12:00,False,zona_costa,2026-09-26 12:00,24.0,9.387500762939453,11.55,1.3918280675262213,65.00000000000001
2026-09-25,ensamble,icon_global,2026-09-25 12:00,False,zona_costa,2026-09-26 18:00,30.0,7.875,21.550000000000004,11.203875109627848,100.0
2026-09-25,ensamble,icon_global,2026-09-25 12:00,False,zona_costa,2026-09-27 00:00,36.0,1.9124999046325684,15.475000000000001,10.971140578449706,100.0
2026-09-25,ensamble,icon_global,2026-09-25 12:00,False,zona_ciudad,2026-09-26 00:00,12.0,3.049999713897705,1.1333333333333333,1.0065000233892354,20.0
2026-09-25,ensamble,icon_global,2026-09-25 12:00,False,zona_ciudad,2026-09-26 06:00,18.0,2.950000286102295,2.566666666666667,0.5103333412700644,45.00000000000001
2026-09-25,ensamble,icon_global,2026-09-25 12:00,False,zona_ciudad,2026-09-26 12:00,24.0,6.449999809265137,2.433333333333333,2.5230833092456053,10.0
2026-09-25,ensamble,icon_global,2026-09-25 12:00,False,zona_ciudad,2026-09-26 18:00,30.0,7.299999237060547,10.433333333333332,1.9506875811284397,87.50000000000001
2026-09-25,ensamble,icon_global,2026-09-25 12:00,False,zona_ciudad,2026-09-27 00:00,36.0,2.200000047683716,10.166666666666666,6.031541598873833,100.0
2026-09-25,ensamble,icon_global,2026-09-25 12:00,False,zona_interior,2026-09-26 00:00,12.0,1.0,4.2,2.4778124702163042,100.0
2026-09-25,ensamble,icon_global,2026-09-25 12:00,False,zona_interior,2026-09-26 06:00,18.0,0.4000000059604645,1.0999999999999999,0.36999999982770515,77.50000000000003
2026-09-25,ensamble,icon_global,2026-09-25 12:00,False,zona_interior,2026-09-26 12:00,24.0,4.0,0.6000000000000001,2.1934375010058287,5.0
2026-09-25,ensamble,icon_global,2026-09-25 12:00,False,zona_interior,2026-09-26 18:00,30.0,4.699999809265137,1.0,2.569374999217688,5.0
2026-09-25,ensamble,icon_global,2026-09-25 12:00,False,zona_interior,2026-09-27 00:00,36.0,2.0999999046325684,0.65,0.9013750041183082,32.50000000000001
2026-09-25,ensamble,icon_global,2026-09-26 00:00,False,zona_costa,2026-09-26 06:00,6.0,5.537500381469727,1.05,3.848390648514033,0.0
2026-09-25,ensamble,icon_global,2026-09-26 00:00,False,zona_costa,2026-09-26 12:00,12.0,7.9375,11.55,2.092046923190355,82.5
2026-09-25,ensamble,icon_global,2026-09-26 00:00,False,zona_costa,2026-09-26 18:00,18.0,11.162500381469727,21.550000000000004,6.996656318157915,95.00000000000001
2026-09-25,ensamble,icon_global,2026-09-26 00:00,False,zona_costa,2026-09-27 00:00,24.0,6.175000190734863,15.475000000000001,6.728046946316027,95.00000000000001
2026-09-25,ensamble,icon_global,2026-09-26 00:00,False,zona_ciudad,2026-09-26 06:00,6.0,3.5,2.566666666666667,0.6701250016689297,20.0
2026-09-25,ensamble,icon_global,2026-09-26 00:00,False,zona_ciudad,2026-09-26 12:00,12.0,4.900000095367432,2.433333333333333,1.5422500243177635,12.5
2026-09-25,ensamble,icon_global,2026-09-26 00:00,False,zona_ciudad,2026-09-26 18:00,18.0,8.550000190734863,10.433333333333332,1.2351249830424775,65.00000000000001
2026-09-25,ensamble,icon_global,2026-09-26 00:00,False,zona_ciudad,2026-09-27 00:00,24.0,7.75,10.166666666666666,1.7273541399107,77.50000000000003
2026-09-25,ensamble,icon_global,2026-09-26 00:00,False,zona_interior,2026-09-26 06:00,6.0,0.550000011920929,1.0999999999999999,0.3746250039339064,62.500000000000014
2026-09-25,ensamble,icon_global,2026-09-26 00:00,False,zona_interior,2026-09-26 12:00,12.0,2.4000000953674316,0.6000000000000001,1.3933750037802382,10.0
2026-09-25,ensamble,icon_global,2026-09-26 00:00,False,zona_interior,2026-09-26 18:00,18.0,4.949999809265137,1.0,3.1453750206530087,2.5
2026-09-25,ensamble,icon_global,2026-09-26 00:00,False,zona_interior,2026-09-27 00:00,24.0,7.149999618530273,0.65,4.46950000054203,5.0
2026-09-25,ensamble,icon_global,2026-09-26 12:00,False,zona_costa,2026-09-26 18:00,6.0,7.599999904632568,21.550000000000004,12.123140504658227,100.0
2026-09-25,ensamble,icon_global,2026-09-26 12:00,False,zona_costa,2026-09-27 00:00,12.0,7.475000381469727,15.475000000000001,5.897843711152674,100.0
2026-09-25,ensamble,icon_global,2026-09-26 12:00,False,zona_ciudad,2026-09-26 18:00,6.0,5.400000095367432,10.433333333333332,3.6553124856948838,95.00000000000001
2026-09-25,ensamble,icon_global,2026-09-26 12:00,False,zona_ciudad,2026-09-27 00:00,12.0,6.949999809265137,10.166666666666666,1.9748749896138902,80.0
2026-09-25,ensamble,icon_global,2026-09-26 12:00,False,zona_interior,2026-09-26 18:00,6.0,3.049999952316284,1.0,1.2165625207126138,15.0
2026-09-25,ensamble,icon_global,2026-09-26 12:00,False,zona_interior,2026-09-27 00:00,12.0,5.149999618530273,0.65,3.615625026598572,0.0
2026-09-25,ensamble,super,2026-09-23 12:00,False,zona_ciudad,2026-09-26 00:00,60.0,1.7999999523162842,1.1333333333333333,0.4672515337914296,28.74339251829764
2026-09-25,ensamble,super,2026-09-23 12:00,False,zona_ciudad,2026-09-26 06:00,66.0,1.2790766901670974,2.566666666666667,0.7711944755831728,72.8928910273787
2026-09-25,ensamble,super,2026-09-23 12:00,False,zona_ciudad,2026-09-26 12:00,72.0,1.5,2.433333333333333,0.7500362053421987,61.60934535104363
2026-09-25,ensamble,super,2026-09-23 12:00,False,zona_ciudad,2026-09-26 18:00,78.0,3.052053489181642,10.433333333333332,4.526129022643303,88.3263305322129
2026-09-25,ensamble,super,2026-09-23 12:00,False,zona_ciudad,2026-09-27 00:00,84.0,2.5341013499668703,10.166666666666666,4.564631863308382,92.35181169241889
2026-09-25,ensamble,super,2026-09-24 00:00,False,zona_costa,2026-09-26 00:00,48.0,3.3000001907348633,0.35,2.510791711176039,1.5873015873015872
2026-09-25,ensamble,super,2026-09-24 00:00,False,zona_costa,2026-09-26 06:00,54.0,2.7749999765735054,1.05,1.5707137207857902,10.599078341013826
2026-09-25,ensamble,super,2026-09-24 00:00,False,zona_costa,2026-09-26 12:00,60.0,3.877534657579428,11.55,4.619462932369789,86.08776844070962
2026-09-25,ensamble,super,2026-09-24 00:00,False,zona_costa,2026-09-26 18:00,66.0,4.949579642266454,21.550000000000004,12.149135806557842,98.69281045751634
2026-09-25,ensamble,super,2026-09-24 00:00,False,zona_costa,2026-09-27 00:00,72.0,3.6000001430511475,15.475000000000001,8.89513693251445,98.69281045751634
2026-09-25,ensamble,super,2026-09-24 00:00,False,zona_ciudad,2026-09-26 00:00,48.0,2.4000000953674316,1.1333333333333333,0.8636254833075445,16.442577030812327
2026-09-25,ensamble,super,2026-09-24 00:00,False,zona_ciudad,2026-09-26 06:00,54.0,1.8000000715255737,2.566666666666667,0.605259807434994,67.55873317068765
2026-09-25,ensamble,super,2026-09-24 00:00,False,zona_ciudad,2026-09-26 12:00,60.0,1.5,2.433333333333333,0.7237803032498857,63.916542423420985
2026-09-25,ensamble,super,2026-09-24 00:00,False,zona_ciudad,2026-09-26 18:00,66.0,3.6000001430511475,10.433333333333332,4.686746731089832,94.34873949579831
2026-09-25,ensamble,super,2026-09-24 00:00,False,zona_ciudad,2026-09-27 00:00,72.0,3.0,10.166666666666666,4.941125205407852,94.34873949579831
2026-09-25,ensamble,super,2026-09-24 00:00,False,zona_interior,2026-09-26 00:00,48.0,2.0999999046325684,4.2,1.417030465350258,89.02442697509112
2026-09-25,ensamble,super,2026-09-24 00:00,False,zona_interior,2026-09-26 06:00,54.0,1.2000000476837158,1.0999999999999999,0.3531713815207773,45.76066985934158
2026-09-25,ensamble,super,2026-09-24 00:00,False,zona_interior,2026-09-26 12:00,60.0,0.9000000334782883,0.6000000000000001,0.5433689280647638,35.5471220746363
2026-09-25,ensamble,super,2026-09-24 00:00,False,zona_interior,2026-09-26 18:00,66.0,3.2447004219354145,1.0,1.3322499498372111,21.43308936477817
2026-09-25,ensamble,super,2026-09-24 00:00,False,zona_interior,2026-09-27 00:00,72.0,3.0,0.65,1.4592762362275031,11.114123068582273
2026-09-25,ensamble,super,2026-09-24 12:00,False,zona_costa,2026-09-26 00:00,36.0,3.5999999671769896,0.35,2.3007032650606716,4.880952380952381
2026-09-25,ensamble,super,2026-09-24 12:00,False,zona_costa,2026-09-26 06:00,42.0,3.450000047683716,1.05,1.4908582862448214,13.436624649859946
2026-09-25,ensamble,super,2026-09-24 12:00,False,zona_costa,2026-09-26 12:00,48.0,4.724999619299366,11.55,4.247844313512527,88.74649859943979
2026-09-25,ensamble,super,2026-09-24 12:00,False,zona_costa,2026-09-26 18:00,54.0,5.374606898952933,21.550000000000004,12.258862593622935,99.50980392156863
2026-09-25,ensamble,super,2026-09-24 12:00,False,zona_costa,2026-09-27 00:00,60.0,4.20000026320764,15.475000000000001,7.8277904796915845,96.42857142857143
2026-09-25,ensamble,super,2026-09-24 12:00,False,zona_ciudad,2026-09-26 00:00,36.0,2.700000047683716,1.1333333333333333,1.0381827388554787,18.867296918767508
2026-09-25,ensamble,super,2026-09-24 12:00,False,zona_ciudad,2026-09-26 06:00,42.0,2.4000000953674316,2.566666666666667,0.3848286390803243,57.932479443390264
2026-09-25,ensamble,super,2026-09-24 12:00,False,zona_ciudad,2026-09-26 12:00,48.0,2.5379461225341373,2.433333333333333,0.6370860645537779,48.95302475829041
2026-09-25,ensamble,super,2026-09-24 12:00,False,zona_ciudad,2026-09-26 18:00,54.0,3.8686347676258523,10.433333333333332,4.160925073251503,96.29901960784315
2026-09-25,ensamble,super,2026-09-24 12:00,False,zona_ciudad,2026-09-27 00:00,60.0,3.299999952316284,10.166666666666666,4.402015843869296,91.95203081232492
2026-09-25,ensamble,super,2026-09-24 12:00,False,zona_interior,2026-09-26 00:00,36.0,2.0,4.2,1.5477831740021935,94.0815035691696
2026-09-25,ensamble,super,2026-09-24 12:00,False,zona_interior,2026-09-26 06:00,42.0,0.6748486462109765,1.0999999999999999,0.34626005558513284,58.053108340110235
2026-09-25,ensamble,super,2026-09-24 12:00,False,zona_interior,2026-09-26 12:00,48.0,0.9000000357627869,0.6000000000000001,0.4367628494825181,33.004597000090364
2026-09-25,ensamble,super,2026-09-24 12:00,False,zona_interior,2026-09-26 18:00,54.0,3.2999999575649355,1.0,1.327335005962486,20.2059614168248
2026-09-25,ensamble,super,2026-09-24 12:00,False,zona_interior,2026-09-27 00:00,60.0,3.0,0.65,1.361013056942331,19.863445378151265
2026-09-25,ensamble,super,2026-09-25 00:00,False,zona_costa,2026-09-26 00:00,24.0,3.6778111313910076,0.35,2.505028279941523,0.6250000000000001
2026-09-25,ensamble,super,2026-09-25 00:00,False,zona_costa,2026-09-26 06:00,30.0,3.5200893779595708,1.05,1.7667102850887284,9.25883256528418
2026-09-25,ensamble,super,2026-09-25 00:00,False,zona_costa,2026-09-26 12:00,36.0,6.300000190734863,11.55,3.28605678245572,85.33387548567815
2026-09-25,ensamble,super,2026-09-25 00:00,False,zona_costa,2026-09-26 18:00,42.0,7.490929155146194,21.550000000000004,9.974928245491233,95.73354341736696
2026-09-25,ensamble,super,2026-09-25 00:00,False,zona_costa,2026-09-27 00:00,48.0,4.0499999375095195,15.475000000000001,8.201314862641409,99.01960784313727
2026-09-25,ensamble,super,2026-09-25 00:00,False,zona_ciudad,2026-09-26 00:00,24.0,2.700000047683716,1.1333333333333333,1.0713700517056837,11.115196078431374
2026-09-25,ensamble,super,2026-09-25 00:00,False,zona_ciudad,2026-09-26 06:00,30.0,2.4000000953674316,2.566666666666667,0.4058201343328207,52.23457124785398
2026-09-25,ensamble,super,2026-09-25 00:00,False,zona_ciudad,2026-09-26 12:00,36.0,3.299999952316284,2.433333333333333,0.7013003126047948,35.26565464895634
2026-09-25,ensamble,super,2026-09-25 00:00,False,zona_ciudad,2026-09-26 18:00,42.0,5.274810861272317,10.433333333333332,2.852724349517792,84.07037815126051
2026-09-25,ensamble,super,2026-09-25 00:00,False,zona_ciudad,2026-09-27 00:00,48.0,3.700000047683716,10.166666666666666,4.273937454690786,93.70798319327731
2026-09-25,ensamble,super,2026-09-25 00:00,False,zona_interior,2026-09-26 00:00,24.0,1.8000000715255737,4.2,1.6246975822813836,95.58823529411764
2026-09-25,ensamble,super,2026-09-25 00:00,False,zona_interior,2026-09-26 06:00,30.0,1.0055796525456213,1.0999999999999999,0.3209916901227543,50.277627179904215
2026-09-25,ensamble,super,2026-09-25 00:00,False,zona_interior,2026-09-26 12:00,36.0,1.5,0.6000000000000001,0.6201881489161543,19.43554034517033
2026-09-25,ensamble,super,2026-09-25 00:00,False,zona_interior,2026-09-26 18:00,42.0,3.5999999046325684,1.0,1.7848172584144666,11.840861344537819
2026-09-25,ensamble,super,2026-09-25 00:00,False,zona_interior,2026-09-27 00:00,48.0,3.5999999046325684,0.65,1.7376460276469654,9.567577030812327
2026-09-25,ensamble,super,2026-09-25 12:00,False,zona_costa,2026-09-26 00:00,12.0,4.435626532710055,0.35,2.929506974097498,1.1904761904761907
2026-09-25,ensamble,super,2026-09-25 12:00,False,zona_costa,2026-09-26 06:00,18.0,4.972792599832312,1.05,2.736833354547604,1.8154761904761907
2026-09-25,ensamble,super,2026-09-25 12:00,False,zona_costa,2026-09-26 12:00,24.0,6.5293302777483975,11.55,2.956008634995122,83.686974789916
2026-09-25,ensamble,super,2026-09-25 12:00,False,zona_costa,2026-09-26 18:00,30.0,6.9408296062164965,21.550000000000004,11.202240648119918,99.50980392156863
2026-09-25,ensamble,super,2026-09-25 12:00,False,zona_costa,2026-09-27 00:00,36.0,4.590229225374456,15.475000000000001,7.710803343336627,98.8095238095238
2026-09-25,ensamble,super,2026-09-25 12:00,False,zona_ciudad,2026-09-26 00:00,12.0,3.0,1.1333333333333333,1.191103409740035,10.74229691876751
2026-09-25,ensamble,super,2026-09-25 12:00,False,zona_ciudad,2026-09-26 06:00,18.0,3.0,2.566666666666667,0.5382189172965623,40.246114574862204
2026-09-25,ensamble,super,2026-09-25 12:00,False,zona_ciudad,2026-09-26 12:00,24.0,3.1606784533051897,2.433333333333333,0.7926815220919725,31.988569621396934
2026-09-25,ensamble,super,2026-09-25 12:00,False,zona_ciudad,2026-09-26 18:00,30.0,4.800000190734863,10.433333333333332,3.5168765569783584,89.69374039938556
2026-09-25,ensamble,super,2026-09-25 12:00,False,zona_ciudad,2026-09-27 00:00,36.0,3.7559896667300268,10.166666666666666,4.177858778632489,93.23890846661244
2026-09-25,ensamble,super,2026-09-25 12:00,False,zona_interior,2026-09-26 00:00,12.0,1.8000000715255737,4.2,1.4998585371100872,93.23890846661244
2026-09-25,ensamble,super,2026-09-25 12:00,False,zona_interior,2026-09-26 06:00,18.0,1.2000000476837158,1.0999999999999999,0.37951857197033023,45.63776316978403
2026-09-25,ensamble,super,2026-09-25 12:00,False,zona_interior,2026-09-26 12:00,24.0,1.5,0.6000000000000001,0.7140494629957745,23.028711484593842
2026-09-25,ensamble,super,2026-09-25 12:00,False,zona_interior,2026-09-26 18:00,30.0,3.3000001907348633,1.0,1.5512022900183102,13.050849372006871
2026-09-25,ensamble,super,2026-09-25 12:00,False,zona_interior,2026-09-27 00:00,36.0,3.3000001907348633,0.65,1.7101499321343987,19.645737327188947
2026-09-25,ensamble,super,2026-09-26 00:00,False,zona_costa,2026-09-26 12:00,12.0,6.871090719924158,11.55,2.968517145161898,90.30287114845942
2026-09-25,ensamble,super,2026-09-26 00:00,False,zona_costa,2026-09-26 18:00,18.0,9.435364141217118,21.550000000000004,9.098562445655844,97.55952380952381
2026-09-25,ensamble,super,2026-09-26 00:00,False,zona_costa,2026-09-27 00:00,24.0,7.425000190734863,15.475000000000001,5.331568993032798,94.15977681395138
2026-09-25,ensamble,super,2026-09-26 00:00,False,zona_ciudad,2026-09-26 12:00,12.0,3.5999996662139893,2.433333333333333,0.8375020009846659,23.65224315532665
2026-09-25,ensamble,super,2026-09-26 00:00,False,zona_ciudad,2026-09-26 18:00,18.0,6.599999904632568,10.433333333333332,2.1326459246842666,80.49731182795699
2026-09-25,ensamble,super,2026-09-26 00:00,False,zona_ciudad,2026-09-27 00:00,24.0,7.5,10.166666666666666,1.835250693716314,79.38222869793081
2026-09-25,ensamble,super,2026-09-26 00:00,False,zona_interior,2026-09-26 12:00,12.0,2.0999999046325684,0.6000000000000001,0.8555816167824278,12.830261136712753
2026-09-25,ensamble,super,2026-09-26 00:00,False,zona_interior,2026-09-26 18:00,18.0,4.300000190734863,1.0,2.189373931521725,5.386904761904762
2026-09-25,ensamble,super,2026-09-26 00:00,False,zona_interior,2026-09-27 00:00,24.0,6.0,0.65,3.710257658816993,6.502100840336135
2026-09-25,ensamble,super,2026-09-26 12:00,False,zona_costa,2026-09-27 00:00,12.0,8.925000190734863,15.475000000000001,3.9415388547197434,91.03641456582633
2026-09-25,ensamble,super,2026-09-26 12:00,False,zona_ciudad,2026-09-27 00:00,12.0,7.5,10.166666666666666,1.440785104684088,68.77338031986989
2026-09-25,ensamble,super,2026-09-26 12:00,False,zona_interior,2026-09-27 00:00,12.0,5.699999809265137,0.65,3.714928196755318,3.571428571428572
